{
"type": "FeatureCollection",
"name": "Tabriz_bs",
"crs": { "type": "name", "properties": { "name": "urn:ogc:def:crs:OGC:1.3:CRS84" } },
"features": [
{ "type": "Feature", "properties": { "fid": 1, "Code_Bs": "25", "Area": 5.272, "Name_Bs": "درياچه اروميه" }, "geometry": { "type": "MultiPolygon", "coordinates": [ [ [ [ 46.985117425000055, 36.756136667000078 ], [ 46.988583700000049, 36.755058015000031 ], [ 46.992678761000036, 36.752093976000026 ], [ 46.994416279000063, 36.749705075000065 ], [ 46.994416164000029, 36.74970511600003 ], [ 46.993938074000027, 36.749873641000079 ], [ 46.988837039000032, 36.753456181000047 ], [ 46.984720589000062, 36.755652066000039 ], [ 46.982299616000034, 36.75542880100005 ], [ 46.979445984000051, 36.754173909000031 ], [ 46.974887165000041, 36.753384413000049 ], [ 46.969039415000054, 36.753952304000052 ], [ 46.965758400000027, 36.754811468000071 ], [ 46.969090582000035, 36.754616187000067 ], [ 46.969090664000078, 36.754616190000036 ], [ 46.974298392000037, 36.755379351000045 ], [ 46.974298473000033, 36.755379366000057 ], [ 46.97770728100005, 36.756174484000042 ], [ 46.981757507000054, 36.756485620000035 ], [ 46.981757590000029, 36.756485619000046 ], [ 46.98511734300007, 36.756136669000057 ], [ 46.985117425000055, 36.756136667000078 ] ] ], [ [ [ 46.947619011000029, 36.784767640000041 ], [ 46.950061007000045, 36.780811352000057 ], [ 46.952361847000077, 36.775496328000031 ], [ 46.954422869000041, 36.76907656700007 ], [ 46.955989041000066, 36.764025913000069 ], [ 46.95706928900006, 36.760689 ], [ 46.958799301000056, 36.757936255000061 ], [ 46.96108421100007, 36.756195093000031 ], [ 46.964547500000037, 36.755028717000073 ], [ 46.964547405000076, 36.755028717000073 ], [ 46.96322559500004, 36.755033106000042 ], [ 46.958098712000037, 36.754475419000073 ], [ 46.954255533000037, 36.754371878000029 ], [ 46.948996832000034, 36.755767343000059 ], [ 46.944169219000059, 36.757966731000067 ], [ 46.940627698000071, 36.761309919000041 ], [ 46.938786612000058, 36.763156128000048 ], [ 46.936505814000043, 36.762587140000051 ], [ 46.934216894000031, 36.760181775000035 ], [ 46.931357373000026, 36.757663950000051 ], [ 46.929649915000027, 36.757669129000078 ], [ 46.928230841000072, 36.758593476000044 ], [ 46.92625466700008, 36.762043804000029 ], [ 46.923853615000041, 36.765843480000058 ], [ 46.922168452000051, 36.770674832000054 ], [ 46.919057943000041, 36.775166383000055 ], [ 46.91480309700006, 36.77851131400007 ], [ 46.907697318000032, 36.781288958000061 ], [ 46.899869897000031, 36.782000138000058 ], [ 46.888761841000075, 36.781570940000051 ], [ 46.883777253000062, 36.781239898000024 ], [ 46.876947441000027, 36.781947283000079 ], [ 46.872841423000068, 36.787589051000054 ], [ 46.87130036800005, 36.793568902000061 ], [ 46.871465413000067, 36.799084739000079 ], [ 46.87220975200006, 36.80678169600003 ], [ 46.873946260000025, 36.813214653000045 ], [ 46.876548538000065, 36.822286083000051 ], [ 46.879431589000035, 36.830208305000042 ], [ 46.883029573000044, 36.838587807000067 ], [ 46.886487468000041, 36.847311908000052 ], [ 46.889942499000028, 36.855348672000048 ], [ 46.892827688000068, 36.863040625000053 ], [ 46.892845505000025, 36.863122636000071 ], [ 46.89284557700006, 36.863122966000049 ], [ 46.892928088000076, 36.860747408000066 ], [ 46.894132711000054, 36.85800170300007 ], [ 46.896708640000043, 36.854981733000045 ], [ 46.901880940000069, 36.849790803000076 ], [ 46.904332866000061, 36.846089903000063 ], [ 46.907251520000045, 36.839828458000056 ], [ 46.909275500000035, 36.835963072000027 ], [ 46.911634301000049, 36.832775022000078 ], [ 46.914528175000044, 36.829835186000025 ], [ 46.91765596700003, 36.827741007000043 ], [ 46.920056035000073, 36.826255633000073 ], [ 46.922450284000035, 36.824513428000046 ], [ 46.924095608000073, 36.822528676000047 ], [ 46.925205616000028, 36.820295695000027 ], [ 46.925894038000081, 36.81815741500003 ], [ 46.926363779000042, 36.815765796000051 ], [ 46.926511254000047, 36.813208146000079 ], [ 46.926966745000072, 36.810221879000039 ], [ 46.927527191000081, 36.807231655000066 ], [ 46.928308360000074, 36.804580352000073 ], [ 46.92929450400004, 36.801668838000069 ], [ 46.930292020000081, 36.799185263000027 ], [ 46.93150941600004, 36.797036105000075 ], [ 46.93284531900008, 36.795396512000025 ], [ 46.934615465000036, 36.794175716000041 ], [ 46.93702058100007, 36.792944553000041 ], [ 46.940050597000038, 36.791277269000034 ], [ 46.942346250000071, 36.789878786000031 ], [ 46.944943870000031, 36.787878192000051 ], [ 46.947619011000029, 36.784767640000041 ] ] ], [ [ [ 46.895277828000076, 36.874331206000079 ], [ 46.894758897000031, 36.872216587000025 ], [ 46.894759058000034, 36.87221758000004 ], [ 46.895600467000065, 36.877397315000053 ], [ 46.895614676000037, 36.877454432000036 ], [ 46.895614821000038, 36.877455016000056 ], [ 46.895277828000076, 36.874331206000079 ] ] ], [ [ [ 46.86365199100004, 37.018492529000071 ], [ 46.865813772000081, 37.017063777000033 ], [ 46.866790689000027, 37.015876709000054 ], [ 46.867938923000054, 37.014170937000074 ], [ 46.868706228000065, 37.011885304000032 ], [ 46.868921525000076, 37.009461901000066 ], [ 46.868865865000032, 37.007189227000026 ], [ 46.868456987000059, 37.00543586100008 ], [ 46.868144805000043, 37.003901792000079 ], [ 46.868210937000072, 37.002873258000079 ], [ 46.868451378000032, 37.00147694900005 ], [ 46.86867716900008, 37.000601376000077 ], [ 46.869305858000075, 36.998827160000076 ], [ 46.869847296000046, 36.996932639000079 ], [ 46.87049748700008, 36.994662357000038 ], [ 46.870973004000064, 36.992487209000046 ], [ 46.871571009000036, 36.990497149000078 ], [ 46.872177561000058, 36.988885502000073 ], [ 46.873190383000065, 36.98703309900003 ], [ 46.874447992000057, 36.985600437000073 ], [ 46.87624055200007, 36.984393646000058 ], [ 46.877520042000071, 36.98385515700005 ], [ 46.87926169800005, 36.982980359000067 ], [ 46.880405350000046, 36.98168914200005 ], [ 46.881143488000077, 36.980640938000079 ], [ 46.881707768000069, 36.979690123000069 ], [ 46.883136600000057, 36.978065380000032 ], [ 46.884869890000061, 36.976859402000059 ], [ 46.886443261000068, 36.976316151000049 ], [ 46.888313482000058, 36.975910106000072 ], [ 46.890013235000026, 36.97574110100004 ], [ 46.890013316000079, 36.975741092000078 ], [ 46.892120956000042, 36.975425857000062 ], [ 46.89380863100007, 36.974738731000059 ], [ 46.894890615000065, 36.973353724000049 ], [ 46.89478379600007, 36.971424373000048 ], [ 46.89422614800003, 36.970254812000064 ], [ 46.893010528000048, 36.968624808000072 ], [ 46.891555248000031, 36.966811589000031 ], [ 46.890214420000063, 36.964854571000046 ], [ 46.889099851000026, 36.96256270400005 ], [ 46.888339470000062, 36.960312510000051 ], [ 46.88792675600007, 36.957869758000072 ], [ 46.887944069000071, 36.955415659000039 ], [ 46.888210341000047, 36.952867468000079 ], [ 46.888779215000056, 36.950551056000052 ], [ 46.888852199000041, 36.949186658000031 ], [ 46.888472720000038, 36.946723095000038 ], [ 46.887348279000037, 36.944188004000068 ], [ 46.886757021000051, 36.941727799000034 ], [ 46.886696136000069, 36.939259163000031 ], [ 46.886223471000051, 36.93730856600007 ], [ 46.885441453000055, 36.935703125000032 ], [ 46.884609204000071, 36.934535614000026 ], [ 46.883689454000034, 36.933518202000073 ], [ 46.883129838000059, 36.93233508700007 ], [ 46.883098410000059, 36.931057969000051 ], [ 46.883590986000058, 36.929517917000055 ], [ 46.884732300000053, 36.928479065000033 ], [ 46.886830929000041, 36.92750836600004 ], [ 46.88914765700008, 36.926791036000054 ], [ 46.891674741000031, 36.925984686000049 ], [ 46.893979424000065, 36.924755957000059 ], [ 46.895432579000044, 36.923455155000056 ], [ 46.89635759600003, 36.922248396000043 ], [ 46.897066541000072, 36.920873831000051 ], [ 46.897450758000048, 36.919249830000069 ], [ 46.897830773000067, 36.917456897000079 ], [ 46.898095691000037, 36.915323303000037 ], [ 46.898481985000046, 36.913784889000056 ], [ 46.899135589000025, 36.91241795600007 ], [ 46.900206782000055, 36.910607201000062 ], [ 46.901954708000062, 36.90836648700008 ], [ 46.902865320000046, 36.906562786000052 ], [ 46.903454785000065, 36.904680853000059 ], [ 46.903183822000074, 36.902301210000076 ], [ 46.90205536700006, 36.899595053000041 ], [ 46.901662804000068, 36.899129158000051 ], [ 46.901662848000058, 36.899129305000031 ], [ 46.902557737000052, 36.902085911000029 ], [ 46.900006724000036, 36.905540490000078 ], [ 46.896595966000064, 36.908193055000027 ], [ 46.891474895000044, 36.910965161000036 ], [ 46.887342758000045, 36.911896167000066 ], [ 46.881787977000045, 36.913518810000028 ], [ 46.874381853000045, 36.91595232700007 ], [ 46.867971281000052, 36.917806404000032 ], [ 46.863129885000035, 36.919658063000043 ], [ 46.855298469000047, 36.923009660000048 ], [ 46.849466610000036, 36.927161091000073 ], [ 46.845627701000069, 36.930388970000024 ], [ 46.842218497000033, 36.934074241000076 ], [ 46.83966502700008, 36.937872346000063 ], [ 46.836545121000029, 36.942936505000034 ], [ 46.83456540800006, 36.947536814000046 ], [ 46.83315671400004, 36.952482043000032 ], [ 46.831612931000052, 36.959380696000039 ], [ 46.831921009000041, 36.965356200000031 ], [ 46.832797480000067, 36.970640173000049 ], [ 46.834818828000039, 36.976841557000057 ], [ 46.838696319000064, 36.983038940000029 ], [ 46.842858172000035, 36.988659433000066 ], [ 46.848021381000081, 36.994507531000068 ], [ 46.851320521000048, 36.998408362000077 ], [ 46.850224714000035, 36.999128477000056 ], [ 46.849806092000051, 37.00036980200008 ], [ 46.847572741000079, 37.004059419000043 ], [ 46.845353619000036, 37.008783028000039 ], [ 46.842451575000041, 37.015806534000035 ], [ 46.841645715000027, 37.017560414000059 ], [ 46.841645693000032, 37.017560463000052 ], [ 46.841939490000073, 37.017436846000066 ], [ 46.844402160000072, 37.017105664000042 ], [ 46.846880701000032, 37.017434377000029 ], [ 46.846880783000074, 37.017434384000069 ], [ 46.848361968000063, 37.018143631000044 ], [ 46.849848533000056, 37.019073596000055 ], [ 46.851516672000059, 37.019928603000039 ], [ 46.853087488000028, 37.020564291000028 ], [ 46.854650025000069, 37.020832784000049 ], [ 46.854650107000055, 37.020832794000057 ], [ 46.856299684000078, 37.020953449000046 ], [ 46.856299763000038, 37.02095345400005 ], [ 46.858030721000034, 37.020633431000078 ], [ 46.859485972000073, 37.020243347000076 ], [ 46.861119518000066, 37.019703986000025 ], [ 46.86365199100004, 37.018492529000071 ] ] ], [ [ [ 46.833095211000057, 37.030187683000065 ], [ 46.834398035000049, 37.027684454000052 ], [ 46.834397865000028, 37.02768461800008 ], [ 46.828131150000047, 37.033700537000072 ], [ 46.821065297000075, 37.039257651000071 ], [ 46.818011532000071, 37.04147008800004 ], [ 46.820236468000076, 37.041248752000058 ], [ 46.820236550000061, 37.041248750000079 ], [ 46.822693248000064, 37.040749101000074 ], [ 46.824476444000027, 37.039915013000041 ], [ 46.826346443000034, 37.038746077000042 ], [ 46.828511889000026, 37.036684767000054 ], [ 46.830814648000057, 37.033733508000068 ], [ 46.833095211000057, 37.030187683000065 ] ] ], [ [ [ 46.136868348000064, 38.468060345000026 ], [ 46.142927200000031, 38.467888737000067 ], [ 46.148707071000047, 38.46828729300006 ], [ 46.154369237000026, 38.46866870000008 ], [ 46.159790431000033, 38.467957290000072 ], [ 46.16482878100004, 38.465631828000028 ], [ 46.168888007000078, 38.461959654000054 ], [ 46.172501747000069, 38.458183658000053 ], [ 46.175884243000041, 38.455320061000066 ], [ 46.180496903000062, 38.452890058000037 ], [ 46.185818277000067, 38.451813480000055 ], [ 46.191617288000032, 38.451132826000048 ], [ 46.197147242000028, 38.451644188000046 ], [ 46.203407048000031, 38.452711027000078 ], [ 46.210548402000029, 38.454313634000073 ], [ 46.216895652000062, 38.455401374000076 ], [ 46.223162437000042, 38.456845573000066 ], [ 46.226292397000066, 38.457380588000035 ], [ 46.230385934000026, 38.458090143000049 ], [ 46.233048961000065, 38.459382359000074 ], [ 46.235741064000081, 38.462372914000071 ], [ 46.239237193000065, 38.470261770000036 ], [ 46.24265058900005, 38.473244523000062 ], [ 46.246267771000078, 38.474147813000059 ], [ 46.25010293400004, 38.473728452000046 ], [ 46.25471411500007, 38.471250499000064 ], [ 46.258034241000075, 38.469899181000073 ], [ 46.262512135000065, 38.469256231000031 ], [ 46.267238590000034, 38.470457814000042 ], [ 46.271697646000064, 38.472986823000042 ], [ 46.275527025000031, 38.477414966000026 ], [ 46.280236587000047, 38.480414026000062 ], [ 46.28518963700003, 38.48249553900007 ], [ 46.288370167000039, 38.483690683000077 ], [ 46.292723789000036, 38.484241983000061 ], [ 46.297247137000056, 38.483984700000065 ], [ 46.300895605000051, 38.482894376000047 ], [ 46.303149434000034, 38.481278768000038 ], [ 46.304143632000034, 38.479032818000064 ], [ 46.303677490000041, 38.475032336000027 ], [ 46.303606174000038, 38.47107251500006 ], [ 46.304755684000042, 38.468230059000064 ], [ 46.307021986000052, 38.466501592000043 ], [ 46.312393049000036, 38.46568906400006 ], [ 46.319145821000063, 38.467311903000052 ], [ 46.325300178000077, 38.468828477000045 ], [ 46.326761118000036, 38.469307577000052 ], [ 46.328750326000034, 38.469956394000064 ], [ 46.331215293000071, 38.470761980000077 ], [ 46.337018785000055, 38.472957792000045 ], [ 46.345954171000074, 38.475685095000074 ], [ 46.35415266800004, 38.47747852100008 ], [ 46.359682010000029, 38.477792947000069 ], [ 46.365907033000042, 38.476774298000066 ], [ 46.370217965000052, 38.476160719000063 ], [ 46.375718482000082, 38.47496078100005 ], [ 46.382175830000051, 38.473564560000057 ], [ 46.387926859000061, 38.472933328000067 ], [ 46.393494778000047, 38.473439450000058 ], [ 46.398766891000037, 38.47468778700005 ], [ 46.405292634000034, 38.476876075000064 ], [ 46.41276900400004, 38.478484804000061 ], [ 46.420488577000071, 38.480274841000039 ], [ 46.429886162000059, 38.481859153000073 ], [ 46.437965938000048, 38.481291627000076 ], [ 46.446400509000057, 38.479015989000061 ], [ 46.453534911000077, 38.475530324000033 ], [ 46.462547734000054, 38.469948141000032 ], [ 46.470846377000044, 38.464752722000071 ], [ 46.478191134000042, 38.459942738000052 ], [ 46.486712561000047, 38.453986425000039 ], [ 46.493807590000074, 38.448804661000054 ], [ 46.500080396000044, 38.443736634000061 ], [ 46.501863693000075, 38.443222659000071 ], [ 46.504238369000063, 38.442840742000044 ], [ 46.505542441000046, 38.442598702000055 ], [ 46.507601934000036, 38.442180216000054 ], [ 46.510449729000072, 38.441377555000031 ], [ 46.516502848000073, 38.439379905000067 ], [ 46.522494515000062, 38.437234052000065 ], [ 46.527146960000039, 38.435537912000029 ], [ 46.532317796000029, 38.433749200000079 ], [ 46.537169391000077, 38.431640036000033 ], [ 46.540349759000037, 38.429304840000043 ], [ 46.543315737000057, 38.426729074000036 ], [ 46.544707456000026, 38.423597262000044 ], [ 46.547652091000032, 38.42003941400003 ], [ 46.552064674000064, 38.41694867800004 ], [ 46.555783523000059, 38.41550708300008 ], [ 46.56243470000004, 38.41484635200004 ], [ 46.566065407000053, 38.41414455000006 ], [ 46.571129950000056, 38.412355557000069 ], [ 46.575667994000071, 38.410330118000047 ], [ 46.578549443000043, 38.408732350000037 ], [ 46.581040724000047, 38.406973064000056 ], [ 46.582280657000069, 38.405965064000043 ], [ 46.584250316000066, 38.404942683000058 ], [ 46.585967155000048, 38.404504931000076 ], [ 46.587757318000058, 38.404377057000033 ], [ 46.589620829000069, 38.404559056000039 ], [ 46.591364989000056, 38.405368944000031 ], [ 46.592326614000058, 38.406820246000052 ], [ 46.593312318000073, 38.409366104000071 ], [ 46.594378407000079, 38.412537155000052 ], [ 46.595371103000048, 38.415393793000078 ], [ 46.596043591000068, 38.41703373100006 ], [ 46.598386586000061, 38.420700992000036 ], [ 46.60119542700005, 38.424411399000064 ], [ 46.605128, 38.42757467000007 ], [ 46.611568372000079, 38.43105928500006 ], [ 46.616423524000027, 38.434745650000025 ], [ 46.622442462000038, 38.439663775000042 ], [ 46.62620241500008, 38.442044715000065 ], [ 46.630742563000069, 38.444905794000078 ], [ 46.634090383000057, 38.447850917000039 ], [ 46.63632485200003, 38.450545663000071 ], [ 46.63908839700008, 38.452115553000056 ], [ 46.641726193000068, 38.452587754000035 ], [ 46.645471672000042, 38.45291818100003 ], [ 46.650008717000048, 38.452498410000032 ], [ 46.652654719000054, 38.451537444000053 ], [ 46.656773222000027, 38.450078 ], [ 46.660799795000059, 38.448552130000053 ], [ 46.666932903000031, 38.447077267000054 ], [ 46.674188066000056, 38.446257397000068 ], [ 46.679852396000058, 38.445464409000067 ], [ 46.687813733000041, 38.445705915000076 ], [ 46.694057023000028, 38.446282628000063 ], [ 46.700688159000038, 38.44690293900004 ], [ 46.703218082000035, 38.446830135000027 ], [ 46.706187941000053, 38.446462508000025 ], [ 46.709979019000059, 38.446087326000054 ], [ 46.712958391000029, 38.446124897000061 ], [ 46.716361316000075, 38.446719391000045 ], [ 46.719162073000064, 38.447890337000047 ], [ 46.721443816000033, 38.44882553900004 ], [ 46.725343698000074, 38.448687059000065 ], [ 46.72860984600004, 38.447832395000034 ], [ 46.731858470000077, 38.446247988000039 ], [ 46.734891892000064, 38.444265677000033 ], [ 46.737207140000066, 38.442293941000059 ], [ 46.73969022700004, 38.438787751000064 ], [ 46.741726021000034, 38.433751738000069 ], [ 46.742124804000071, 38.428983347000042 ], [ 46.741739560000042, 38.425763035000045 ], [ 46.740203635000057, 38.421667699000068 ], [ 46.738262958000064, 38.417821649000075 ], [ 46.738079450000043, 38.414436121000051 ], [ 46.741371364000031, 38.410431278000033 ], [ 46.74556745600006, 38.40748972800003 ], [ 46.751197008000076, 38.40479244800008 ], [ 46.755438554000079, 38.403611580000074 ], [ 46.760879739000075, 38.402971237000031 ], [ 46.766590041000029, 38.403628717000061 ], [ 46.772769675000063, 38.404098592000025 ], [ 46.777740886000061, 38.40364930800007 ], [ 46.78128434000007, 38.403032289000066 ], [ 46.78385623500003, 38.401501798000027 ], [ 46.78525176100004, 38.400363146000075 ], [ 46.786610430000053, 38.397729169000058 ], [ 46.787690945000065, 38.393423321000057 ], [ 46.788551452000036, 38.389864250000073 ], [ 46.78936834600006, 38.38572911600005 ], [ 46.78890027500006, 38.38145589700008 ], [ 46.787261765000039, 38.378723438000065 ], [ 46.785015114000032, 38.37581098000004 ], [ 46.783627182000032, 38.373453124000036 ], [ 46.783348191000073, 38.371938963000048 ], [ 46.784256658000061, 38.36954614900003 ], [ 46.786040766000042, 38.368379044000051 ], [ 46.788691133000043, 38.368054771000061 ], [ 46.792333963000033, 38.368756072000053 ], [ 46.795357047000039, 38.368808928000078 ], [ 46.801373309000041, 38.367765925000072 ], [ 46.805822121000062, 38.366841393000072 ], [ 46.81220531200006, 38.365981420000026 ], [ 46.816685215000064, 38.366768142000069 ], [ 46.819335655000032, 38.368083229000035 ], [ 46.821023465000053, 38.369462777000081 ], [ 46.821896331000062, 38.37129201700003 ], [ 46.822846148000053, 38.37344896500008 ], [ 46.824883576000047, 38.37503928700005 ], [ 46.82724488000008, 38.375763948000042 ], [ 46.829609861000051, 38.37569551200005 ], [ 46.831692374000056, 38.374554599000078 ], [ 46.833976358000029, 38.372243538000077 ], [ 46.836405045000049, 38.370200504000024 ], [ 46.839381478000064, 38.368040691000033 ], [ 46.842765557000064, 38.365658124000049 ], [ 46.845513943000071, 38.364222643000062 ], [ 46.848395900000071, 38.363514902000077 ], [ 46.851785263000068, 38.363745258000051 ], [ 46.854459266000049, 38.364982577000035 ], [ 46.856514522000055, 38.367225379000047 ], [ 46.858799479000027, 38.370388152000032 ], [ 46.860609650000072, 38.373301595000044 ], [ 46.862521024000046, 38.375803388000065 ], [ 46.864707218000035, 38.377773620000028 ], [ 46.867225746000031, 38.379251909000061 ], [ 46.870014161000029, 38.380509568000036 ], [ 46.872925934000079, 38.38122001000005 ], [ 46.87748294000005, 38.381579630000033 ], [ 46.88508749500005, 38.381146668000042 ], [ 46.891441865000047, 38.380544161000046 ], [ 46.899020738000047, 38.37804264600004 ], [ 46.904848422000043, 38.37556912000008 ], [ 46.910064833000035, 38.374105511000039 ], [ 46.917058697000073, 38.37361284800005 ], [ 46.924413865000076, 38.374744854000028 ], [ 46.931280006000065, 38.376096217000054 ], [ 46.936730392000072, 38.376799251000079 ], [ 46.94261950300006, 38.376701780000076 ], [ 46.947241649000034, 38.376368254000056 ], [ 46.952666132000047, 38.374665008000079 ], [ 46.95807331900005, 38.371055952000063 ], [ 46.962937002000047, 38.366784427000027 ], [ 46.967832100000066, 38.362399536000055 ], [ 46.97254947700003, 38.358787885000027 ], [ 46.979191761000038, 38.357171057000073 ], [ 46.990490340000065, 38.356979725000031 ], [ 46.998930391000044, 38.357088400000066 ], [ 47.00651055700007, 38.356517337000071 ], [ 47.016101713000069, 38.355271426000058 ], [ 47.024781377000068, 38.353513335000059 ], [ 47.032518118000041, 38.351248319000035 ], [ 47.038982111000053, 38.349009448000061 ], [ 47.04765522100007, 38.346100881000041 ], [ 47.056338312000037, 38.343569966000075 ], [ 47.06599688700004, 38.341769138000075 ], [ 47.074096244000032, 38.341125997000063 ], [ 47.082693687000074, 38.341225866000059 ], [ 47.090510601000062, 38.34183463100004 ], [ 47.105818938000027, 38.342813141000079 ], [ 47.116043921000028, 38.344133830000033 ], [ 47.126435866000065, 38.345698393000077 ], [ 47.137623871000073, 38.347252018000063 ], [ 47.145929631000058, 38.34822661000004 ], [ 47.151502039000036, 38.348250609000047 ], [ 47.158642434000058, 38.347493066000027 ], [ 47.16574898600004, 38.345604850000029 ], [ 47.173317765000036, 38.343212040000026 ], [ 47.181203918000051, 38.34080833400003 ], [ 47.186730591000071, 38.339331205000065 ], [ 47.192965370000081, 38.338295621000043 ], [ 47.19907700400006, 38.337095316000045 ], [ 47.206166220000057, 38.334704891000058 ], [ 47.213732424000057, 38.33230954000004 ], [ 47.222589698000036, 38.330510978000063 ], [ 47.232881708000036, 38.328815088000056 ], [ 47.240617188000044, 38.326788738000062 ], [ 47.250694518000046, 38.323338293000063 ], [ 47.259799921000081, 38.319950782000035 ], [ 47.270202533000031, 38.316195050000033 ], [ 47.282336438000073, 38.312454272000025 ], [ 47.293507506000026, 38.30847878700007 ], [ 47.300121425000043, 38.306344329000069 ], [ 47.306790775000081, 38.304663452000057 ], [ 47.312458915000036, 38.304096751000031 ], [ 47.317529520000051, 38.304451672000027 ], [ 47.321131220000041, 38.305122961000052 ], [ 47.325022481000076, 38.303244562000032 ], [ 47.328843549000055, 38.295482600000071 ], [ 47.332864116000053, 38.289554730000077 ], [ 47.339464540000051, 38.282885964000059 ], [ 47.348710999000048, 38.277664149000032 ], [ 47.356132030000026, 38.274316486000032 ], [ 47.364439917000027, 38.271635294000077 ], [ 47.368593279000038, 38.270294491000072 ], [ 47.370899627000028, 38.270022619000031 ], [ 47.377790943000036, 38.263584640000033 ], [ 47.38279478100003, 38.256945844000029 ], [ 47.384950681000078, 38.251738910000029 ], [ 47.384987049000074, 38.248178954000025 ], [ 47.384987850000073, 38.247088645000076 ], [ 47.385254867000071, 38.245362176000071 ], [ 47.385687787000052, 38.244100887000059 ], [ 47.386268127000051, 38.242498696000041 ], [ 47.386848472000054, 38.241009137000049 ], [ 47.387283832000037, 38.239977564000071 ], [ 47.38800953100008, 38.238259773000038 ], [ 47.389170843000045, 38.23665475100006 ], [ 47.389460944000064, 38.235396356000024 ], [ 47.389759538000078, 38.235490264000077 ], [ 47.390187464000064, 38.235624844000029 ], [ 47.391368429000067, 38.235821537000049 ], [ 47.392948488000059, 38.236082162000059 ], [ 47.394838392000054, 38.236426548000054 ], [ 47.398325982000074, 38.236999558000036 ], [ 47.402540401000067, 38.237571094000032 ], [ 47.405157002000067, 38.238148219000038 ], [ 47.407772785000077, 38.23837388700008 ], [ 47.411987894000049, 38.239521749000062 ], [ 47.416784299000028, 38.240324088000079 ], [ 47.418382780000059, 38.240552451000042 ], [ 47.421580453000047, 38.241009097000074 ], [ 47.425940277000052, 38.241581290000056 ], [ 47.429137580000031, 38.241807965000078 ], [ 47.433643, 38.242268727000067 ], [ 47.439457581000056, 38.243184161000045 ], [ 47.444690187000049, 38.243755519000047 ], [ 47.447306635000075, 38.244097422000038 ], [ 47.451085341000066, 38.244324879000033 ], [ 47.455300497000053, 38.244894491000025 ], [ 47.458206838000081, 38.244892184000037 ], [ 47.462712573000033, 38.245351816000039 ], [ 47.466927017000046, 38.245348852000063 ], [ 47.469397709000077, 38.245346419000043 ], [ 47.474631154000065, 38.245803784000032 ], [ 47.478990202000034, 38.245684703000052 ], [ 47.482622623000054, 38.245909726000036 ], [ 47.485674341000049, 38.246025302000078 ], [ 47.488290759000051, 38.246023887000035 ], [ 47.490972149000072, 38.246093087000077 ], [ 47.490161800000067, 38.243578371000069 ], [ 47.489606208000055, 38.241170840000052 ], [ 47.489491936000036, 38.239537856000027 ], [ 47.489784621000069, 38.237882717000048 ], [ 47.490755471000057, 38.235659032000058 ], [ 47.491723127000057, 38.233552544000077 ], [ 47.492662211000038, 38.23180257100006 ], [ 47.493641914000079, 38.22831719900006 ], [ 47.493367202000059, 38.225290994000034 ], [ 47.492208885000025, 38.222017750000077 ], [ 47.488586945000065, 38.218107471000053 ], [ 47.485695621000048, 38.215141220000078 ], [ 47.483840982000061, 38.211882633000073 ], [ 47.483187299000065, 38.208044451000035 ], [ 47.483776060000025, 38.204306116000055 ], [ 47.485134683000069, 38.198654746000045 ], [ 47.486232501000075, 38.195054288000051 ], [ 47.488229771000078, 38.192263724000043 ], [ 47.491328357000043, 38.191098687000078 ], [ 47.495683635000034, 38.191006138000034 ], [ 47.500783228000046, 38.192271679000044 ], [ 47.506264, 38.194492983000032 ], [ 47.511962206000078, 38.197943815000031 ], [ 47.517286723000041, 38.200744610000072 ], [ 47.523670018000075, 38.202346516000034 ], [ 47.53111038600008, 38.202069107000057 ], [ 47.538008328000046, 38.199861199000054 ], [ 47.54683671500004, 38.198016476000078 ], [ 47.55114915300004, 38.196688355000049 ], [ 47.556298919000028, 38.194373212000073 ], [ 47.560755806000031, 38.192861386000061 ], [ 47.56616191300003, 38.192234188000043 ], [ 47.570392680000054, 38.193087682000055 ], [ 47.573774986000046, 38.195396801000072 ], [ 47.576755146000039, 38.195989153000028 ], [ 47.579024706000041, 38.196078951000061 ], [ 47.583331286000032, 38.194605616000047 ], [ 47.584709454000063, 38.193421931000046 ], [ 47.586823946000038, 38.190987571000051 ], [ 47.589752181000051, 38.188828055000045 ], [ 47.592756231000067, 38.187603877000072 ], [ 47.597536786000035, 38.187142236000057 ], [ 47.601751799000056, 38.188012967000077 ], [ 47.605658137000034, 38.189989667000077 ], [ 47.609588401000053, 38.192650491000052 ], [ 47.61304556400006, 38.196700302000067 ], [ 47.616388133000044, 38.202401455000029 ], [ 47.619073890000038, 38.209216429000037 ], [ 47.621366979000072, 38.214801181000041 ], [ 47.623426492000078, 38.218742214000031 ], [ 47.625412805000053, 38.220621480000034 ], [ 47.627897423000036, 38.221804764000069 ], [ 47.631746170000042, 38.222132954000074 ], [ 47.636087864000046, 38.221620993000045 ], [ 47.641077384000027, 38.219720217000031 ], [ 47.647041819000037, 38.215873540000075 ], [ 47.65336013700005, 38.212158221000038 ], [ 47.659353287000044, 38.209134722000044 ], [ 47.665186881000068, 38.206524513000033 ], [ 47.669861074000039, 38.205593793000048 ], [ 47.674042609000026, 38.205498557000055 ], [ 47.678080334000072, 38.206230892000065 ], [ 47.680098007000026, 38.20753635300008 ], [ 47.682188168000039, 38.208889676000069 ], [ 47.686392888000057, 38.214154552000025 ], [ 47.689476882000065, 38.217386132000058 ], [ 47.69288380200004, 38.219920932000036 ], [ 47.696379878000073, 38.221674197000027 ], [ 47.69666145900004, 38.221711564000032 ], [ 47.697067384000036, 38.221464671000035 ], [ 47.699490802000071, 38.22098094100005 ], [ 47.703003651000074, 38.216530103000025 ], [ 47.706618536000065, 38.211608278000028 ], [ 47.707778916000052, 38.206828623000035 ], [ 47.710104183000055, 38.202098637000063 ], [ 47.71487428000006, 38.198722154000052 ], [ 47.719944991000034, 38.197050449000074 ], [ 47.726399359000027, 38.19783319000004 ], [ 47.73267237400006, 38.201376906000064 ], [ 47.737596956000061, 38.206037473000038 ], [ 47.742089118000081, 38.210721444000058 ], [ 47.746185756000045, 38.212670911000032 ], [ 47.746343266000054, 38.212708430000077 ], [ 47.747520474000055, 38.211914343000046 ], [ 47.753252619000079, 38.20669373700008 ], [ 47.757426438000039, 38.201784304000057 ], [ 47.760835635000035, 38.195104216000061 ], [ 47.762754408000035, 38.190517950000071 ], [ 47.766126367000027, 38.182879011000068 ], [ 47.770264434000069, 38.172469301000035 ], [ 47.775481737000064, 38.162993507000067 ], [ 47.782930252000028, 38.152644681000027 ], [ 47.791161630000033, 38.144610405000037 ], [ 47.800040725000031, 38.135325734000048 ], [ 47.805135871000061, 38.127365283000074 ], [ 47.809080103000042, 38.119477214000028 ], [ 47.816567365000026, 38.107566650000024 ], [ 47.819708887000047, 38.103229457000054 ], [ 47.823915638000074, 38.099416186000042 ], [ 47.829333245000043, 38.095433940000078 ], [ 47.835446653000076, 38.091439155000046 ], [ 47.840531523000038, 38.087874399000043 ], [ 47.84647, 38.08388328500007 ], [ 47.852185330000054, 38.078658412000038 ], [ 47.855617982000069, 38.072934678000024 ], [ 47.857696558000043, 38.068212388000063 ], [ 47.859860210000079, 38.06173102300005 ], [ 47.86030861100005, 38.060249423000073 ], [ 47.858731431000081, 38.056739881000055 ], [ 47.857432236000079, 38.051482565000072 ], [ 47.857575743000041, 38.046311777000028 ], [ 47.859934958000053, 38.038010106000058 ], [ 47.861961971000028, 38.033270974000061 ], [ 47.862688607000052, 38.032063770000036 ], [ 47.860801769000034, 38.027298491000067 ], [ 47.858545416000027, 38.022951964000072 ], [ 47.854541321000056, 38.018373053000062 ], [ 47.850796562000028, 38.015990687000055 ], [ 47.845945627000049, 38.011981628000058 ], [ 47.841779501000076, 38.007685493000054 ], [ 47.838846234000073, 38.003769387000034 ], [ 47.837644684000054, 38.000626818000057 ], [ 47.835896548000051, 37.997830804000046 ], [ 47.833848743000033, 37.994825742000046 ], [ 47.832209823000028, 37.991698160000055 ], [ 47.831323461000068, 37.98826409600008 ], [ 47.831411990000049, 37.985108383000068 ], [ 47.831208663000041, 37.982540859000039 ], [ 47.829631640000059, 37.979754128000025 ], [ 47.827574776000063, 37.97814124000007 ], [ 47.825114704000043, 37.976956982000047 ], [ 47.823783453000033, 37.975078799000073 ], [ 47.823789224000052, 37.972501726000075 ], [ 47.823485833000063, 37.969319381000048 ], [ 47.822316621000027, 37.967599469000049 ], [ 47.820322055000076, 37.96676433600004 ], [ 47.818329621000032, 37.966987825000047 ], [ 47.81531387900003, 37.967722349000042 ], [ 47.812679580000065, 37.967456538000079 ], [ 47.810201039000049, 37.965772328000071 ], [ 47.808958886000028, 37.963472855000077 ], [ 47.807373708000057, 37.960438210000063 ], [ 47.806230742000025, 37.957974150000041 ], [ 47.805145030000062, 37.954265287000055 ], [ 47.804573512000047, 37.950291855000046 ], [ 47.804520962000026, 37.94614385400007 ], [ 47.804038968000043, 37.94175380300004 ], [ 47.802912599000081, 37.936964635000038 ], [ 47.802478705000055, 37.933816852000064 ], [ 47.803212944000052, 37.931060204000062 ], [ 47.805386243000044, 37.927521367000054 ], [ 47.808897004000073, 37.92328378600007 ], [ 47.812131418000035, 37.919471693000048 ], [ 47.814664771000025, 37.916316031000065 ], [ 47.817021846000046, 37.91353846800007 ], [ 47.818581344000052, 37.910428575000026 ], [ 47.819216769000036, 37.907840891000035 ], [ 47.81940942500006, 37.905254808000052 ], [ 47.819667822000042, 37.90318073800006 ], [ 47.819892725000045, 37.900769582000066 ], [ 47.822001097000054, 37.898196115000076 ], [ 47.825638422000054, 37.897140175000061 ], [ 47.829880607000064, 37.897925701000077 ], [ 47.833983481000075, 37.899097368000071 ], [ 47.838432107000074, 37.900238020000074 ], [ 47.842139400000065, 37.900837779000028 ], [ 47.846521813000038, 37.900623670000073 ], [ 47.85015955800003, 37.899787715000059 ], [ 47.854616422000049, 37.89843170000006 ], [ 47.85955229700005, 37.895906051000054 ], [ 47.862585979000073, 37.89300753200007 ], [ 47.864172107000059, 37.890644267000027 ], [ 47.866241323000054, 37.888390849000075 ], [ 47.868645208000032, 37.887165415000027 ], [ 47.871784964000028, 37.88688606900007 ], [ 47.87502792500004, 37.887397019000048 ], [ 47.877951762000066, 37.886938075000046 ], [ 47.88033904100007, 37.88576687300008 ], [ 47.882873435000079, 37.883542325000064 ], [ 47.885509744000046, 37.881238636000035 ], [ 47.88804400500004, 37.879018488000042 ], [ 47.888061503000074, 37.878998047000039 ], [ 47.888207994000027, 37.878505383000061 ], [ 47.893435561000047, 37.868884624000032 ], [ 47.894857873000035, 37.867182738000054 ], [ 47.895027068000047, 37.86703581900008 ], [ 47.895027173000074, 37.867035728000076 ], [ 47.895732999000074, 37.86388147100007 ], [ 47.895809092000036, 37.86047372400003 ], [ 47.895044003000066, 37.857005585000024 ], [ 47.893075988000078, 37.853758491000065 ], [ 47.88999786800008, 37.851232424000045 ], [ 47.885928935000038, 37.84900764300005 ], [ 47.881970935000027, 37.846944439000026 ], [ 47.878527114000065, 37.844620735000035 ], [ 47.874845193000056, 37.841554888000076 ], [ 47.870902909000051, 37.837992946000043 ], [ 47.866829166000059, 37.834015086000079 ], [ 47.864291683000033, 37.831745449000039 ], [ 47.861262254000053, 37.829014672000028 ], [ 47.857674911000061, 37.825306221000062 ], [ 47.854586515000051, 37.821621594000078 ], [ 47.852014902000064, 37.818259994000073 ], [ 47.84947830200008, 37.814104569000051 ], [ 47.846059199000081, 37.809862301000067 ], [ 47.842358002000026, 37.805971385000078 ], [ 47.839009612000041, 37.803313022000054 ], [ 47.835905518000061, 37.801560980000033 ], [ 47.831472585000029, 37.800672047000035 ], [ 47.831472502000054, 37.800672035000048 ], [ 47.827801355000076, 37.80051024800008 ], [ 47.823736360000055, 37.801022309000075 ], [ 47.819259270000032, 37.80171079400003 ], [ 47.815733271000056, 37.802626405000069 ], [ 47.812837825000031, 37.803607940000063 ], [ 47.809311645000037, 37.804523364000033 ], [ 47.809311561000072, 37.804523360000076 ], [ 47.806058700000051, 37.804353165000066 ], [ 47.803072039000028, 37.80292858100006 ], [ 47.801196334000053, 37.80039847900008 ], [ 47.800354145000028, 37.79751262800005 ], [ 47.798918940000078, 37.795553184000028 ], [ 47.796758298000043, 37.794735019000029 ], [ 47.796758214000079, 37.794735015000072 ], [ 47.793960313000071, 37.794591963000073 ], [ 47.789701832000048, 37.795524174000036 ], [ 47.789701748000027, 37.795524172000057 ], [ 47.787502034000056, 37.795492933000048 ], [ 47.785070551000047, 37.79488595600003 ], [ 47.78238946700003, 37.793205812000053 ], [ 47.780139234000046, 37.791846569000029 ], [ 47.780139151000071, 37.791846559000078 ], [ 47.778274113000066, 37.791482877000078 ], [ 47.776048474000049, 37.791952111000057 ], [ 47.774729932000071, 37.792805409000039 ], [ 47.773644334000039, 37.794574535000038 ], [ 47.772171307000065, 37.797181748000071 ], [ 47.770336900000075, 37.798553989000027 ], [ 47.770336817000043, 37.798553992000052 ], [ 47.768250571000067, 37.798769764000042 ], [ 47.768250545000058, 37.798769754000034 ], [ 47.765062550000039, 37.797515627000053 ], [ 47.765062467000064, 37.797515618000034 ], [ 47.762637354000049, 37.79707473600007 ], [ 47.762637272000063, 37.797074730000077 ], [ 47.760125763000076, 37.797133641000073 ], [ 47.755550117000041, 37.797988713000052 ], [ 47.755550043000028, 37.797988707000059 ], [ 47.752290514000038, 37.797648228000071 ], [ 47.749422381000045, 37.796552877000067 ], [ 47.745889943000066, 37.794477280000081 ], [ 47.742356908000033, 37.792399334000038 ], [ 47.73871992200003, 37.790325949000078 ], [ 47.73561245500008, 37.788404590000027 ], [ 47.732825374000072, 37.786642407000045 ], [ 47.730385442000056, 37.785786687000041 ], [ 47.730385358000035, 37.785786681000047 ], [ 47.727757688000054, 37.785514205000027 ], [ 47.724210156000026, 37.785952259000055 ], [ 47.724210104000065, 37.785952252000072 ], [ 47.724210073000052, 37.785952252000072 ], [ 47.721750505000045, 37.785619437000037 ], [ 47.719506377000073, 37.784506659000044 ], [ 47.717715966000071, 37.782412467000029 ], [ 47.715669794000064, 37.78139191300005 ], [ 47.715669710000043, 37.781391909000035 ], [ 47.713257550000037, 37.781283080000037 ], [ 47.710882298000058, 37.782166775000064 ], [ 47.708957958000042, 37.783954635000043 ], [ 47.706158652000056, 37.787591751000036 ], [ 47.704067954000038, 37.790545738000048 ], [ 47.702242111000032, 37.792164532000072 ], [ 47.700161046000062, 37.792545675000042 ], [ 47.70016096300003, 37.792545665000034 ], [ 47.698262569000065, 37.79217245500007 ], [ 47.695583436000049, 37.79049025300003 ], [ 47.692877284000076, 37.788060715000029 ], [ 47.690354154000033, 37.78488129200008 ], [ 47.687417480000079, 37.781875695000053 ], [ 47.684386499000027, 37.779119966000053 ], [ 47.680398601000036, 37.775971445000039 ], [ 47.676970193000045, 37.77380800800006 ], [ 47.672275235000029, 37.771339817000069 ], [ 47.667785018000075, 37.768992946000026 ], [ 47.662475561000065, 37.766662171000064 ], [ 47.658339444000035, 37.764935427000069 ], [ 47.654860173000031, 37.763459548000071 ], [ 47.651106212000059, 37.761935682000058 ], [ 47.64728406100005, 37.760444764000056 ], [ 47.644616025000062, 37.759008907000066 ], [ 47.643084405000081, 37.757132990000059 ], [ 47.642036850000068, 37.754167143000075 ], [ 47.641185963000055, 37.750566113000048 ], [ 47.640019624000047, 37.747485765000079 ], [ 47.637708441000029, 37.744298136000054 ], [ 47.635305113000072, 37.741445921000036 ], [ 47.633207250000055, 37.739483409000059 ], [ 47.631100563000075, 37.737969346000057 ], [ 47.631100480000043, 37.737969338000028 ], [ 47.628982554000061, 37.737635930000067 ], [ 47.628982471000029, 37.737635925000063 ], [ 47.626783062000072, 37.737684991000037 ], [ 47.624847843000055, 37.738309336000043 ], [ 47.623128493000081, 37.740388608000046 ], [ 47.621773542000028, 37.743491494000068 ], [ 47.620330442000068, 37.747094179000044 ], [ 47.619468376000043, 37.749357069000041 ], [ 47.618588638000062, 37.75112024200007 ], [ 47.616570298000056, 37.753242112000066 ], [ 47.614092692000042, 37.754209482000078 ], [ 47.610867579000058, 37.754778873000078 ], [ 47.610867497000072, 37.754778869000063 ], [ 47.606463691000044, 37.754545264000058 ], [ 47.602343985000061, 37.753473951000046 ], [ 47.598738709000031, 37.752141090000066 ], [ 47.595331071000032, 37.750472609000042 ], [ 47.592031381000027, 37.748885002000065 ], [ 47.588513342000056, 37.747052045000032 ], [ 47.584475685000029, 37.745221371000071 ], [ 47.580653735000055, 37.743735005000076 ], [ 47.57628675400008, 37.741906752000034 ], [ 47.572334593000051, 37.740828452000073 ], [ 47.572334510000076, 37.740828443000055 ], [ 47.568284129000062, 37.740103597000029 ], [ 47.568284047000077, 37.740103583000064 ], [ 47.562919237000074, 37.739305824000041 ], [ 47.562919153000053, 37.739305817000059 ], [ 47.558088070000053, 37.739196820000075 ], [ 47.558087986000032, 37.739196820000075 ], [ 47.555154241000025, 37.739260493000074 ], [ 47.55515415800005, 37.739260498000078 ], [ 47.550278506000041, 37.73975362300007 ], [ 47.546643608000068, 37.740737878000061 ], [ 47.542616341000041, 37.742320709000069 ], [ 47.538894313000071, 37.743646769000065 ], [ 47.535453185000051, 37.74460397200005 ], [ 47.532596763000072, 37.744989811000039 ], [ 47.53259668000004, 37.744989818000079 ], [ 47.528929118000065, 37.745068615000037 ], [ 47.528929035000033, 37.745068611000079 ], [ 47.523956689000045, 37.744465648000073 ], [ 47.518996645000072, 37.743242682000073 ], [ 47.514757643000053, 37.741672959000027 ], [ 47.511682308000047, 37.740492786000061 ], [ 47.511682224000026, 37.740492781000057 ], [ 47.508947351000074, 37.740253704000054 ], [ 47.506035441000051, 37.740613052000072 ], [ 47.503125827000076, 37.741735974000051 ], [ 47.500379305000081, 37.743555979000064 ], [ 47.497831807000068, 37.745603737000067 ], [ 47.495487657000069, 37.747480428000074 ], [ 47.494270459000063, 37.748132482000074 ], [ 47.493225285000051, 37.748690771000042 ], [ 47.489898605000064, 37.749342356000056 ], [ 47.489898521000043, 37.749342357000046 ], [ 47.486240501000054, 37.749502975000041 ], [ 47.486240418000079, 37.749502980000045 ], [ 47.480078094000078, 37.749882944000035 ], [ 47.480078011000046, 37.749882951000075 ], [ 47.474240632000033, 37.750586930000054 ], [ 47.468620452000039, 37.75153613100008 ], [ 47.464359577000039, 37.752454380000074 ], [ 47.459792924000055, 37.753631176000056 ], [ 47.454636279000056, 37.755182793000074 ], [ 47.44955180900007, 37.756843073000027 ], [ 47.445280662000073, 37.757918548000077 ], [ 47.440901261000079, 37.758423896000068 ], [ 47.440901179000036, 37.758423902000061 ], [ 47.435992518000035, 37.758775582000055 ], [ 47.43599243500006, 37.758775583000045 ], [ 47.431009947000064, 37.758585665000055 ], [ 47.431009864000032, 37.758585657000026 ], [ 47.42675480500003, 37.757970540000031 ], [ 47.426754722000055, 37.757970527000055 ], [ 47.423388400000078, 37.757458626000073 ], [ 47.423388318000036, 37.757458609000025 ], [ 47.418849859000034, 37.756306107000057 ], [ 47.414400115000035, 37.754651470000056 ], [ 47.411304826000048, 37.752804488000038 ], [ 47.408182115000045, 37.750128945000029 ], [ 47.405599558000063, 37.747940158000063 ], [ 47.403169641000034, 37.747241819000067 ], [ 47.403169568000067, 37.747241821000046 ], [ 47.400453322000033, 37.747380554000074 ], [ 47.398597461000065, 37.748247399000036 ], [ 47.397406446000048, 37.750265393000063 ], [ 47.396781383000075, 37.753601026000069 ], [ 47.395104547000074, 37.756791337000038 ], [ 47.392143296000029, 37.759093072000042 ], [ 47.389050274000056, 37.760568368000065 ], [ 47.385418560000062, 37.761554368000077 ], [ 47.382081542000037, 37.761955313000044 ], [ 47.382081459000062, 37.761955319000037 ], [ 47.377891889000068, 37.761873269000034 ], [ 47.377891806000036, 37.761873261000062 ], [ 47.373680291000028, 37.761126933000071 ], [ 47.369366146000061, 37.759454328000061 ], [ 47.364927135000073, 37.758376570000053 ], [ 47.364927051000052, 37.758376566000038 ], [ 47.360267718000046, 37.758082541000078 ], [ 47.360267635000071, 37.758082543000057 ], [ 47.356010894000065, 37.758492165000064 ], [ 47.352697425000031, 37.759637509000072 ], [ 47.349297375000049, 37.761367968000059 ], [ 47.34629248300007, 37.762340263000056 ], [ 47.346292399000049, 37.76234026000003 ], [ 47.343462616000068, 37.762229889000025 ], [ 47.340493826000056, 37.761043098000073 ], [ 47.338422953000077, 37.758428126000069 ], [ 47.336942288000046, 37.754636686000026 ], [ 47.335637862000056, 37.753083312000058 ], [ 47.333736758000043, 37.752539756000033 ], [ 47.333736704000046, 37.752539762000026 ], [ 47.333736675000068, 37.752539759000058 ], [ 47.331754234000073, 37.752745721000053 ], [ 47.330313096000054, 37.753522191000059 ], [ 47.329034119000028, 37.756122493000078 ], [ 47.327291810000077, 37.757319399000039 ], [ 47.327291727000045, 37.757319401000075 ], [ 47.325100704000079, 37.757529375000047 ], [ 47.325100667000072, 37.757529372000079 ], [ 47.322464604000061, 37.756916794000063 ], [ 47.318764006000038, 37.755743872000039 ], [ 47.318763922000073, 37.755743869000071 ], [ 47.315896321000025, 37.755662862000065 ], [ 47.312617784000054, 37.756693749000078 ], [ 47.310600570000076, 37.759141638000074 ], [ 47.309215872000038, 37.761743806000027 ], [ 47.307055494000053, 37.762948613000049 ], [ 47.307055410000032, 37.762948614000038 ], [ 47.304860849000079, 37.763074930000073 ], [ 47.30486082300007, 37.763074927000048 ], [ 47.302643010000054, 37.762453719000064 ], [ 47.299667137000029, 37.761018212000067 ], [ 47.296168786000067, 37.759590561000039 ], [ 47.291731619000075, 37.758264428000075 ], [ 47.28656416900003, 37.757037913000033 ], [ 47.281295151000052, 37.755894245000036 ], [ 47.281295069000066, 37.75589423200006 ], [ 47.278039597000031, 37.755540464000035 ], [ 47.27397230400004, 37.756035828000051 ], [ 47.270445863000077, 37.757099620000076 ], [ 47.265811712000072, 37.759597171000053 ], [ 47.261270540000055, 37.761966597000026 ], [ 47.257532780000076, 37.762745695000035 ], [ 47.257532702000049, 37.762745690000031 ], [ 47.254188476000081, 37.762489837000032 ], [ 47.250896312000066, 37.761379043000034 ], [ 47.24790951600005, 37.759525638000071 ], [ 47.244819746000076, 37.757757475000062 ], [ 47.23977886800003, 37.755386522000038 ], [ 47.23601171200005, 37.753772930000025 ], [ 47.232297477000031, 37.75209738500007 ], [ 47.229236524000044, 37.751242928000067 ], [ 47.229236451000077, 37.751242928000067 ], [ 47.225993834000064, 37.75130424300005 ], [ 47.222885137000048, 37.752358724000032 ], [ 47.220750170000031, 37.754476157000056 ], [ 47.219912851000061, 37.757979415000079 ], [ 47.219825337000032, 37.762052037000046 ], [ 47.219616151000025, 37.765543452000031 ], [ 47.21886492200008, 37.76801550700003 ], [ 47.217192993000026, 37.769405482000025 ], [ 47.214824271000055, 37.769869085000039 ], [ 47.214824221000072, 37.769869074000042 ], [ 47.21229594600004, 37.769335355000067 ], [ 47.209740440000076, 37.767887405000067 ], [ 47.205694712000081, 37.765638249000062 ], [ 47.200705823000078, 37.763323218000039 ], [ 47.19773415700007, 37.761966133000044 ], [ 47.194665757000053, 37.760860845000025 ], [ 47.194665673000031, 37.760860844000035 ], [ 47.19131763200005, 37.760923174000027 ], [ 47.188731353000037, 37.761969295000029 ], [ 47.186812303000067, 37.764329932000066 ], [ 47.18389293000007, 37.768288373000075 ], [ 47.180217951000031, 37.771510516000035 ], [ 47.175577334000081, 37.773923572000058 ], [ 47.172676843000033, 37.774972895000076 ], [ 47.169463817000064, 37.77611126100004 ], [ 47.16571347200005, 37.776761531000034 ], [ 47.161851582000054, 37.777165901000046 ], [ 47.161851499000079, 37.77716590600005 ], [ 47.15881127800003, 37.777054959000054 ], [ 47.158811194000066, 37.77705495500004 ], [ 47.155665011000053, 37.776862514000072 ], [ 47.153133749000062, 37.77624645800006 ], [ 47.14985372600006, 37.775060513000028 ], [ 47.14561038100004, 37.77314406000005 ], [ 47.142108669000038, 37.771545145000061 ], [ 47.138308057000074, 37.770451697000055 ], [ 47.138307973000053, 37.770451691000062 ], [ 47.134529050000026, 37.770105705000049 ], [ 47.130564658000026, 37.770592014000044 ], [ 47.127876881000077, 37.771803108000029 ], [ 47.126459323000063, 37.773491364000051 ], [ 47.125881608000043, 37.775245553000047 ], [ 47.126243342000066, 37.776899426000057 ], [ 47.127425413000026, 37.777959482000028 ], [ 47.129325828000049, 37.778506398000047 ], [ 47.131956450000075, 37.77895669000003 ], [ 47.131956531000071, 37.778956706000031 ], [ 47.135120220000033, 37.779728463000026 ], [ 47.137047065000047, 37.781189452000035 ], [ 47.137849102000075, 37.783583261000047 ], [ 47.137611450000065, 37.786246013000039 ], [ 47.136417380000069, 37.788425970000048 ], [ 47.134045713000035, 37.789714830000037 ], [ 47.13404563000006, 37.789714832000072 ], [ 47.13027836200007, 37.79000607100005 ], [ 47.130278278000048, 37.79000607200004 ], [ 47.126823787000035, 37.78984547500005 ], [ 47.126823703000071, 37.78984547400006 ], [ 47.122532178000029, 37.789922898000043 ], [ 47.122532095000054, 37.789922903000047 ], [ 47.118145084000048, 37.790335313000071 ], [ 47.113875374000031, 37.791157751000071 ], [ 47.109930317000078, 37.792393257000072 ], [ 47.106309435000071, 37.793951761000073 ], [ 47.103420583000059, 37.795499334000056 ], [ 47.10032934000003, 37.797298270000056 ], [ 47.096828790000075, 37.799437847000036 ], [ 47.093735577000075, 37.801153289000069 ], [ 47.090627475000076, 37.802371018000031 ], [ 47.086041770000065, 37.803200313000048 ], [ 47.086041686000044, 37.803200309000033 ], [ 47.080484098000056, 37.802965202000053 ], [ 47.076056391000066, 37.801964192000071 ], [ 47.072350761000052, 37.800533517000076 ], [ 47.06873747000003, 37.798794702000066 ], [ 47.065749938000067, 37.796733893000066 ], [ 47.062839132000079, 37.793725428000073 ], [ 47.060493326000028, 37.790607874000045 ], [ 47.058597392000081, 37.788068172000067 ], [ 47.05625499100006, 37.785572279000064 ], [ 47.054068106000045, 37.783330461000048 ], [ 47.051327018000052, 37.782060261000026 ], [ 47.051326935000077, 37.782060252000065 ], [ 47.047941954000066, 37.781443290000027 ], [ 47.047941871000035, 37.781443282000055 ], [ 47.044381040000076, 37.781421786000067 ], [ 47.040360236000026, 37.782482807000065 ], [ 47.037744587000077, 37.783780729000057 ], [ 47.033933026000057, 37.786088298000038 ], [ 47.028482939000071, 37.790618352000024 ], [ 47.024097091000044, 37.794064226000046 ], [ 47.020107705000044, 37.797539187000041 ], [ 47.016439844000047, 37.801339693000045 ], [ 47.013901924000038, 37.804206071000067 ], [ 47.011552401000074, 37.806487915000048 ], [ 47.008922588000075, 37.807679561000043 ], [ 47.004290611000044, 37.809103505000053 ], [ 47.000656974000037, 37.810330073000046 ], [ 46.997344190000035, 37.811796661000074 ], [ 46.992285035000066, 37.814540854000029 ], [ 46.989804883000033, 37.815828676000081 ], [ 46.988036158000057, 37.816273096000032 ], [ 46.988036077000061, 37.816273091000028 ], [ 46.986771526000041, 37.816188553000075 ], [ 46.98382255100006, 37.815431714000056 ], [ 46.980514373000062, 37.813160097000036 ], [ 46.977418019000027, 37.810970439000073 ], [ 46.973690920000081, 37.808707911000056 ], [ 46.969452091000051, 37.80686836600006 ], [ 46.964591410000025, 37.805289121000044 ], [ 46.960475574000043, 37.804111821000049 ], [ 46.957292645000052, 37.802585435000026 ], [ 46.955776333000074, 37.800700107000068 ], [ 46.955300816000033, 37.798549655000045 ], [ 46.955712602000062, 37.794811894000077 ], [ 46.955027255000061, 37.792158004000044 ], [ 46.952926540000078, 37.790413005000062 ], [ 46.950560937000034, 37.789575798000044 ], [ 46.947922021000068, 37.788788124000064 ], [ 46.945682164000061, 37.787248061000071 ], [ 46.94458501400004, 37.785355653000067 ], [ 46.944330002000072, 37.783613803000037 ], [ 46.944576850000033, 37.781036822000033 ], [ 46.944936574000053, 37.778786912000044 ], [ 46.945352544000059, 37.776734334000025 ], [ 46.945244806000062, 37.774546213000065 ], [ 46.944564156000069, 37.772563560000037 ], [ 46.94326458200004, 37.770924555000079 ], [ 46.94123748800007, 37.76946424700003 ], [ 46.939530426000033, 37.768246463000025 ], [ 46.937040689000071, 37.766561639000031 ], [ 46.935136708000073, 37.764752238000028 ], [ 46.933525153000062, 37.762780296000074 ], [ 46.932533654000054, 37.760886027000026 ], [ 46.93173412200008, 37.758323967000024 ], [ 46.93073195900007, 37.756015304000073 ], [ 46.929420002000029, 37.753876174000027 ], [ 46.927814115000047, 37.752489833000027 ], [ 46.926735198000074, 37.751261574000068 ], [ 46.925626193000028, 37.748871248000057 ], [ 46.924589937000064, 37.745233813000027 ], [ 46.923735012000066, 37.740514216000065 ], [ 46.922370602000058, 37.736300836000055 ], [ 46.920284064000043, 37.732513759000028 ], [ 46.917688152000039, 37.72923284500007 ], [ 46.915843319000032, 37.726689915000065 ], [ 46.914949107000041, 37.724460450000038 ], [ 46.914711548000071, 37.722450117000051 ], [ 46.915025676000027, 37.719311072000039 ], [ 46.915964838000036, 37.715141251000034 ], [ 46.917133736000039, 37.711801299000058 ], [ 46.917485517000046, 37.709220380000033 ], [ 46.917011802000047, 37.707069696000076 ], [ 46.915611948000048, 37.705513090000068 ], [ 46.913390261000075, 37.704553342000054 ], [ 46.913390177000053, 37.70455333600006 ], [ 46.909195117000081, 37.704123453000079 ], [ 46.909195034000049, 37.704123450000054 ], [ 46.904070982000064, 37.704206335000038 ], [ 46.904070898000043, 37.704206334000048 ], [ 46.898416055000041, 37.703964104000079 ], [ 46.898415972000066, 37.70396409600005 ], [ 46.894634859000064, 37.703360306000036 ], [ 46.89174352100008, 37.701924249000058 ], [ 46.889748918000066, 37.699757288000058 ], [ 46.889332298000056, 37.696386676000031 ], [ 46.890276198000038, 37.692383681000024 ], [ 46.89006454400004, 37.688151375000075 ], [ 46.88872342600007, 37.684766283000044 ], [ 46.886360727000067, 37.682314509000037 ], [ 46.886360644000035, 37.682314500000075 ], [ 46.882684858000061, 37.681708627000035 ], [ 46.879463308000027, 37.682505779000053 ], [ 46.875233732000027, 37.684817157000055 ], [ 46.871319787000061, 37.687204486000041 ], [ 46.867704174000039, 37.689005675000033 ], [ 46.863769012000034, 37.690563974000042 ], [ 46.860243390000051, 37.691782230000058 ], [ 46.857125354000061, 37.692579402000035 ], [ 46.852857210000082, 37.693392321000033 ], [ 46.85285712600006, 37.693392321000033 ], [ 46.849095437000074, 37.693534747000058 ], [ 46.849095409000029, 37.693534744000033 ], [ 46.845520055000065, 37.692761658000052 ], [ 46.841393743000026, 37.690832238000041 ], [ 46.838027523000051, 37.690053396000053 ], [ 46.83802743900003, 37.690053392000038 ], [ 46.834466729000042, 37.689861025000027 ], [ 46.829987446000075, 37.690595292000069 ], [ 46.829987363000043, 37.690595291000079 ], [ 46.827373653000052, 37.69063583500008 ], [ 46.827373571000066, 37.690635827000051 ], [ 46.82190853600008, 37.689555603000031 ], [ 46.821908454000038, 37.689555591000044 ], [ 46.815405972000065, 37.688826789000075 ], [ 46.815405890000079, 37.688826782000035 ], [ 46.810484236000036, 37.688569022000024 ], [ 46.805799782000065, 37.689472248000072 ], [ 46.802287259000082, 37.691269868000063 ], [ 46.798703817000046, 37.694481135000046 ], [ 46.79549207000008, 37.700095153000063 ], [ 46.793023927000036, 37.70619570100007 ], [ 46.790549435000059, 37.712048456000048 ], [ 46.788638663000029, 37.715233999000077 ], [ 46.786397004000037, 37.717757623000068 ], [ 46.78351275600005, 37.719630785000049 ], [ 46.779893363000042, 37.721429366000052 ], [ 46.775540249000073, 37.723155530000042 ], [ 46.768739474000029, 37.725170637000076 ], [ 46.762962126000048, 37.726667617000032 ], [ 46.756405430000029, 37.728175933000045 ], [ 46.750369742000032, 37.72959503900006 ], [ 46.745059585000035, 37.730753006000043 ], [ 46.739224849000038, 37.731837368000072 ], [ 46.731083950000027, 37.73278636100008 ], [ 46.731083866000063, 37.732786358000055 ], [ 46.725324845000046, 37.732622978000052 ], [ 46.72532476300006, 37.732622981000077 ], [ 46.721563784000068, 37.732925815000044 ], [ 46.721563702000026, 37.732925824000063 ], [ 46.717392797000059, 37.733567970000024 ], [ 46.712289783000074, 37.73464033700003 ], [ 46.707699583000078, 37.735288229000048 ], [ 46.707699501000036, 37.735288237000077 ], [ 46.704983646000073, 37.735494284000026 ], [ 46.704983564000031, 37.735494282000047 ], [ 46.701205926000057, 37.735048706000043 ], [ 46.701205843000025, 37.735048698000071 ], [ 46.698481700000059, 37.734923522000031 ], [ 46.69493975000006, 37.735639176000063 ], [ 46.691418487000078, 37.73726692300005 ], [ 46.68818856300004, 37.737894532000041 ], [ 46.688188480000065, 37.737894533000031 ], [ 46.685158353000077, 37.738104625000062 ], [ 46.685158270000045, 37.738104624000073 ], [ 46.680543268000065, 37.737672607000036 ], [ 46.680543184000044, 37.737672603000078 ], [ 46.677193290000048, 37.737636966000025 ], [ 46.673125827000035, 37.738276081000038 ], [ 46.668763548000072, 37.739750618000073 ], [ 46.664716321000071, 37.741301656000076 ], [ 46.660353688000043, 37.742775890000075 ], [ 46.655560650000041, 37.74375582600004 ], [ 46.650128904000042, 37.744248828000025 ], [ 46.650128821000067, 37.744248835000064 ], [ 46.643336930000032, 37.744758312000044 ], [ 46.643336847000057, 37.744758320000074 ], [ 46.637285852000048, 37.745673938000039 ], [ 46.631755010000063, 37.746415311000078 ], [ 46.631754927000031, 37.746415318000061 ], [ 46.627152318000071, 37.746560073000069 ], [ 46.62715223400005, 37.746560071000033 ], [ 46.621072578000053, 37.74614593900003 ], [ 46.621072494000032, 37.746145938000041 ], [ 46.614694287000077, 37.746483600000033 ], [ 46.614694204000045, 37.746483605000037 ], [ 46.607588345000067, 37.746995326000047 ], [ 46.607588261000046, 37.746995328000025 ], [ 46.603189390000068, 37.746888531000025 ], [ 46.603189308000026, 37.746888526000077 ], [ 46.598572324000031, 37.746369960000038 ], [ 46.598572241000056, 37.746369948000051 ], [ 46.593425570000079, 37.745527163000077 ], [ 46.593425490000072, 37.745527148000065 ], [ 46.588064388000078, 37.744436929000074 ], [ 46.582897683000056, 37.742679175000035 ], [ 46.577814980000028, 37.739921941000034 ], [ 46.574332502000061, 37.738558069000078 ], [ 46.574332420000076, 37.738558063000028 ], [ 46.569611882000061, 37.738039738000055 ], [ 46.565016519000039, 37.73851542400007 ], [ 46.560444454000049, 37.740069866000056 ], [ 46.556300339000074, 37.74211867300005 ], [ 46.551523884000062, 37.743925567000076 ], [ 46.547990306000031, 37.745134644000075 ], [ 46.545394158000079, 37.745957310000051 ], [ 46.542468831000065, 37.74664453400004 ], [ 46.540191834000041, 37.74712719300004 ], [ 46.537505717000045, 37.74755205200006 ], [ 46.537505635000059, 37.747552061000079 ], [ 46.535222664000059, 37.747710249000079 ], [ 46.535222580000038, 37.747710248000033 ], [ 46.532930896000039, 37.747480983000059 ], [ 46.531207461000065, 37.747050511000054 ], [ 46.529889285000081, 37.746457036000038 ], [ 46.528554838000048, 37.745140507000031 ], [ 46.527945965000072, 37.743334641000047 ], [ 46.527829772000075, 37.741650813000035 ], [ 46.527155368000081, 37.740623119000077 ], [ 46.526000282000041, 37.740054523000026 ], [ 46.526000200000055, 37.740054515000054 ], [ 46.524361870000064, 37.739816622000035 ], [ 46.524361786000043, 37.739816612000027 ], [ 46.52248082400007, 37.739644915000042 ], [ 46.521080436000034, 37.739079437000044 ], [ 46.519586013000037, 37.737868510000055 ], [ 46.517833756000073, 37.736011984000072 ], [ 46.516332122000051, 37.734476657000073 ], [ 46.515079209000078, 37.733066541000028 ], [ 46.513164722000056, 37.731277368000065 ], [ 46.511817574000077, 37.729726478000032 ], [ 46.51037524700007, 37.728165526000055 ], [ 46.50876437900007, 37.72647377800007 ], [ 46.507073992000073, 37.724913706000052 ], [ 46.506026719000033, 37.723976270000037 ], [ 46.505245959000035, 37.723276507000037 ], [ 46.503333283000075, 37.721552485000075 ], [ 46.501747469000065, 37.719822014000044 ], [ 46.500827024000046, 37.718731954000077 ], [ 46.500084314000048, 37.717804103000049 ], [ 46.500084234000042, 37.717804103000049 ], [ 46.498093517000029, 37.717856457000039 ], [ 46.495813087000045, 37.71863346300006 ], [ 46.493081142000051, 37.719280954000055 ], [ 46.493081062000044, 37.719280948000062 ], [ 46.490680530000077, 37.719090533000042 ], [ 46.488422464000053, 37.71797897700003 ], [ 46.487191603000042, 37.716496175000032 ], [ 46.486034328000073, 37.714399577000052 ], [ 46.484951372000069, 37.71168917500006 ], [ 46.483600959000057, 37.708504461000075 ], [ 46.481563910000034, 37.705260766000038 ], [ 46.477719979000028, 37.701769317000071 ], [ 46.473209247000057, 37.699169307000034 ], [ 46.469392255000059, 37.696970551000049 ], [ 46.46666005700007, 37.694339091000074 ], [ 46.46577704200007, 37.691975248000062 ], [ 46.466066602000069, 37.689581049000026 ], [ 46.468157724000037, 37.686565090000045 ], [ 46.470963507000079, 37.68435807700007 ], [ 46.47341564900006, 37.681945873000075 ], [ 46.475463596000054, 37.678779364000036 ], [ 46.476441109000064, 37.676178250000078 ], [ 46.477228882000077, 37.672696266000059 ], [ 46.477497549000077, 37.668948148000027 ], [ 46.476450058000069, 37.663648312000078 ], [ 46.475068626000052, 37.658830310000042 ], [ 46.473696822000079, 37.654489837000028 ], [ 46.472435750000045, 37.65137143100003 ], [ 46.470227098000066, 37.647041354000066 ], [ 46.470134794000046, 37.643365330000051 ], [ 46.471085494000079, 37.639883592000047 ], [ 46.471674815000029, 37.639092137000034 ], [ 46.472930689000066, 37.637404607000065 ], [ 46.475978892000057, 37.634660445000065 ], [ 46.479451499000049, 37.631827515000055 ], [ 46.484895040000026, 37.626723278000043 ], [ 46.489941359000056, 37.621623809000027 ], [ 46.493416581000076, 37.617172659000062 ], [ 46.496871763000058, 37.611777582000059 ], [ 46.500079437000068, 37.606633399000032 ], [ 46.500822515000038, 37.604889003000039 ], [ 46.501126839000051, 37.602663499000073 ], [ 46.501083652000034, 37.600514516000032 ], [ 46.501292523000075, 37.59787338600006 ], [ 46.501941613000042, 37.595438451000064 ], [ 46.503191598000058, 37.592506919000073 ], [ 46.504628191000052, 37.590199378000079 ], [ 46.505809146000047, 37.588172224000061 ], [ 46.506811023000068, 37.585937798000032 ], [ 46.507362989000057, 37.583017384000073 ], [ 46.507405281000047, 37.580797458000063 ], [ 46.507817406000072, 37.576982058000056 ], [ 46.508064620000027, 37.573132711000028 ], [ 46.508769267000048, 37.568561001000035 ], [ 46.510444933000031, 37.564736187000051 ], [ 46.512595438000062, 37.560781340000062 ], [ 46.515183977000049, 37.556944756000064 ], [ 46.518315924000035, 37.552215624000041 ], [ 46.521721469000056, 37.547356704000038 ], [ 46.525758616000076, 37.542234914000062 ], [ 46.52932488700003, 37.537497623000036 ], [ 46.532580335000034, 37.533147303000078 ], [ 46.535373674000027, 37.529562230000067 ], [ 46.53801476600006, 37.526359865000074 ], [ 46.541746447000037, 37.522000837000064 ], [ 46.544637579000039, 37.518466093000029 ], [ 46.547649360000037, 37.514828304000048 ], [ 46.551072290000036, 37.510979998000039 ], [ 46.554577751000068, 37.506695641000078 ], [ 46.556964802000039, 37.50342409600006 ], [ 46.558480274000033, 37.499729141000046 ], [ 46.559488810000062, 37.494646129000046 ], [ 46.559900001000074, 37.491472699000042 ], [ 46.560120521000044, 37.486780872000054 ], [ 46.560198521000075, 37.482850255000074 ], [ 46.559816582000053, 37.479813472000046 ], [ 46.559740202000057, 37.476139501000034 ], [ 46.560173090000035, 37.473979719000056 ], [ 46.561404192000055, 37.470849520000058 ], [ 46.563978147000057, 37.469152604000044 ], [ 46.567695302000061, 37.468429626000045 ], [ 46.572313481000037, 37.468622861000028 ], [ 46.572313564000069, 37.468622865000043 ], [ 46.576775393000048, 37.468941928000049 ], [ 46.57677547600008, 37.46894192700006 ], [ 46.581062423000049, 37.46850610000007 ], [ 46.58106250600008, 37.468506098000034 ], [ 46.584213853000051, 37.467069148000064 ], [ 46.58716395600004, 37.463606936000076 ], [ 46.590280803000041, 37.460523197000043 ], [ 46.594677739000076, 37.457802898000068 ], [ 46.599087834000045, 37.455715409000049 ], [ 46.603029001000039, 37.454014912000048 ], [ 46.608397625000066, 37.452166428000055 ], [ 46.614076405000048, 37.449934929000051 ], [ 46.62022409900004, 37.447315939000077 ], [ 46.626209003000042, 37.444572693000055 ], [ 46.630453030000069, 37.442233971000064 ], [ 46.635098409000079, 37.439294702000041 ], [ 46.63972921800007, 37.436319403000027 ], [ 46.645189425000069, 37.432397303000073 ], [ 46.648776410000039, 37.429177064000044 ], [ 46.652201491000028, 37.425835054000061 ], [ 46.655467405000081, 37.422495176000041 ], [ 46.659053480000068, 37.419274641000072 ], [ 46.66357068700006, 37.415029210000057 ], [ 46.668706607000047, 37.410015548000047 ], [ 46.674628161000044, 37.404607493000071 ], [ 46.678984799000034, 37.400363756000047 ], [ 46.681930057000045, 37.397025457000041 ], [ 46.68376913700007, 37.393957457000056 ], [ 46.684668805000058, 37.391538222000065 ], [ 46.685406752000063, 37.388992854000037 ], [ 46.686319738000066, 37.387204312000051 ], [ 46.688025237000033, 37.385280524000052 ], [ 46.691168876000063, 37.383714687000065 ], [ 46.695094855000036, 37.38163058300006 ], [ 46.697669434000034, 37.379791082000054 ], [ 46.699298803000033, 37.377766833000067 ], [ 46.700500975000068, 37.374707728000033 ], [ 46.700747679000074, 37.371536178000042 ], [ 46.699875981000048, 37.368126098000062 ], [ 46.699188866000043, 37.365855732000057 ], [ 46.699137400000041, 37.363573974000076 ], [ 46.699871771000062, 37.360902384000042 ], [ 46.702648037000074, 37.357187464000049 ], [ 46.705885853000041, 37.352832671000044 ], [ 46.70957923800006, 37.347581189000039 ], [ 46.711869117000049, 37.343492292000064 ], [ 46.713055901000075, 37.339800125000068 ], [ 46.713446317000034, 37.335993304000056 ], [ 46.712687159000041, 37.330553780000059 ], [ 46.710502431000066, 37.325263302000053 ], [ 46.706892366000034, 37.320119530000056 ], [ 46.702983630000062, 37.315063308000049 ], [ 46.699379262000036, 37.31084753500005 ], [ 46.695155429000067, 37.306599963000053 ], [ 46.69158987600008, 37.303354523000053 ], [ 46.687398064000035, 37.300500954000029 ], [ 46.681622619000052, 37.297793676000026 ], [ 46.67666381600003, 37.296090751000065 ], [ 46.670910799000069, 37.294396580000068 ], [ 46.666275195000026, 37.292941012000028 ], [ 46.66273943300007, 37.290962832000048 ], [ 46.660642954000025, 37.289471333000051 ], [ 46.659170459000052, 37.287464069000066 ], [ 46.658811603000061, 37.285569615000043 ], [ 46.659376301000066, 37.282391381000025 ], [ 46.65934014100003, 37.280744765000065 ], [ 46.659162088000073, 37.279859483000052 ], [ 46.658301828000049, 37.276829656000075 ], [ 46.657631478000042, 37.275191922000033 ], [ 46.657434048000027, 37.273421380000059 ], [ 46.657873585000061, 37.271768098000052 ], [ 46.658797746000062, 37.27048657000006 ], [ 46.660364407000031, 37.269576821000044 ], [ 46.663047825000035, 37.268905979000067 ], [ 46.666059360000077, 37.268737447000035 ], [ 46.666059442000062, 37.268737440000052 ], [ 46.669699583000067, 37.268305350000048 ], [ 46.672697151000079, 37.267503680000061 ], [ 46.675997642000027, 37.266062230000045 ], [ 46.678835761000073, 37.265260410000053 ], [ 46.68136527200005, 37.26484595900007 ], [ 46.685656787000028, 37.265163456000039 ], [ 46.685656870000059, 37.265163461000043 ], [ 46.689166506000049, 37.26600120300003 ], [ 46.692526204000046, 37.267221782000036 ], [ 46.696370817000059, 37.268813858000044 ], [ 46.699739260000058, 37.270412648000047 ], [ 46.702631503000077, 37.272018191000029 ], [ 46.704719749000049, 37.273130520000052 ], [ 46.70832495600007, 37.274865350000027 ], [ 46.71065541400003, 37.275958303000039 ], [ 46.714330785000072, 37.277045258000044 ], [ 46.717036182000072, 37.27738682100005 ], [ 46.717036264000058, 37.27738682200004 ], [ 46.720045174000063, 37.277090773000054 ], [ 46.722880319000069, 37.276161760000036 ], [ 46.726953337000054, 37.273819875000072 ], [ 46.730532445000051, 37.270727991000058 ], [ 46.733956274000036, 37.267762202000029 ], [ 46.736923234000074, 37.265690793000033 ], [ 46.739893639000059, 37.263745440000037 ], [ 46.742234969000037, 37.262063890000036 ], [ 46.744885149000027, 37.259996947000047 ], [ 46.746735339000054, 37.257687139000041 ], [ 46.748724161000041, 37.25448973500005 ], [ 46.750236622000045, 37.251299343000028 ], [ 46.752371886000049, 37.247592737000048 ], [ 46.754503971000076, 37.243757706000054 ], [ 46.756145790000062, 37.239299006000067 ], [ 46.757443280000075, 37.233703005000052 ], [ 46.758297633000041, 37.229508321000026 ], [ 46.758996388000071, 37.225442121000071 ], [ 46.759544732000052, 37.221756695000067 ], [ 46.759791693000068, 37.218713409000031 ], [ 46.760521943000072, 37.216039229000046 ], [ 46.761590376000072, 37.214250041000071 ], [ 46.763149441000053, 37.21308669900003 ], [ 46.765826175000029, 37.212285218000034 ], [ 46.768203713000048, 37.212249740000061 ], [ 46.76820379600008, 37.212249743000029 ], [ 46.770117215000027, 37.212426191000077 ], [ 46.770117298000059, 37.212426193000056 ], [ 46.772328240000036, 37.212314262000064 ], [ 46.772328323000067, 37.212314262000064 ], [ 46.774694063000027, 37.211771853000073 ], [ 46.777511922000031, 37.210208656000077 ], [ 46.779838872000028, 37.208019613000033 ], [ 46.782788065000034, 37.205314183000041 ], [ 46.785419560000037, 37.202613470000074 ], [ 46.788667149000048, 37.199141803000032 ], [ 46.792051892000075, 37.194782453000073 ], [ 46.794656366000027, 37.190939557000036 ], [ 46.796635461000051, 37.18748688900007 ], [ 46.798312037000073, 37.184674194000024 ], [ 46.800275786000043, 37.180588540000031 ], [ 46.80146802400003, 37.177402363000056 ], [ 46.80225215400003, 37.174731616000031 ], [ 46.802447617000041, 37.171936881000079 ], [ 46.801589110000066, 37.169162684000071 ], [ 46.800719292000053, 37.165879418000031 ], [ 46.800650179000058, 37.162967027000036 ], [ 46.801226260000078, 37.160549554000056 ], [ 46.802597497000079, 37.158246164000047 ], [ 46.804456339000069, 37.156444565000072 ], [ 46.806954260000055, 37.154885556000067 ], [ 46.809138509000036, 37.153457467000067 ], [ 46.810994070000049, 37.151529636000078 ], [ 46.812358832000029, 37.148973871000067 ], [ 46.813084337000078, 37.146173256000054 ], [ 46.813450928000066, 37.141604827000037 ], [ 46.813865195000062, 37.139063585000031 ], [ 46.814870795000047, 37.134739982000042 ], [ 46.81588835000008, 37.130920912000079 ], [ 46.817353301000026, 37.12595708300006 ], [ 46.818349397000077, 37.121250538000027 ], [ 46.818876896000063, 37.116808047000063 ], [ 46.819269641000062, 37.113379329000054 ], [ 46.819507937000026, 37.110081415000025 ], [ 46.819891522000034, 37.106272033000039 ], [ 46.820434013000067, 37.102462461000073 ], [ 46.82098179500008, 37.098905169000034 ], [ 46.821524141000054, 37.095093338000027 ], [ 46.822320467000054, 37.090232087000061 ], [ 46.823332730000061, 37.084673503000033 ], [ 46.824486209000042, 37.079966721000062 ], [ 46.825198560000047, 37.076659234000033 ], [ 46.825289879000081, 37.073870541000076 ], [ 46.82459898500008, 37.071472435000032 ], [ 46.822974680000073, 37.069724098000052 ], [ 46.821051682000075, 37.068739675000074 ], [ 46.821051600000033, 37.068739666000056 ], [ 46.818350292000048, 37.068274150000036 ], [ 46.818350210000062, 37.068274144000043 ], [ 46.81550220500003, 37.068317783000055 ], [ 46.815502123000044, 37.068317787000069 ], [ 46.812502006000045, 37.068616042000031 ], [ 46.81250192400006, 37.068616051000049 ], [ 46.809663646000047, 37.069040201000064 ], [ 46.809663572000034, 37.069040194000024 ], [ 46.806490260000032, 37.06870778900003 ], [ 46.806490179000036, 37.068707774000075 ], [ 46.803944070000057, 37.068113378000078 ], [ 46.800113636000049, 37.066776811000068 ], [ 46.798182059000055, 37.065413593000073 ], [ 46.797032734000027, 37.063655433000065 ], [ 46.796826804000034, 37.061630604000072 ], [ 46.797400100000061, 37.059086978000039 ], [ 46.79862666300005, 37.057421235000049 ], [ 46.801282610000044, 37.055986145000077 ], [ 46.804425409000032, 37.055050577000031 ], [ 46.807413092000047, 37.054245728000069 ], [ 46.810227538000049, 37.052808024000058 ], [ 46.811921891000054, 37.050880385000028 ], [ 46.812807751000037, 37.048205728000028 ], [ 46.813066652000032, 37.045795270000042 ], [ 46.813233146000073, 37.044945166000048 ], [ 46.81323304700004, 37.044945240000061 ], [ 46.806780524000033, 37.049798382000063 ], [ 46.799420975000032, 37.055013949000056 ], [ 46.794421698000065, 37.055044631000044 ], [ 46.786707542000045, 37.055091248000053 ], [ 46.778000040000052, 37.055605170000035 ], [ 46.765011335000054, 37.056486440000072 ], [ 46.75645731000003, 37.057915841000067 ], [ 46.750186756000062, 37.059101394000038 ], [ 46.747359713000037, 37.061245406000069 ], [ 46.742608413000028, 37.06350326900008 ], [ 46.737217314000077, 37.065736518000051 ], [ 46.733664026000042, 37.066919674000076 ], [ 46.72982223300005, 37.067874843000027 ], [ 46.725551666000058, 37.068833876000042 ], [ 46.721846584000048, 37.069442044000027 ], [ 46.718000779000079, 37.07016705500007 ], [ 46.715015420000043, 37.071113843000035 ], [ 46.712600136000049, 37.071939659000066 ], [ 46.710755680000034, 37.072761700000058 ], [ 46.709050746000059, 37.073351864000074 ], [ 46.707193643000039, 37.07336734900008 ], [ 46.704473441000061, 37.07304595200003 ], [ 46.698877144000051, 37.071488109000029 ], [ 46.691548075000071, 37.068789767000055 ], [ 46.684789045000059, 37.065972455000065 ], [ 46.679453894000062, 37.062796597000045 ], [ 46.680684477000057, 37.05922117700004 ], [ 46.682039284000041, 37.054492536000055 ], [ 46.683096546000058, 37.04896141200004 ], [ 46.683083532000069, 37.038952342000073 ], [ 46.675940266000055, 37.038783083000055 ], [ 46.670947564000073, 37.039168984000071 ], [ 46.669952143000046, 37.039408335000076 ], [ 46.668389457000046, 37.039995910000073 ], [ 46.665130222000073, 37.041634810000062 ], [ 46.66058311900008, 37.043167725000046 ], [ 46.657451855000033, 37.043885266000075 ], [ 46.655017694000037, 37.04344380200007 ], [ 46.653724433000036, 37.042880480000065 ], [ 46.652710239000044, 37.041968496000038 ], [ 46.650406387000032, 37.04072293400003 ], [ 46.645678734000057, 37.039727298000059 ], [ 46.631371619000049, 37.038002826000024 ], [ 46.622659225000064, 37.037957831000028 ], [ 46.615094391000071, 37.038250351000045 ], [ 46.607097526000075, 37.038313895000044 ], [ 46.598096252000062, 37.038038912000047 ], [ 46.587660722000066, 37.037316006000026 ], [ 46.578355964000025, 37.035777197000073 ], [ 46.571763200000078, 37.034100352000053 ], [ 46.566449061000071, 37.031955587000027 ], [ 46.56327886300005, 37.02990853700004 ], [ 46.560681652000028, 37.02797329200007 ], [ 46.558098616000052, 37.027072098000076 ], [ 46.554229254000063, 37.026066022000066 ], [ 46.549942816000055, 37.025867468000058 ], [ 46.544379087000038, 37.026255496000033 ], [ 46.538963248000073, 37.026983857000062 ], [ 46.534830011000054, 37.027589477000049 ], [ 46.529985280000062, 37.028316800000027 ], [ 46.525706082000056, 37.028691888000026 ], [ 46.521566946000064, 37.028837434000025 ], [ 46.516843969000035, 37.028066418000037 ], [ 46.512545602000046, 37.026945032000071 ], [ 46.507079931000078, 37.023992804000045 ], [ 46.503767449000065, 37.021833279000077 ], [ 46.500165314000071, 37.019328047000045 ], [ 46.499125439000068, 37.018464623000057 ], [ 46.496570495000071, 37.017687911000053 ], [ 46.494378066000081, 37.017012487000045 ], [ 46.492945123000027, 37.016701531000024 ], [ 46.489221297000029, 37.01631567700008 ], [ 46.486784002000036, 37.015909085000033 ], [ 46.48394019400007, 37.016197065000028 ], [ 46.47967880200008, 37.016743776000055 ], [ 46.47755569900005, 37.017247953000037 ], [ 46.475855835000061, 37.017627398000059 ], [ 46.472460475000048, 37.018498832000034 ], [ 46.467789243000027, 37.019629326000029 ], [ 46.464375631000053, 37.019928393000043 ], [ 46.460256481000044, 37.020472654000059 ], [ 46.456971013000043, 37.020310238000036 ], [ 46.454989433000037, 37.020810021000045 ], [ 46.45400236200004, 37.021175905000064 ], [ 46.453197848000059, 37.022799194000072 ], [ 46.452934281000068, 37.023491962000037 ], [ 46.453705287000048, 37.025312276000079 ], [ 46.454307846000063, 37.026332440000033 ], [ 46.454899687000079, 37.027007963000074 ], [ 46.457092309000075, 37.028684621000025 ], [ 46.458557695000081, 37.029917248000061 ], [ 46.459438373000069, 37.030701865000026 ], [ 46.461649926000064, 37.032950565000078 ], [ 46.462292360000049, 37.035232093000047 ], [ 46.462336295000057, 37.036608373000035 ], [ 46.46241628100006, 37.039131184000041 ], [ 46.461921631000052, 37.041550660000041 ], [ 46.46336201400004, 37.041979071000071 ], [ 46.464955965000058, 37.04275033600004 ], [ 46.466838734000078, 37.043628425000065 ], [ 46.467558900000029, 37.043842602000041 ], [ 46.471189223000067, 37.045832440000027 ], [ 46.474231123000038, 37.047261626000079 ], [ 46.475390867000044, 37.047810552000044 ], [ 46.479321302000074, 37.05025383800006 ], [ 46.482524414000068, 37.052253155000074 ], [ 46.484564034000073, 37.053586431000042 ], [ 46.487621869000066, 37.055474756000024 ], [ 46.490858874000025, 37.058505462000028 ], [ 46.494227119000072, 37.061189656000067 ], [ 46.496588430000031, 37.063663379000047 ], [ 46.497504279000054, 37.065481555000076 ], [ 46.497558431000073, 37.06720019200003 ], [ 46.496630861000028, 37.069399923000049 ], [ 46.496126138000079, 37.071477138000034 ], [ 46.496053672000073, 37.073657059000027 ], [ 46.49626945600005, 37.075948264000033 ], [ 46.496896408000055, 37.077655163000031 ], [ 46.497138017000054, 37.08074823700008 ], [ 46.497800238000025, 37.083603900000071 ], [ 46.497750498000073, 37.08647305900007 ], [ 46.497697147000054, 37.089227341000026 ], [ 46.497498956000072, 37.09198570500007 ], [ 46.497013149000054, 37.094635032000042 ], [ 46.495846777000054, 37.098331743000074 ], [ 46.49420813100005, 37.100659846000042 ], [ 46.492946314000051, 37.10137428400003 ], [ 46.491538261000073, 37.101977880000049 ], [ 46.489266408000049, 37.102369232000058 ], [ 46.487111109000068, 37.101954628000044 ], [ 46.484235001000059, 37.101328183000078 ], [ 46.480770558000074, 37.100136662000068 ], [ 46.478736218000051, 37.099033119000069 ], [ 46.476131172000066, 37.097938900000031 ], [ 46.473961578000058, 37.09706680100004 ], [ 46.471810077000043, 37.09676679100005 ], [ 46.466947220000065, 37.096522854000057 ], [ 46.463237618000051, 37.096600242000079 ], [ 46.459955290000039, 37.096667747000026 ], [ 46.455554493000079, 37.097447442000032 ], [ 46.45214740800003, 37.098090872000057 ], [ 46.448459220000075, 37.098854814000049 ], [ 46.44563800800006, 37.099946079000063 ], [ 46.442945024000039, 37.10057603000007 ], [ 46.441257527000062, 37.101412277000065 ], [ 46.439973735000081, 37.10143914400004 ], [ 46.440365387000043, 37.100282912000068 ], [ 46.440329612000028, 37.099136380000061 ], [ 46.440293838000059, 37.097989847000065 ], [ 46.439968391000036, 37.096734164000054 ], [ 46.439222719000043, 37.095717932000071 ], [ 46.439186966000079, 37.094571398000028 ], [ 46.439582122000047, 37.093530048000048 ], [ 46.440131449000035, 37.092829337000069 ], [ 46.44151478200007, 37.091424447000065 ], [ 46.441318439000042, 37.089707507000071 ], [ 46.440711210000075, 37.088572425000052 ], [ 46.438407359000053, 37.087931142000059 ], [ 46.436509490000049, 37.086593109000034 ], [ 46.435613451000052, 37.085351082000045 ], [ 46.435121174000074, 37.08329519800003 ], [ 46.434625298000071, 37.081124432000024 ], [ 46.433565928000064, 37.079197081000075 ], [ 46.431343157000072, 37.076603247000037 ], [ 46.428561285000058, 37.074365379000028 ], [ 46.424817125000061, 37.073292744000071 ], [ 46.421336404000044, 37.071527295000067 ], [ 46.417142535000039, 37.069777026000054 ], [ 46.412663554000062, 37.068030003000047 ], [ 46.40758948000007, 37.065494425000054 ], [ 46.401934639000046, 37.062625229000048 ], [ 46.396009597000045, 37.060220885000035 ], [ 46.390205881000043, 37.057123024000077 ], [ 46.385547290000034, 37.054119666000076 ], [ 46.379160045000049, 37.050575134000042 ], [ 46.375677859000064, 37.048693412000034 ], [ 46.368595820000053, 37.045737736000035 ], [ 46.361778745000038, 37.042086790000042 ], [ 46.354104019000033, 37.038337072000047 ], [ 46.346412218000069, 37.034016928000028 ], [ 46.341050463000045, 37.03125411700006 ], [ 46.336127195000074, 37.028824135000036 ], [ 46.327598843000033, 37.025091296000028 ], [ 46.322241834000067, 37.022442491000049 ], [ 46.317612304000079, 37.020238304000031 ], [ 46.311101893000057, 37.01715110300006 ], [ 46.308349331000045, 37.015712244000042 ], [ 46.308596588000057, 37.014445339000076 ], [ 46.309275736000075, 37.013286340000036 ], [ 46.309645432000025, 37.011328528000035 ], [ 46.310541405000038, 37.007868620000067 ], [ 46.31061913700006, 37.005686431000072 ], [ 46.310988656000063, 37.003728615000057 ], [ 46.310907668000027, 37.000975803000074 ], [ 46.310693659000037, 36.998571490000074 ], [ 46.309248690000061, 36.992705947000047 ], [ 46.306926669000063, 36.984366738000062 ], [ 46.302829680000059, 36.977234532000068 ], [ 46.29867924000007, 36.971247511000058 ], [ 46.293919222000056, 36.966046676000076 ], [ 46.288819701000079, 36.961982818000024 ], [ 46.282950455000048, 36.959044773000073 ], [ 46.273878947000071, 36.957267566000041 ], [ 46.26548284200004, 36.956316250000043 ], [ 46.259054143000071, 36.956114179000053 ], [ 46.252482327000052, 36.955908762000035 ], [ 46.249625159000061, 36.955817180000054 ], [ 46.246879883000076, 36.959487656000078 ], [ 46.242766949000043, 36.96545741400007 ], [ 46.236496034000027, 36.96207507500003 ], [ 46.228143451000051, 36.957370878000063 ], [ 46.22106449100005, 36.952932421000071 ], [ 46.214143092000029, 36.948151645000053 ], [ 46.209019781000052, 36.944683973000053 ], [ 46.206663492000075, 36.943125991000045 ], [ 46.202308843000026, 36.941631027000028 ], [ 46.199057889000073, 36.940967569000065 ], [ 46.193620244000044, 36.941389669000046 ], [ 46.188797181000041, 36.94401153900003 ], [ 46.180590421000034, 36.948949693000031 ], [ 46.175567381000064, 36.952825960000041 ], [ 46.17184142800005, 36.959609746000069 ], [ 46.172679818000063, 36.963191278000068 ], [ 46.175024366000059, 36.968191122000064 ], [ 46.176264740000079, 36.975568018000047 ], [ 46.175874923000038, 36.984279337000032 ], [ 46.17615461500003, 36.987616224000078 ], [ 46.176839991000065, 36.994635776000052 ], [ 46.175652533000061, 36.998848025000029 ], [ 46.16323120900006, 37.00753588300006 ], [ 46.149361669000029, 37.017047737000041 ], [ 46.139350766000064, 37.024039916000049 ], [ 46.129051549000053, 37.030339929000036 ], [ 46.119323094000038, 37.036527757000044 ], [ 46.118545998000059, 37.037158118000036 ], [ 46.108447283000032, 37.045348561000026 ], [ 46.097854978000044, 37.054170257000067 ], [ 46.088977806000059, 37.062420923000047 ], [ 46.080241786000045, 37.070439787000055 ], [ 46.073222224000062, 37.078000809000059 ], [ 46.067778313000076, 37.083041382000033 ], [ 46.062763379000046, 37.087622662000058 ], [ 46.056027650000033, 37.094037616000037 ], [ 46.050716410000064, 37.101712772000042 ], [ 46.049286816000063, 37.103778347000059 ], [ 46.041685939000047, 37.112942604000068 ], [ 46.03494534500004, 37.120160888000044 ], [ 46.028633343000081, 37.12691761800005 ], [ 46.017010718000051, 37.140090223000072 ], [ 46.00653188800004, 37.151771456000063 ], [ 45.99993055200008, 37.157837303000065 ], [ 45.994627831000059, 37.159094287000073 ], [ 45.991817341000058, 37.160064294000051 ], [ 45.990574719000051, 37.161129304000042 ], [ 45.988819508000063, 37.163577694000026 ], [ 45.986021821000065, 37.165022936000071 ], [ 45.98202690200003, 37.165121461000069 ], [ 45.981046295000056, 37.165605062000054 ], [ 45.979619829000058, 37.165639398000053 ], [ 45.97782051300004, 37.167060415000037 ], [ 45.975100499000064, 37.166898047000075 ], [ 45.974059827000076, 37.16589255100007 ], [ 45.971844229000055, 37.164112485000032 ], [ 45.970979302000046, 37.16390549700003 ], [ 45.968078821000063, 37.162829541000065 ], [ 45.966637450000064, 37.162521317000028 ], [ 45.963941101000046, 37.162930876000075 ], [ 45.955781865000063, 37.16599632100008 ], [ 45.951989170000047, 37.167579486000079 ], [ 45.94552724700003, 37.170261012000026 ], [ 45.942833252000071, 37.170782747000032 ], [ 45.940127935000078, 37.170966492000048 ], [ 45.937696378000055, 37.170909142000028 ], [ 45.935990416000038, 37.171069105000072 ], [ 45.934717999000043, 37.171439703000033 ], [ 45.931720617000053, 37.172664404000045 ], [ 45.930063853000036, 37.172927555000058 ], [ 45.928485219000038, 37.172737124000037 ], [ 45.925350498000057, 37.172928403000071 ], [ 45.921299606000048, 37.171650708000072 ], [ 45.919020726000042, 37.171821641000065 ], [ 45.914882414000033, 37.171921269000052 ], [ 45.911016541000038, 37.171671626000034 ], [ 45.910075707000033, 37.171419306000075 ], [ 45.905680828000072, 37.170423547000041 ], [ 45.887149075000025, 37.167773949000036 ], [ 45.852935789000071, 37.165837033000059 ], [ 45.835535633000063, 37.166477046000068 ], [ 45.817876512000055, 37.167808112000046 ], [ 45.804177312000036, 37.169682887000079 ], [ 45.797700267000039, 37.170568708000076 ], [ 45.784361518000026, 37.17305151100004 ], [ 45.780823368000028, 37.173709805000044 ], [ 45.762824555000066, 37.177446144000044 ], [ 45.749333099000069, 37.181124293000039 ], [ 45.749860507000051, 37.262577589000045 ], [ 45.749877493000042, 37.265204328000038 ], [ 45.749031079000076, 37.265020772000071 ], [ 45.744053051000037, 37.263941086000045 ], [ 45.740473572000042, 37.263778745000025 ], [ 45.736610852000069, 37.263852417000066 ], [ 45.73332090200006, 37.264028330000031 ], [ 45.728892896000048, 37.264907482000069 ], [ 45.724177496000038, 37.265441195000051 ], [ 45.720325158000037, 37.266532836000067 ], [ 45.715903625000067, 37.267972575000044 ], [ 45.71235342500006, 37.270777011000064 ], [ 45.708948743000064, 37.273803562000069 ], [ 45.705128879000029, 37.278445962000035 ], [ 45.702289958000051, 37.280889811000065 ], [ 45.700610753000035, 37.284928938000064 ], [ 45.698798096000075, 37.290122595000071 ], [ 45.695741389000034, 37.300152682000032 ], [ 45.694218606000049, 37.305799750000062 ], [ 45.692214752000041, 37.305698816000074 ], [ 45.686201531000052, 37.305048788000079 ], [ 45.675466941000082, 37.30443000300005 ], [ 45.665453479000064, 37.304378567000072 ], [ 45.649151851000056, 37.30505050000005 ], [ 45.634571307000044, 37.306285602000059 ], [ 45.623140492000061, 37.307842638000068 ], [ 45.61128261600004, 37.309745556000053 ], [ 45.598142340000038, 37.312341080000067 ], [ 45.58086763700004, 37.317024187000072 ], [ 45.569739710000079, 37.321215634000055 ], [ 45.561905554000077, 37.325962817000061 ], [ 45.552502368000034, 37.331521301000066 ], [ 45.541384726000047, 37.337663779000025 ], [ 45.529116009000063, 37.343233482000073 ], [ 45.523695536000048, 37.345783720000043 ], [ 45.51371639000007, 37.351686446000031 ], [ 45.510295185000075, 37.353769920000047 ], [ 45.49615741000008, 37.364671402000056 ], [ 45.492055293000078, 37.369749777000038 ], [ 45.486414090000039, 37.37862463700003 ], [ 45.482053599000039, 37.386687273000064 ], [ 45.477138271000058, 37.39681838100006 ], [ 45.47308595100003, 37.407403268000053 ], [ 45.469745902000057, 37.41763814400008 ], [ 45.467561403000047, 37.429013086000054 ], [ 45.465942809000069, 37.439581266000062 ], [ 45.465033216000052, 37.449454821000074 ], [ 45.464826391000031, 37.457833831000073 ], [ 45.464906547000055, 37.466324371000042 ], [ 45.467041767000069, 37.479734992000033 ], [ 45.469444702000033, 37.491078111000036 ], [ 45.471277304000068, 37.497495255000047 ], [ 45.466890469000077, 37.53899758700004 ], [ 45.466896202000044, 37.539916944000026 ], [ 45.497338466000031, 37.563795605000053 ], [ 45.498683709000034, 37.566014006000046 ], [ 45.499798798000029, 37.568195059000061 ], [ 45.52137121100003, 37.582831997000028 ], [ 45.521375328000033, 37.583422359000053 ], [ 45.521572736000053, 37.611707856000066 ], [ 45.521580950000043, 37.612884068000028 ], [ 45.505167346000064, 37.628361613000038 ], [ 45.505009315000052, 37.628510590000076 ], [ 45.500232603000029, 37.633013261000031 ], [ 45.496337396000058, 37.63780229200006 ], [ 45.487061633000053, 37.645711872000049 ], [ 45.477216053000063, 37.653125036000063 ], [ 45.465900287000068, 37.661663099000066 ], [ 45.452522624000039, 37.67176955900004 ], [ 45.438856542000053, 37.68175614200004 ], [ 45.426635331000057, 37.691422702000068 ], [ 45.411399366000069, 37.705747152000072 ], [ 45.402321940000036, 37.716044609000051 ], [ 45.400280007000049, 37.719168333000027 ], [ 45.400189042000079, 37.719307485000058 ], [ 45.391628404000073, 37.73240590000006 ], [ 45.38726992800008, 37.742255713000077 ], [ 45.387286262000032, 37.742677714000024 ], [ 45.381037065000044, 37.766513042000042 ], [ 45.372554291000029, 37.792475375000038 ], [ 45.375868519000051, 37.800395537000043 ], [ 45.378924587000029, 37.808248058000061 ], [ 45.380453325000076, 37.822225186000026 ], [ 45.382227646000047, 37.840349278000076 ], [ 45.380614564000041, 37.853901169000039 ], [ 45.376625062000073, 37.876187519000041 ], [ 45.372980809000069, 37.888601054000048 ], [ 45.370457913000052, 37.897340382000039 ], [ 45.367803293000065, 37.907569453000065 ], [ 45.36341888000004, 37.918150802000071 ], [ 45.358305875000042, 37.928049206000026 ], [ 45.35461280100003, 37.935297802000036 ], [ 45.349781421000046, 37.94462264100008 ], [ 45.345506642000032, 37.951530170000069 ], [ 45.340372886000068, 37.959476511000048 ], [ 45.335808082000028, 37.966501680000079 ], [ 45.331531264000034, 37.973525854000059 ], [ 45.325816602000032, 37.981473172000051 ], [ 45.319525069000065, 37.989768769000079 ], [ 45.315948988000059, 37.994374998000069 ], [ 45.312654682000073, 37.998065560000043 ], [ 45.310293749000039, 38.000338727000042 ], [ 45.309127098000033, 38.002049560000046 ], [ 45.303288132000034, 38.010834275000036 ], [ 45.295707521000054, 38.020866854000076 ], [ 45.288706829000034, 38.030217040000025 ], [ 45.28314918600006, 38.039459683000075 ], [ 45.274809222000044, 38.053264782000042 ], [ 45.264436789000058, 38.068091844000037 ], [ 45.255543057000068, 38.078232853000031 ], [ 45.250152182000079, 38.083814333000078 ], [ 45.248245843000063, 38.086373490000028 ], [ 45.243762786000048, 38.092214119000062 ], [ 45.238122402000045, 38.100575981000077 ], [ 45.22871652300006, 38.111684816000036 ], [ 45.217859545000067, 38.123250723000069 ], [ 45.209316656000055, 38.133211756000037 ], [ 45.198887468000066, 38.144657946000052 ], [ 45.189469798000061, 38.155421108000041 ], [ 45.18106393100004, 38.166299108000032 ], [ 45.174975695000057, 38.174311550000027 ], [ 45.16758083600007, 38.182438197000067 ], [ 45.158588781000049, 38.19239609400006 ], [ 45.151045188000069, 38.199949579000076 ], [ 45.143209905000049, 38.208079732000044 ], [ 45.136098803000039, 38.214716935000069 ], [ 45.132033828000033, 38.220210227000052 ], [ 45.128113346000077, 38.226162855000041 ], [ 45.124918508000064, 38.230740164000053 ], [ 45.122013655000046, 38.234861949000049 ], [ 45.120270203000075, 38.23818486600004 ], [ 45.12142715300007, 38.24380298400007 ], [ 45.122084751000045, 38.248132817000055 ], [ 45.114183707000052, 38.261082726000041 ], [ 45.106276707000063, 38.270219803000032 ], [ 45.106261002000053, 38.27050371100006 ], [ 45.105120738000039, 38.291093713000066 ], [ 45.103615520000062, 38.297124377000046 ], [ 45.100054970000031, 38.303607409000051 ], [ 45.095190849000062, 38.30955515100004 ], [ 45.091623878000064, 38.315195258000074 ], [ 45.091668927000057, 38.319994331000032 ], [ 45.093141753000054, 38.322732941000027 ], [ 45.098683695000034, 38.326932692000071 ], [ 45.109044375000053, 38.335462754000048 ], [ 45.122610776000045, 38.345565742000076 ], [ 45.13662479900006, 38.356824706000054 ], [ 45.144801236000035, 38.363303779000034 ], [ 45.146839297000042, 38.364324144000079 ], [ 45.15017681900008, 38.36487868100005 ], [ 45.155399703000057, 38.365651442000058 ], [ 45.160343368000042, 38.367451757000026 ], [ 45.166023560000042, 38.37039538700003 ], [ 45.172153361000028, 38.374707953000041 ], [ 45.178019121000034, 38.381422375000056 ], [ 45.183865008000055, 38.386189871000056 ], [ 45.189268827000035, 38.390155691000075 ], [ 45.194359508000048, 38.391954325000029 ], [ 45.198280772000032, 38.392736332000027 ], [ 45.202038501000061, 38.391797145000055 ], [ 45.208096549000061, 38.389236070000038 ], [ 45.214447988000074, 38.387025625000035 ], [ 45.220381023000073, 38.386293638000041 ], [ 45.222562151000034, 38.386960933000069 ], [ 45.223747520000074, 38.389351439000052 ], [ 45.226537784000072, 38.392644575000077 ], [ 45.233959613000081, 38.395446333000052 ], [ 45.240782784000032, 38.396468928000047 ], [ 45.241803839000056, 38.39753928600004 ], [ 45.242392966000068, 38.397894054000062 ], [ 45.24041217000007, 38.402129392000063 ], [ 45.237836541000036, 38.405018570000038 ], [ 45.232676016000028, 38.410098322000067 ], [ 45.226375047000033, 38.416910402000042 ], [ 45.224767407000058, 38.420429986000045 ], [ 45.226726358000064, 38.420149623000043 ], [ 45.228892514000052, 38.419352336000031 ], [ 45.230863896000074, 38.418221939000034 ], [ 45.232369187000074, 38.416547193000042 ], [ 45.233642303000067, 38.415048630000058 ], [ 45.234721249000074, 38.413406246000079 ], [ 45.235906654000075, 38.411164322000047 ], [ 45.236644580000075, 38.409473037000055 ], [ 45.237181865000025, 38.407948881000038 ], [ 45.237640266000028, 38.406059884000058 ], [ 45.238101037000035, 38.404900874000077 ], [ 45.239220243000034, 38.403713483000047 ], [ 45.240534274000026, 38.403007838000065 ], [ 45.242275106000079, 38.402580676000071 ], [ 45.244172007000031, 38.402486617000079 ], [ 45.247735797000075, 38.40296580100005 ], [ 45.251804777000075, 38.403898912000045 ], [ 45.258146250000038, 38.405543372000068 ], [ 45.263642681000078, 38.406815384000026 ], [ 45.268904554000073, 38.40790743000008 ], [ 45.273113267000042, 38.408542075000071 ], [ 45.277320985000074, 38.408897190000062 ], [ 45.281530543000031, 38.409716281000044 ], [ 45.285389393000059, 38.41034681800005 ], [ 45.28842469600005, 38.410168155000065 ], [ 45.292043799000055, 38.409550867000064 ], [ 45.294963805000066, 38.408669367000073 ], [ 45.297527635000051, 38.407009140000071 ], [ 45.300205751000078, 38.404798817000028 ], [ 45.30162105200003, 38.403452358000038 ], [ 45.302456414000062, 38.402769781000075 ], [ 45.303446086000065, 38.402019206000034 ], [ 45.305798624000033, 38.401107361000072 ], [ 45.308483681000041, 38.400640700000054 ], [ 45.310352092000073, 38.400360894000073 ], [ 45.312688349000041, 38.400354685000025 ], [ 45.314675006000073, 38.400443997000025 ], [ 45.317945961000078, 38.400250419000031 ], [ 45.321916093000027, 38.399870081000074 ], [ 45.326235573000076, 38.399033517000078 ], [ 45.33049969800004, 38.398323122000079 ], [ 45.334759916000053, 38.398180355000079 ], [ 45.338033856000038, 38.398815335000052 ], [ 45.340609710000081, 38.400002001000075 ], [ 45.343070723000039, 38.401558449000049 ], [ 45.346469287000048, 38.40366182300005 ], [ 45.349280125000064, 38.405122476000031 ], [ 45.352677240000048, 38.406856171000072 ], [ 45.356425538000053, 38.408349875000056 ], [ 45.360167525000065, 38.409406385000068 ], [ 45.364609802000075, 38.409762152000042 ], [ 45.369163872000058, 38.409288273000072 ], [ 45.374063204000038, 38.407618995000064 ], [ 45.377677668000047, 38.40613841000004 ], [ 45.38245435400006, 38.403549930000054 ], [ 45.385669022000059, 38.401124117000052 ], [ 45.389623136000068, 38.398885018000044 ], [ 45.394219927000051, 38.397076213000048 ], [ 45.400171047000072, 38.395861926000066 ], [ 45.405190540000035, 38.395110184000032 ], [ 45.410561459000064, 38.394631872000048 ], [ 45.414883775000078, 38.394526531000054 ], [ 45.420142696000028, 38.394872795000026 ], [ 45.422478747000071, 38.394864399000028 ], [ 45.426332089000027, 38.394485452000026 ], [ 45.429829231000042, 38.393183930000077 ], [ 45.432503885000074, 38.391155351000066 ], [ 45.43447281400006, 38.388300202000039 ], [ 45.435740293000038, 38.385447628000065 ], [ 45.437244977000034, 38.383143903000075 ], [ 45.440969646000042, 38.381016578000072 ], [ 45.444469266000056, 38.380268864000072 ], [ 45.448321553000028, 38.379979321000064 ], [ 45.451946230000033, 38.380605274000061 ], [ 45.455573880000031, 38.381695233000073 ], [ 45.45884281900004, 38.382736916000056 ], [ 45.462622484000065, 38.383168168000054 ], [ 45.466331371000081, 38.383491432000028 ], [ 45.469717758000058, 38.38329316100004 ], [ 45.473569395000027, 38.38223675100005 ], [ 45.478341217000036, 38.38032030100004 ], [ 45.483114528000044, 38.377912483000046 ], [ 45.487536179000074, 38.375501427000074 ], [ 45.490559758000074, 38.373560194000049 ], [ 45.493467166000073, 38.371709493000026 ], [ 45.496257739000043, 38.369953844000065 ], [ 45.499344148000034, 38.368165325000064 ], [ 45.503705294000042, 38.366064839000046 ], [ 45.508128749000036, 38.36411262300004 ], [ 45.511389046000033, 38.362814201000049 ], [ 45.51569882900003, 38.36123169800004 ], [ 45.518844219000073, 38.360208448000037 ], [ 45.521754347000069, 38.358911288000058 ], [ 45.524189238000076, 38.356602301000066 ], [ 45.525687195000046, 38.353837841000029 ], [ 45.526360907000026, 38.35006769000006 ], [ 45.526916603000075, 38.346207940000056 ], [ 45.527477568000052, 38.343082663000075 ], [ 45.528035805000059, 38.339587890000075 ], [ 45.528593336000029, 38.336002992000033 ], [ 45.528810474000068, 38.333703878000051 ], [ 45.529022888000043, 38.330855033000034 ], [ 45.528889631000027, 38.328557497000077 ], [ 45.528400038000029, 38.325436939000042 ], [ 45.527711508000039, 38.322583136000048 ], [ 45.527308429000072, 38.319746070000065 ], [ 45.527065728000025, 38.318318708000049 ], [ 45.527112708000061, 38.316808933000061 ], [ 45.52774153200005, 38.315481293000062 ], [ 45.529532695000057, 38.314238532000047 ], [ 45.532045860000039, 38.313289877000045 ], [ 45.536476257000061, 38.312719946000072 ], [ 45.54079138600008, 38.312425254000061 ], [ 45.544873428000074, 38.312131487000045 ], [ 45.550124863000065, 38.31219709800007 ], [ 45.555261189000078, 38.312447772000041 ], [ 45.56051761100008, 38.313157275000037 ], [ 45.564957764000042, 38.313874983000062 ], [ 45.570215790000077, 38.314764289000038 ], [ 45.573608097000033, 38.315851756000029 ], [ 45.577001934000066, 38.317029241000057 ], [ 45.580626755000026, 38.31793060800004 ], [ 45.585422805000064, 38.319191020000062 ], [ 45.591041580000081, 38.321460976000026 ], [ 45.595956174000037, 38.323089862000074 ], [ 45.600880815000039, 38.325822495000068 ], [ 45.607439665000072, 38.328546465000045 ], [ 45.611951244000068, 38.330109171000061 ], [ 45.617794024000034, 38.33237216100008 ], [ 45.622535396000046, 38.333491646000027 ], [ 45.627640890000066, 38.334608990000049 ], [ 45.631285677000051, 38.335166211000058 ], [ 45.633831030000067, 38.334864089000064 ], [ 45.637251130000038, 38.334174142000052 ], [ 45.640625009000075, 38.332871513000043 ], [ 45.642701142000078, 38.331517328000075 ], [ 45.644947905000038, 38.329576370000041 ], [ 45.647567459000072, 38.327033996000068 ], [ 45.650356269000042, 38.324729450000063 ], [ 45.652625927000031, 38.322995499000058 ], [ 45.656007321000061, 38.321345415000053 ], [ 45.660586306000027, 38.320265279000068 ], [ 45.665838359000077, 38.320325703000037 ], [ 45.671201792000033, 38.321764131000066 ], [ 45.675951253000051, 38.323742082000024 ], [ 45.681337284000051, 38.326247865000028 ], [ 45.68645686900004, 38.328894648000073 ], [ 45.690567858000065, 38.329960994000032 ], [ 45.69457402200004, 38.330221222000034 ], [ 45.69857199300003, 38.329625198000031 ], [ 45.70256437200004, 38.328456796000069 ], [ 45.705860225000038, 38.32722035300003 ], [ 45.707998425000028, 38.325846617000025 ], [ 45.71161246500003, 38.323242738000033 ], [ 45.713578857000073, 38.321432848000029 ], [ 45.715814067000053, 38.318904812000028 ], [ 45.717593960000045, 38.317127535000054 ], [ 45.721000476000029, 38.315736783000034 ], [ 45.724633549000032, 38.315142116000061 ], [ 45.728269401000034, 38.314831205000075 ], [ 45.731905264000034, 38.314524687000073 ], [ 45.737439878000032, 38.313579784000069 ], [ 45.742145973000049, 38.312513694000074 ], [ 45.74628806100003, 38.311743902000046 ], [ 45.752131578000046, 38.311260471000026 ], [ 45.758172195000043, 38.311451393000027 ], [ 45.763176925000039, 38.31232016000007 ], [ 45.766833567000049, 38.314013140000043 ], [ 45.768316224000046, 38.316580934000058 ], [ 45.768716403000042, 38.320016474000056 ], [ 45.768377534000081, 38.324285978000034 ], [ 45.767381218000025, 38.329614211000035 ], [ 45.766671864000045, 38.333210213000029 ], [ 45.766350143000068, 38.337222743000041 ], [ 45.766303228000027, 38.34145877900005 ], [ 45.766490256000054, 38.344886693000035 ], [ 45.767192968000074, 38.34810845700008 ], [ 45.767229241000052, 38.351546364000058 ], [ 45.767693183000063, 38.355720468000072 ], [ 45.768305203000068, 38.360024272000032 ], [ 45.770236986000043, 38.364170706000039 ], [ 45.772493401000077, 38.367269558000032 ], [ 45.777618806000078, 38.369813147000059 ], [ 45.780902240000046, 38.370363593000036 ], [ 45.785268866000081, 38.370046038000055 ], [ 45.788788301000068, 38.368801267000038 ], [ 45.792523617000029, 38.367419750000067 ], [ 45.796880620000081, 38.366245675000073 ], [ 45.800879669000039, 38.365646155000036 ], [ 45.806715087000043, 38.36646230000008 ], [ 45.811464689000047, 38.367862450000075 ], [ 45.817664579000052, 38.368680032000043 ], [ 45.824953741000058, 38.369201237000027 ], [ 45.833322287000044, 38.368569783000055 ], [ 45.844352426000057, 38.368211487000053 ], [ 45.854376192000075, 38.368796750000058 ], [ 45.864647683000044, 38.369203592000076 ], [ 45.874493001000076, 38.370275102000051 ], [ 45.884702790000063, 38.371347540000045 ], [ 45.893456227000058, 38.372425689000067 ], [ 45.903680801000064, 38.37464089000008 ], [ 45.910249928000042, 38.375734599000054 ], [ 45.917080785000053, 38.376857433000055 ], [ 45.925209662000043, 38.377911053000048 ], [ 45.932523057000026, 38.376735610000026 ], [ 45.93917061500008, 38.374384471000042 ], [ 45.946271662000072, 38.373155802000042 ], [ 45.954603680000048, 38.373606443000028 ], [ 45.964501622000057, 38.374728532000063 ], [ 45.974720819000026, 38.376360798000064 ], [ 45.98494051800003, 38.377996672000052 ], [ 45.994072030000041, 38.379924763000076 ], [ 46.002942862000054, 38.381958008000026 ], [ 46.01255737300005, 38.385200774000054 ], [ 46.019877982000025, 38.388615930000071 ], [ 46.027516338000055, 38.392032345000075 ], [ 46.030806119000033, 38.393585058000042 ], [ 46.035795076000056, 38.395938255000033 ], [ 46.043452097000056, 38.400597101000074 ], [ 46.051445171000069, 38.40649607000006 ], [ 46.057264800000041, 38.415149223000071 ], [ 46.060249700000043, 38.424575737000055 ], [ 46.06076908600005, 38.432916042000045 ], [ 46.060149143000046, 38.440369966000048 ], [ 46.060626827000078, 38.448102327000072 ], [ 46.06233671800004, 38.454422166000029 ], [ 46.065661166000041, 38.461299546000077 ], [ 46.068748834000075, 38.466701043000057 ], [ 46.071656618000077, 38.471099280000033 ], [ 46.074881871000059, 38.475188125000045 ], [ 46.078952697000034, 38.479160949000061 ], [ 46.083006846000046, 38.481989283000075 ], [ 46.087646163000045, 38.484825559000058 ], [ 46.091819527000041, 38.485917708000045 ], [ 46.096547500000042, 38.485012913000048 ], [ 46.10052857900007, 38.482970452000075 ], [ 46.106302119000077, 38.478905819000033 ], [ 46.112799847000076, 38.47454564800006 ], [ 46.120039324000061, 38.471038652000061 ], [ 46.128394212000046, 38.468953344000056 ], [ 46.136868348000064, 38.468060345000026 ] ] ] ] } },
{ "type": "Feature", "properties": { "fid": 2, "Code_Bs": "13", "Area": 4.099, "Name_Bs": "قزل اوزن" }, "geometry": { "type": "MultiPolygon", "coordinates": [ [ [ [ 48.040711289000058, 37.873918655000068 ], [ 48.043077757000049, 37.870676947000049 ], [ 48.043566637000026, 37.867006261000029 ], [ 48.042464789000064, 37.862894693000044 ], [ 48.042652528000076, 37.858655159000079 ], [ 48.045008266000082, 37.854958691000036 ], [ 48.049384891000045, 37.851691846000051 ], [ 48.054321764000065, 37.847847179000041 ], [ 48.056418296000061, 37.845411855000066 ], [ 48.062281291000033, 37.844302093000067 ], [ 48.069241091000038, 37.847073737000073 ], [ 48.078092472000037, 37.850849641000025 ], [ 48.089333762000081, 37.852413270000056 ], [ 48.096361116000026, 37.851973992000069 ], [ 48.101657722000027, 37.851212787000065 ], [ 48.102217893000045, 37.850632649000033 ], [ 48.102095957000074, 37.845592605000036 ], [ 48.102691671000059, 37.840542644000038 ], [ 48.103070205000051, 37.838361287000055 ], [ 48.102354301000048, 37.832530517000066 ], [ 48.101233147000073, 37.82773303700003 ], [ 48.100639812000054, 37.826940038000032 ], [ 48.100863687000071, 37.824301004000063 ], [ 48.103855518000046, 37.82334366300006 ], [ 48.113359756000079, 37.824473343000079 ], [ 48.118357986000035, 37.823372435000067 ], [ 48.120812081000054, 37.823911033000059 ], [ 48.125615768000046, 37.826594597000053 ], [ 48.128911772000038, 37.826320044000056 ], [ 48.132299931000034, 37.823979702000031 ], [ 48.135012842000037, 37.823369119000063 ], [ 48.13583744500005, 37.821869539000033 ], [ 48.140255782000054, 37.820546652000075 ], [ 48.142464759000063, 37.816964854000048 ], [ 48.141408961000081, 37.814916286000027 ], [ 48.142072910000081, 37.812729452000042 ], [ 48.142160276000027, 37.810438631000068 ], [ 48.141397206000079, 37.808614246000047 ], [ 48.139216560000079, 37.807501160000072 ], [ 48.138858950000042, 37.804641074000074 ], [ 48.139092383000047, 37.802461230000063 ], [ 48.137890957000081, 37.800301631000025 ], [ 48.134641566000028, 37.796565800000053 ], [ 48.134098232000042, 37.791989760000035 ], [ 48.134579529000064, 37.788201822000076 ], [ 48.134030887000051, 37.783398418000047 ], [ 48.13291416800007, 37.778830869000046 ], [ 48.133437611000033, 37.776762691000044 ], [ 48.133117086000027, 37.775390462000075 ], [ 48.134337659000039, 37.772510856000054 ], [ 48.136829439000053, 37.76880901100003 ], [ 48.136944705000076, 37.767661688000032 ], [ 48.132150105000051, 37.765208019000056 ], [ 48.127220701000056, 37.763100104000046 ], [ 48.124412011000061, 37.759701362000044 ], [ 48.123939961000076, 37.757990746000075 ], [ 48.11860306300008, 37.756803267000066 ], [ 48.114720668000075, 37.756399228000078 ], [ 48.108167565000031, 37.75236476300006 ], [ 48.103474078000033, 37.74807594300006 ], [ 48.097381575000043, 37.742756050000025 ], [ 48.091227156000059, 37.736763951000057 ], [ 48.082992600000068, 37.728050895000024 ], [ 48.077390323000031, 37.721363307000047 ], [ 48.072799083000064, 37.714892328000076 ], [ 48.069830469000067, 37.710347574000025 ], [ 48.066237470000033, 37.703404290000037 ], [ 48.062798626000074, 37.696918638000056 ], [ 48.058766731000048, 37.689522479000061 ], [ 48.053880065000044, 37.682479442000044 ], [ 48.047225169000058, 37.673168564000036 ], [ 48.042350418000069, 37.66658645800004 ], [ 48.037068641000076, 37.661154408000073 ], [ 48.034125327000027, 37.657639662000065 ], [ 48.027910157000065, 37.648552777000077 ], [ 48.024183138000069, 37.641724104000048 ], [ 48.021905901000025, 37.635565442000029 ], [ 48.020080661000065, 37.630433578000066 ], [ 48.019830107000075, 37.62504960900003 ], [ 48.021728612000061, 37.619412347000036 ], [ 48.024387897000054, 37.615940531000035 ], [ 48.028748452000059, 37.611418069000024 ], [ 48.034277448000068, 37.60791057800003 ], [ 48.040958553000053, 37.604618656000071 ], [ 48.048796663000076, 37.601767236000057 ], [ 48.056221773000061, 37.599840546000053 ], [ 48.061913323000056, 37.597361496000076 ], [ 48.067594669000073, 37.594422923000025 ], [ 48.071982204000051, 37.591387147000034 ], [ 48.075646995000056, 37.588131296000029 ], [ 48.078008470000043, 37.584319194000045 ], [ 48.080016881000063, 37.577304137000056 ], [ 48.081157245000043, 37.569955826000069 ], [ 48.081288237000081, 37.562392851000027 ], [ 48.080699114000026, 37.554722535000053 ], [ 48.079396590000044, 37.547176702000058 ], [ 48.079542120000042, 37.540300356000046 ], [ 48.079250931000047, 37.533088509000038 ], [ 48.077964241000075, 37.52601300300006 ], [ 48.077392368000062, 37.519362588000035 ], [ 48.078127982000069, 37.513281751000079 ], [ 48.081666597000037, 37.511058469000034 ], [ 48.083663597000054, 37.51057380900005 ], [ 48.084218544000066, 37.509649271000058 ], [ 48.083318125000062, 37.507713071000069 ], [ 48.084129113000074, 37.505725391000055 ], [ 48.085564458000079, 37.505392785000026 ], [ 48.088318303000051, 37.50684573400008 ], [ 48.090191141000048, 37.507281008000064 ], [ 48.09174596500003, 37.506228884000052 ], [ 48.093568936000054, 37.504257425000048 ], [ 48.095982268000057, 37.503079121000042 ], [ 48.100145563000069, 37.503368530000046 ], [ 48.101583369000082, 37.503576279000072 ], [ 48.103004471000077, 37.502984793000053 ], [ 48.103188316000058, 37.498055875000034 ], [ 48.106090163000033, 37.496105413000066 ], [ 48.10914557600006, 37.491386954000063 ], [ 48.11196056700004, 37.487474416000055 ], [ 48.115237821000051, 37.48618960500005 ], [ 48.117966686000045, 37.486739253000053 ], [ 48.122140849000061, 37.488311564000071 ], [ 48.124433856000053, 37.488406311000062 ], [ 48.129246377000072, 37.484019255000078 ], [ 48.133935958000052, 37.481234580000034 ], [ 48.14337792300006, 37.480472182000028 ], [ 48.150231714000029, 37.478928929000062 ], [ 48.15579219600005, 37.477052705000062 ], [ 48.160752650000063, 37.473234843000057 ], [ 48.163851468000075, 37.46943064900006 ], [ 48.165655241000081, 37.465179073000058 ], [ 48.166313362000039, 37.460937931000046 ], [ 48.165332299000056, 37.451900054000077 ], [ 48.16383872800003, 37.447333656000069 ], [ 48.162885041000038, 37.440358325000034 ], [ 48.163061564000031, 37.432226440000079 ], [ 48.164261370000077, 37.425691215000029 ], [ 48.167032990000052, 37.419028241000035 ], [ 48.171673664000082, 37.413035840000077 ], [ 48.176491312000053, 37.409561350000047 ], [ 48.181713560000048, 37.404366097000036 ], [ 48.185504882000032, 37.399184443000024 ], [ 48.189578870000048, 37.393769789000032 ], [ 48.193211740000038, 37.38755601400004 ], [ 48.196280126000033, 37.381920542000046 ], [ 48.19822337800008, 37.377666977000047 ], [ 48.211472402000027, 37.374007623000068 ], [ 48.217749087000072, 37.372922319000054 ], [ 48.224462051000046, 37.37229330100007 ], [ 48.235032881000052, 37.37151328300007 ], [ 48.233530776000066, 37.366490750000025 ], [ 48.232153906000065, 37.360320485000045 ], [ 48.231923863000077, 37.35425398700005 ], [ 48.233696976000033, 37.348283605000063 ], [ 48.23791422100004, 37.34332521500005 ], [ 48.244851582000081, 37.338686220000056 ], [ 48.24655282100008, 37.337756512000055 ], [ 48.247204416000045, 37.333400266000069 ], [ 48.246406584000056, 37.327682770000024 ], [ 48.246084641000039, 37.325166539000065 ], [ 48.247621242000037, 37.322747922000076 ], [ 48.250035427000057, 37.321697217000064 ], [ 48.254124516000047, 37.322287499000026 ], [ 48.25684160600008, 37.323077630000057 ], [ 48.257306010000036, 37.327885209000044 ], [ 48.259592547000068, 37.32810373600006 ], [ 48.260566405000077, 37.324664322000046 ], [ 48.263549393000062, 37.322586274000059 ], [ 48.264244047000034, 37.320064555000044 ], [ 48.262368431000027, 37.317440354000041 ], [ 48.259081341000069, 37.316997183000069 ], [ 48.257638822000047, 37.315056986000059 ], [ 48.26376194900007, 37.312966692000032 ], [ 48.267042448000041, 37.312493146000065 ], [ 48.269205727000042, 37.315345832000048 ], [ 48.270923757000048, 37.316023612000038 ], [ 48.27189697600005, 37.312584130000062 ], [ 48.272601460000033, 37.311321246000034 ], [ 48.276024096000071, 37.310845770000071 ], [ 48.276293356000053, 37.308784023000044 ], [ 48.274286410000059, 37.307650305000038 ], [ 48.270716351000033, 37.307553164000069 ], [ 48.269707420000032, 37.306297144000041 ], [ 48.27226694400008, 37.304910859000074 ], [ 48.277982516000066, 37.305685053000047 ], [ 48.281121634000044, 37.305440293000061 ], [ 48.282097251000039, 37.302457928000024 ], [ 48.282220177000056, 37.299823591000063 ], [ 48.284478165000053, 37.296492500000056 ], [ 48.287041577000082, 37.295677932000046 ], [ 48.29161569300004, 37.296571054000026 ], [ 48.295601513000065, 37.295178345000068 ], [ 48.297564978000025, 37.290816824000046 ], [ 48.295822265000027, 37.287047431000076 ], [ 48.292812660000038, 37.285459929000069 ], [ 48.292223926000077, 37.28317426600006 ], [ 48.295641300000057, 37.282241136000039 ], [ 48.29860198700004, 37.277644572000042 ], [ 48.303444976000037, 37.276590355000053 ], [ 48.306275130000074, 37.273598780000043 ], [ 48.309834193000029, 37.272663541000043 ], [ 48.315136337000069, 37.275384690000067 ], [ 48.320138532000044, 37.276388610000026 ], [ 48.323122817000069, 37.274883461000059 ], [ 48.32324531200004, 37.272478869000054 ], [ 48.321516182000039, 37.270428133000053 ], [ 48.320216179000056, 37.268489207000073 ], [ 48.321911216000046, 37.266418870000052 ], [ 48.32549437800003, 37.268345401000033 ], [ 48.328790851000065, 37.27016050800006 ], [ 48.333037345000037, 37.266130588000067 ], [ 48.336575331000063, 37.262676876000057 ], [ 48.338680332000081, 37.25854273300007 ], [ 48.340237468000055, 37.257160791000047 ], [ 48.343950540000037, 37.257598711000071 ], [ 48.345924292000063, 37.254839916000037 ], [ 48.343768216000058, 37.252905198000065 ], [ 48.340899673000081, 37.25108967400007 ], [ 48.340746178000074, 37.249830368000062 ], [ 48.341591229000073, 37.248567632000061 ], [ 48.342014598000048, 37.247992550000049 ], [ 48.335512882000046, 37.238238114000069 ], [ 48.333685384000034, 37.23980780800008 ], [ 48.325224526000056, 37.241561884000077 ], [ 48.321251733000054, 37.237995174000048 ], [ 48.317645940000034, 37.237922917000049 ], [ 48.312807626000051, 37.23963526600005 ], [ 48.310978712000065, 37.241202405000024 ], [ 48.303167115000065, 37.236113895000074 ], [ 48.303233252000041, 37.237627985000074 ], [ 48.298661251000055, 37.241546539000069 ], [ 48.297745325000051, 37.242331174000071 ], [ 48.294447485000035, 37.239388935000079 ], [ 48.283236167000041, 37.235909652000032 ], [ 48.282322950000037, 37.236694094000029 ], [ 48.265985716000046, 37.231837057000064 ], [ 48.266051099000038, 37.233351205000076 ], [ 48.251871895000079, 37.234500921000063 ], [ 48.245278901000063, 37.235355477000041 ], [ 48.237411966000082, 37.236017031000074 ], [ 48.22970218200004, 37.233123750000061 ], [ 48.221851533000063, 37.22999952300006 ], [ 48.213858549000065, 37.226761492000037 ], [ 48.207571403000031, 37.22582159500007 ], [ 48.199713147000068, 37.224644540000043 ], [ 48.187571688000048, 37.222302961000025 ], [ 48.176429364000057, 37.220311734000063 ], [ 48.173142649000056, 37.220068792000063 ], [ 48.164712486000042, 37.219116462000045 ], [ 48.156005303000029, 37.216328287000067 ], [ 48.147307036000029, 37.212165129000027 ], [ 48.140045650000047, 37.206631898000069 ], [ 48.133512837000069, 37.198810521000041 ], [ 48.129403080000031, 37.192373144000044 ], [ 48.125006059000043, 37.186393715000065 ], [ 48.121037453000042, 37.180528957000035 ], [ 48.117648384000063, 37.173407587000042 ], [ 48.113689262000037, 37.166283074000035 ], [ 48.110581077000063, 37.160194797000031 ], [ 48.10632731700008, 37.154672613000059 ], [ 48.10164670100005, 37.149035293000054 ], [ 48.09881040700003, 37.145581901000071 ], [ 48.095101886000066, 37.144762062000041 ], [ 48.087953293000055, 37.145874537000054 ], [ 48.074818186000073, 37.145006658000057 ], [ 48.062664410000082, 37.147008874000051 ], [ 48.055232783000065, 37.147543258000042 ], [ 48.047527264000053, 37.146356419000028 ], [ 48.041163501000028, 37.146765566000056 ], [ 48.029849504000026, 37.145744524000065 ], [ 48.00632803700006, 37.141318218000038 ], [ 47.999222389000067, 37.13972099800003 ], [ 47.991639521000081, 37.137662331000058 ], [ 47.980381246000036, 37.133497060000025 ], [ 47.971256752000045, 37.128101947000062 ], [ 47.960039012000038, 37.121759086000054 ], [ 47.946799967000061, 37.115758967000033 ], [ 47.940323794000051, 37.113582862000044 ], [ 47.937823164000065, 37.11274247700004 ], [ 47.927563189000068, 37.109606072000076 ], [ 47.916152023000052, 37.107488318000037 ], [ 47.855247251000037, 37.096968894000042 ], [ 47.799171385000079, 37.090669798000079 ], [ 47.794610576000025, 37.089612730000056 ], [ 47.783490064000034, 37.08759684100005 ], [ 47.77349947700003, 37.086844339000038 ], [ 47.765076837000038, 37.086441905000072 ], [ 47.756503226000063, 37.086722745000031 ], [ 47.753215595000029, 37.08692758400008 ], [ 47.750067616000081, 37.087473779000049 ], [ 47.745473124000057, 37.088305733000027 ], [ 47.739497046000054, 37.089311387000066 ], [ 47.733875037000075, 37.090117080000027 ], [ 47.728835978000063, 37.090422465000074 ], [ 47.722097518000055, 37.090291328000035 ], [ 47.71619548700005, 37.090039259000037 ], [ 47.709056156000031, 37.088758585000051 ], [ 47.703221103000033, 37.086965614000064 ], [ 47.697502460000067, 37.085072826000044 ], [ 47.692354659000046, 37.082301680000057 ], [ 47.688239011000064, 37.080200786000034 ], [ 47.686033404000057, 37.079770927000027 ], [ 47.680110985000056, 37.077097889000072 ], [ 47.673588257000063, 37.073171957000056 ], [ 47.669060875000071, 37.069101611000065 ], [ 47.666269572000033, 37.065927001000034 ], [ 47.663518594000038, 37.064357740000048 ], [ 47.656475476000026, 37.06249942900007 ], [ 47.650841976000038, 37.059820657000046 ], [ 47.645154963000039, 37.054961974000037 ], [ 47.64075229000008, 37.049973019000049 ], [ 47.637213874000054, 37.045316124000067 ], [ 47.634029931000043, 37.043521475000034 ], [ 47.630239274000076, 37.040244249000068 ], [ 47.627572173000033, 37.036148968000077 ], [ 47.624792248000063, 37.033315511000069 ], [ 47.622500937000041, 37.033001232000061 ], [ 47.616548378000061, 37.034802164000041 ], [ 47.609582734000071, 37.036039334000066 ], [ 47.603268384000046, 37.034630355000047 ], [ 47.595274969000059, 37.034616328000027 ], [ 47.592870726000058, 37.035563348000039 ], [ 47.591198242000075, 37.03730764800008 ], [ 47.591820796000036, 37.039479408000034 ], [ 47.593571514000075, 37.041063253000061 ], [ 47.591511417000049, 37.044532787000037 ], [ 47.590571748000059, 37.047067618000028 ], [ 47.591212545000076, 37.050041030000045 ], [ 47.58900837200008, 37.053396517000067 ], [ 47.588591414000064, 37.059941433000063 ], [ 47.587971981000067, 37.063965207000024 ], [ 47.586281190000079, 37.064903288000039 ], [ 47.580921542000056, 37.061530276000042 ], [ 47.574480808000033, 37.060692542000027 ], [ 47.572077536000052, 37.061636880000037 ], [ 47.569983828000034, 37.063615326000047 ], [ 47.567286123000031, 37.064106348000053 ], [ 47.564971932000049, 37.062757355000031 ], [ 47.56291563800005, 37.060258235000049 ], [ 47.560889297000074, 37.059020089000057 ], [ 47.555915561000063, 37.059769521000078 ], [ 47.552682274000063, 37.061641560000055 ], [ 47.549136419000035, 37.062371220000045 ], [ 47.544850239000027, 37.061960896000073 ], [ 47.54270626400006, 37.061759074000065 ], [ 47.54017822000003, 37.06327770200005 ], [ 47.53251214200003, 37.064746193000076 ], [ 47.528243822000036, 37.065488412000036 ], [ 47.52614292100003, 37.067349100000058 ], [ 47.525054322000074, 37.070003771000074 ], [ 47.526108760000056, 37.073097172000075 ], [ 47.526956254000027, 37.076330152000025 ], [ 47.524816806000047, 37.075069017000033 ], [ 47.520077854000078, 37.071447942000077 ], [ 47.513914240000076, 37.064641881000057 ], [ 47.51104818500005, 37.05848663300003 ], [ 47.508864905000053, 37.050942533000068 ], [ 47.507982560000073, 37.043843997000067 ], [ 47.507266902000026, 37.037661142000047 ], [ 47.506538727000077, 37.030901774000029 ], [ 47.504652490000069, 37.023355775000027 ], [ 47.503364425000029, 37.016946140000073 ], [ 47.502232405000029, 37.011109961000045 ], [ 47.500335173000053, 37.00287466900005 ], [ 47.499942910000073, 36.998059240000032 ], [ 47.497996518000036, 36.995964387000072 ], [ 47.495501800000056, 36.993565612000054 ], [ 47.492168992000074, 36.991754405000052 ], [ 47.488445575000071, 36.990404151000064 ], [ 47.48386995900006, 36.989745276000065 ], [ 47.48144054100004, 36.989532512000039 ], [ 47.476317780000045, 36.990944052000032 ], [ 47.471604676000027, 36.990634539000041 ], [ 47.467744689000028, 36.990086298000051 ], [ 47.463283879000073, 36.986562886000058 ], [ 47.458548421000046, 36.984070121000059 ], [ 47.453079778000074, 36.979634430000033 ], [ 47.44875451300004, 36.975305560000038 ], [ 47.443704360000027, 36.96971848000004 ], [ 47.439810699000077, 36.965614689000063 ], [ 47.42933475600006, 36.959604418000026 ], [ 47.416588698000055, 36.954639797000027 ], [ 47.405125244000033, 36.949321095000073 ], [ 47.39395796000008, 36.945033952000074 ], [ 47.38264735000007, 36.940629197000078 ], [ 47.371331324000039, 36.935421348000034 ], [ 47.360440389000075, 36.929638411000042 ], [ 47.350554183000042, 36.924535271000025 ], [ 47.339661367000076, 36.918173609000064 ], [ 47.331203232000064, 36.912946024000064 ], [ 47.323460766000039, 36.907827733000033 ], [ 47.312715463000075, 36.901577786000075 ], [ 47.306698238000081, 36.898056014000076 ], [ 47.301401204000058, 36.895331101000068 ], [ 47.298968044000048, 36.89408267400006 ], [ 47.300354157000072, 36.889141742000049 ], [ 47.300610067000036, 36.885470929000064 ], [ 47.298721588000035, 36.881120630000055 ], [ 47.295130100000051, 36.877585054000065 ], [ 47.28825587700004, 36.87337586700005 ], [ 47.280809958000077, 36.868942918000073 ], [ 47.270941808000032, 36.864404852000064 ], [ 47.263224237000031, 36.86146304500005 ], [ 47.250084970000046, 36.857514973000036 ], [ 47.248146215000077, 36.858383769000056 ], [ 47.248521885000059, 36.856176891000075 ], [ 47.249946066000064, 36.854189671000029 ], [ 47.250377945000025, 36.851466420000065 ], [ 47.248092006000036, 36.846863650000046 ], [ 47.24237934100006, 36.842841523000061 ], [ 47.23695187800007, 36.839158478000058 ], [ 47.233382150000068, 36.835359161000042 ], [ 47.230955147000032, 36.830528854000079 ], [ 47.228670431000069, 36.826387551000039 ], [ 47.225529889000029, 36.821671890000061 ], [ 47.220105740000065, 36.817413403000046 ], [ 47.215966422000065, 36.81350023400006 ], [ 47.212113392000049, 36.809588345000066 ], [ 47.208974140000066, 36.806366060000073 ], [ 47.20469242300004, 36.804406398000026 ], [ 47.197413642000072, 36.801983778000078 ], [ 47.190135917000077, 36.798181717000034 ], [ 47.186284339000053, 36.795303150000052 ], [ 47.183431952000035, 36.79230921900006 ], [ 47.177150482000059, 36.79368171200008 ], [ 47.167726977000029, 36.797001664000049 ], [ 47.162443310000072, 36.799407446000032 ], [ 47.157586412000057, 36.803078326000048 ], [ 47.154012672000079, 36.80721021200003 ], [ 47.150008814000046, 36.813181647000079 ], [ 47.14872002900006, 36.816627603000029 ], [ 47.146996483000066, 36.824673473000075 ], [ 47.144990220000068, 36.830761860000052 ], [ 47.144273689000045, 36.833059559000048 ], [ 47.143272689000071, 36.833976652000047 ], [ 47.141558855000028, 36.834088664000035 ], [ 47.133566037000037, 36.830742179000026 ], [ 47.127426631000048, 36.82992616000007 ], [ 47.120000237000056, 36.830486980000046 ], [ 47.114573381000071, 36.830937419000065 ], [ 47.106577021000078, 36.830347123000024 ], [ 47.099295648000066, 36.829527348000056 ], [ 47.091729927000074, 36.828018129000043 ], [ 47.086735999000041, 36.82616812100008 ], [ 47.080744925000033, 36.823165923000033 ], [ 47.074323979000042, 36.820966316000067 ], [ 47.067471811000075, 36.820146092000073 ], [ 47.06076309000008, 36.819210321000071 ], [ 47.054486632000078, 36.816666880000071 ], [ 47.049068967000039, 36.813549489000025 ], [ 47.043655977000071, 36.80859309300007 ], [ 47.03824307800005, 36.803981186000044 ], [ 47.033684973000049, 36.800174596000033 ], [ 47.028694935000033, 36.79797727700003 ], [ 47.026814341000033, 36.796468106000077 ], [ 47.024428647000036, 36.792103581000049 ], [ 47.021441103000029, 36.788760961000037 ], [ 47.018455797000058, 36.784613798000066 ], [ 47.019325969000079, 36.779903166000054 ], [ 47.021336014000042, 36.775540443000068 ], [ 47.021775406000074, 36.77163252400004 ], [ 47.019503133000057, 36.767948689000036 ], [ 47.01694387100008, 36.764607669000043 ], [ 47.016094803000044, 36.762420593000058 ], [ 47.016390564000062, 36.758742701000074 ], [ 47.016968115000054, 36.75644580900007 ], [ 47.014695357000051, 36.753221548000056 ], [ 47.008711679000044, 36.750445279000076 ], [ 47.004150641000081, 36.74916797700007 ], [ 47.000299670000061, 36.748811429000057 ], [ 46.997683314000028, 36.748553454000046 ], [ 46.994416279000063, 36.749705075000065 ], [ 46.994416164000029, 36.74970511600003 ], [ 46.992678678000061, 36.752093972000068 ], [ 46.988583617000074, 36.755058011000074 ], [ 46.98511734300007, 36.756136669000057 ], [ 46.981757590000029, 36.756485619000046 ], [ 46.981757507000054, 36.756485620000035 ], [ 46.97770728100005, 36.756174484000042 ], [ 46.977707198000076, 36.756174479000038 ], [ 46.974298473000033, 36.755379366000057 ], [ 46.974298392000037, 36.755379351000045 ], [ 46.969090664000078, 36.754616190000036 ], [ 46.969090582000035, 36.754616187000067 ], [ 46.965758400000027, 36.754811468000071 ], [ 46.964933642000062, 36.755027435000045 ], [ 46.964547500000037, 36.755028717000073 ], [ 46.964547405000076, 36.755028717000073 ], [ 46.961084129000028, 36.756195089000073 ], [ 46.958799218000081, 36.757936251000046 ], [ 46.957069207000075, 36.760688996000056 ], [ 46.955988958000034, 36.764025909000054 ], [ 46.954422787000055, 36.769076563000056 ], [ 46.952361764000045, 36.775496324000073 ], [ 46.95006092400007, 36.780811348000043 ], [ 46.947618928000054, 36.784767636000026 ], [ 46.944943787000057, 36.787878188000036 ], [ 46.942346167000039, 36.789878782000073 ], [ 46.940050514000063, 36.791277265000076 ], [ 46.937020498000038, 36.792944549000026 ], [ 46.934615382000061, 36.794175712000026 ], [ 46.932845236000048, 36.795396508000067 ], [ 46.931509333000065, 36.79703610100006 ], [ 46.930291938000039, 36.799185259000069 ], [ 46.929294421000066, 36.801668834000054 ], [ 46.928308277000042, 36.804580348000059 ], [ 46.927527108000049, 36.807231651000052 ], [ 46.926966662000041, 36.810221875000025 ], [ 46.926511171000072, 36.813208142000065 ], [ 46.926363696000067, 36.815765792000036 ], [ 46.925893955000049, 36.818157411000072 ], [ 46.925205533000053, 36.820295691000069 ], [ 46.924095526000031, 36.822528672000033 ], [ 46.922450201000061, 36.824513424000031 ], [ 46.920055952000041, 36.826255629000059 ], [ 46.917655884000055, 36.827741003000028 ], [ 46.914528092000069, 36.829835182000068 ], [ 46.911634218000074, 36.832775018000063 ], [ 46.90927541700006, 36.835963068000069 ], [ 46.90725143700007, 36.839828454000042 ], [ 46.904332783000029, 36.846089899000049 ], [ 46.901880857000037, 36.849790799000061 ], [ 46.896708557000068, 36.854981729000031 ], [ 46.894132628000079, 36.858001699000056 ], [ 46.892928005000044, 36.860747404000051 ], [ 46.892845505000025, 36.863122636000071 ], [ 46.89284557700006, 36.863122966000049 ], [ 46.894574208000051, 36.871079639000072 ], [ 46.894758897000031, 36.872216587000025 ], [ 46.894759058000034, 36.87221758000004 ], [ 46.895277745000044, 36.874331202000064 ], [ 46.895614676000037, 36.877454432000036 ], [ 46.895614821000038, 36.877455016000056 ], [ 46.897343053000043, 36.884402059000024 ], [ 46.898941455000056, 36.890949398000032 ], [ 46.900820199000066, 36.896345292000035 ], [ 46.901662804000068, 36.899129158000051 ], [ 46.901662848000058, 36.899129305000031 ], [ 46.902055285000074, 36.899595049000027 ], [ 46.903183739000042, 36.902301206000061 ], [ 46.903454702000033, 36.904680849000044 ], [ 46.902865237000071, 36.906562782000037 ], [ 46.90195462500003, 36.908366483000066 ], [ 46.90020669900008, 36.910607197000047 ], [ 46.89913550600005, 36.912417952000055 ], [ 46.898481902000071, 36.913784885000041 ], [ 46.898095608000062, 36.915323299000079 ], [ 46.897830690000035, 36.917456893000065 ], [ 46.897450675000073, 36.919249826000055 ], [ 46.89706645800004, 36.920873827000037 ], [ 46.896357513000055, 36.922248392000029 ], [ 46.895432497000058, 36.923455151000041 ], [ 46.893979341000033, 36.924755953000044 ], [ 46.891674658000056, 36.925984682000035 ], [ 46.889147574000049, 36.92679103200004 ], [ 46.886830846000066, 36.927508362000026 ], [ 46.884732217000078, 36.928479061000075 ], [ 46.883590903000027, 36.929517913000041 ], [ 46.883098327000027, 36.931057965000036 ], [ 46.883129755000027, 36.932335083000055 ], [ 46.88368937100006, 36.933518198000058 ], [ 46.88460912100004, 36.934535610000069 ], [ 46.88544137000008, 36.935703121000074 ], [ 46.886223388000076, 36.937308562000055 ], [ 46.886696053000037, 36.939259159000073 ], [ 46.886756938000076, 36.941727795000077 ], [ 46.887348196000062, 36.944188 ], [ 46.888472637000064, 36.946723091000024 ], [ 46.888852116000066, 36.949186654000073 ], [ 46.888779132000082, 36.950551052000037 ], [ 46.888210258000072, 36.952867464000065 ], [ 46.887943986000039, 36.955415655000024 ], [ 46.887926673000038, 36.957869754000058 ], [ 46.88833938700003, 36.960312506000037 ], [ 46.889099768000051, 36.962562700000035 ], [ 46.890214337000032, 36.964854567000032 ], [ 46.891555165000057, 36.966811585000073 ], [ 46.893010445000073, 36.968624804000058 ], [ 46.894226065000055, 36.97025480800005 ], [ 46.894783713000038, 36.971424369000033 ], [ 46.894890532000034, 36.973353720000034 ], [ 46.893808548000038, 36.974738727000044 ], [ 46.892120873000067, 36.975425853000047 ], [ 46.890013316000079, 36.975741092000078 ], [ 46.890013235000026, 36.97574110100004 ], [ 46.888313482000058, 36.975910106000072 ], [ 46.888313399000026, 36.975910108000051 ], [ 46.886443178000036, 36.976316147000034 ], [ 46.88486980700003, 36.976859398000045 ], [ 46.883136517000025, 36.978065376000075 ], [ 46.881707685000038, 36.979690119000054 ], [ 46.881143405000046, 36.980640933000075 ], [ 46.880405267000071, 36.981689138000036 ], [ 46.879261615000075, 36.982980355000052 ], [ 46.87751995900004, 36.983855153000036 ], [ 46.876240469000038, 36.984393642000043 ], [ 46.874447909000025, 36.985600433000059 ], [ 46.873190300000033, 36.987033095000072 ], [ 46.872177478000026, 36.988885498000059 ], [ 46.871570926000061, 36.990497145000063 ], [ 46.870972921000032, 36.992487205000032 ], [ 46.870497404000048, 36.994662353000024 ], [ 46.869847213000071, 36.996932635000064 ], [ 46.869305775000043, 36.998827156000061 ], [ 46.868677086000048, 37.000601372000062 ], [ 46.868451295000057, 37.001476945000036 ], [ 46.86821085400004, 37.002873254000065 ], [ 46.868144722000068, 37.003901788000064 ], [ 46.868456904000027, 37.005435857000066 ], [ 46.868865782000057, 37.007189223000069 ], [ 46.868921442000044, 37.009461897000051 ], [ 46.868706145000033, 37.011885300000074 ], [ 46.867938840000079, 37.014170933000059 ], [ 46.866790606000052, 37.015876705000039 ], [ 46.865813689000049, 37.017063773000075 ], [ 46.863651908000065, 37.018492525000056 ], [ 46.861119435000035, 37.019703982000067 ], [ 46.859485889000041, 37.020243343000061 ], [ 46.858030638000059, 37.020633427000064 ], [ 46.856299684000078, 37.020953449000046 ], [ 46.854650107000055, 37.020832794000057 ], [ 46.854650025000069, 37.020832784000049 ], [ 46.853087488000028, 37.020564291000028 ], [ 46.853087406000043, 37.020564282000066 ], [ 46.851516589000028, 37.019928599000025 ], [ 46.849848450000081, 37.019073592000041 ], [ 46.848361885000031, 37.018143627000029 ], [ 46.846880701000032, 37.017434377000029 ], [ 46.844402160000072, 37.017105664000042 ], [ 46.844402077000041, 37.017105656000069 ], [ 46.841939407000041, 37.017436842000052 ], [ 46.841645715000027, 37.017560414000059 ], [ 46.841645693000032, 37.017560463000052 ], [ 46.839540204000059, 37.022142864000045 ], [ 46.834755904000076, 37.027340907000053 ], [ 46.834398035000049, 37.027684454000052 ], [ 46.834397865000028, 37.02768461800008 ], [ 46.833095128000025, 37.030187679000051 ], [ 46.830814565000026, 37.033733504000054 ], [ 46.828511806000051, 37.036684763000039 ], [ 46.826346360000059, 37.038746073000027 ], [ 46.824476361000052, 37.039915009000026 ], [ 46.822693165000032, 37.040749097000059 ], [ 46.820236468000076, 37.041248752000058 ], [ 46.818011532000071, 37.04147008800004 ], [ 46.813709756000037, 37.044586693000042 ], [ 46.813233146000073, 37.044945166000048 ], [ 46.81323304700004, 37.044945240000061 ], [ 46.813066569000057, 37.045795266000027 ], [ 46.812807668000062, 37.04820572400007 ], [ 46.811921808000079, 37.05088038100007 ], [ 46.810227455000074, 37.052808020000043 ], [ 46.807413009000072, 37.054245724000054 ], [ 46.804425326000057, 37.055050573000074 ], [ 46.801282527000069, 37.055986141000062 ], [ 46.798626580000075, 37.057421231000035 ], [ 46.797400017000029, 37.059086974000024 ], [ 46.796826721000059, 37.061630600000058 ], [ 46.797032651000052, 37.06365542900005 ], [ 46.79818197600008, 37.065413589000059 ], [ 46.800113553000074, 37.066776807000053 ], [ 46.803943987000025, 37.068113374000063 ], [ 46.806490179000036, 37.068707774000075 ], [ 46.806490260000032, 37.06870778900003 ], [ 46.809663572000034, 37.069040194000024 ], [ 46.81250192400006, 37.068616051000049 ], [ 46.812502006000045, 37.068616042000031 ], [ 46.815502123000044, 37.068317787000069 ], [ 46.81550220500003, 37.068317783000055 ], [ 46.818350210000062, 37.068274144000043 ], [ 46.818350292000048, 37.068274150000036 ], [ 46.821051600000033, 37.068739666000056 ], [ 46.822974597000041, 37.069724094000037 ], [ 46.824598902000048, 37.071472431000075 ], [ 46.82528979500006, 37.073870537000062 ], [ 46.825198477000072, 37.076659230000075 ], [ 46.824486126000068, 37.079966717000048 ], [ 46.823332647000029, 37.084673499000075 ], [ 46.822320384000079, 37.090232083000046 ], [ 46.82152405800008, 37.095093334000069 ], [ 46.820981712000048, 37.098905165000076 ], [ 46.820433930000036, 37.102462457000058 ], [ 46.81989143900006, 37.106272029000024 ], [ 46.819507854000051, 37.110081411000067 ], [ 46.81926955800003, 37.113379325000039 ], [ 46.818876813000031, 37.116808042000059 ], [ 46.818349314000045, 37.121250534000069 ], [ 46.817353218000051, 37.125957079000045 ], [ 46.815888267000048, 37.130920908000064 ], [ 46.814870712000072, 37.134739978000027 ], [ 46.81386511200003, 37.139063581000073 ], [ 46.813450845000034, 37.14160482300008 ], [ 46.813084254000046, 37.14617325200004 ], [ 46.812358749000055, 37.148973866000063 ], [ 46.810993987000074, 37.151529632000063 ], [ 46.809138426000061, 37.153457463000052 ], [ 46.80695417700008, 37.154885552000053 ], [ 46.804456256000037, 37.156444561000058 ], [ 46.802597414000047, 37.158246160000033 ], [ 46.801226177000046, 37.160549550000042 ], [ 46.800650096000027, 37.162967023000078 ], [ 46.800719209000079, 37.165879414000074 ], [ 46.801589027000034, 37.169162679000067 ], [ 46.802447534000066, 37.171936876000075 ], [ 46.802252071000055, 37.174731612000073 ], [ 46.801467941000055, 37.177402359000041 ], [ 46.800275703000068, 37.180588536000073 ], [ 46.798311954000042, 37.184674190000067 ], [ 46.796635378000076, 37.187486885000055 ], [ 46.794656283000052, 37.190939553000078 ], [ 46.792051809000043, 37.194782448000069 ], [ 46.788667066000073, 37.199141799000074 ], [ 46.785419476000072, 37.202613466000059 ], [ 46.782787982000059, 37.205314179000027 ], [ 46.779838789000053, 37.208019609000075 ], [ 46.777511838000066, 37.210208652000063 ], [ 46.774693980000052, 37.211771849000058 ], [ 46.772328240000036, 37.212314262000064 ], [ 46.770117298000059, 37.212426193000056 ], [ 46.770117215000027, 37.212426191000077 ], [ 46.76820379600008, 37.212249743000029 ], [ 46.768203713000048, 37.212249740000061 ], [ 46.765826175000029, 37.212285218000034 ], [ 46.765826092000054, 37.212285216000055 ], [ 46.763149358000078, 37.213086695000072 ], [ 46.76159029300004, 37.214250037000056 ], [ 46.76052186000004, 37.216039224000042 ], [ 46.759791610000036, 37.218713405000074 ], [ 46.759544649000077, 37.221756690000063 ], [ 46.758996305000039, 37.225442117000057 ], [ 46.758297549000076, 37.229508317000068 ], [ 46.757443196000054, 37.233703001000038 ], [ 46.756145706000041, 37.239299002000052 ], [ 46.754503887000055, 37.243757702000039 ], [ 46.752371803000074, 37.247592733000033 ], [ 46.750236538000081, 37.25129933900007 ], [ 46.748724077000077, 37.254489731000035 ], [ 46.746735256000079, 37.257687134000037 ], [ 46.744885066000052, 37.259996943000033 ], [ 46.742234886000062, 37.262063886000078 ], [ 46.739893555000037, 37.263745436000079 ], [ 46.736923151000042, 37.265690789000075 ], [ 46.733956191000061, 37.267762198000071 ], [ 46.730532362000076, 37.270727986000054 ], [ 46.72695325400008, 37.273819871000057 ], [ 46.722880235000048, 37.276161756000079 ], [ 46.720045091000031, 37.277090768000051 ], [ 46.717036264000058, 37.27738682200004 ], [ 46.717036182000072, 37.27738682100005 ], [ 46.714330785000072, 37.277045258000044 ], [ 46.714330702000041, 37.277045251000061 ], [ 46.710655331000055, 37.275958299000024 ], [ 46.708324873000038, 37.27486534600007 ], [ 46.704719666000074, 37.273130516000037 ], [ 46.702631420000046, 37.272018186000025 ], [ 46.699739176000037, 37.270412643000043 ], [ 46.696370734000027, 37.26881385400003 ], [ 46.692526121000071, 37.267221777000032 ], [ 46.689166423000074, 37.266001199000073 ], [ 46.685656787000028, 37.265163456000039 ], [ 46.68136527200005, 37.26484595900007 ], [ 46.681365189000076, 37.264845954000066 ], [ 46.678835678000041, 37.265260406000039 ], [ 46.675997558000063, 37.266062226000031 ], [ 46.672697067000058, 37.267503676000047 ], [ 46.669699500000036, 37.268305346000034 ], [ 46.666059442000062, 37.268737440000052 ], [ 46.666059360000077, 37.268737447000035 ], [ 46.663047825000035, 37.268905979000067 ], [ 46.66304774200006, 37.268905979000067 ], [ 46.660364324000057, 37.269576817000029 ], [ 46.65879766300003, 37.270486565000056 ], [ 46.657873502000029, 37.271768094000038 ], [ 46.657433964000063, 37.273421376000044 ], [ 46.657631395000067, 37.275191918000075 ], [ 46.658301745000074, 37.27682965200006 ], [ 46.659162005000042, 37.279859479000038 ], [ 46.659340058000055, 37.280744761000051 ], [ 46.659376218000034, 37.282391377000067 ], [ 46.658811520000029, 37.285569611000028 ], [ 46.659170376000077, 37.287464065000052 ], [ 46.66064287100005, 37.289471329000037 ], [ 46.662739349000049, 37.290962828000033 ], [ 46.666275111000061, 37.292941008000071 ], [ 46.670910716000037, 37.294396576000054 ], [ 46.676663733000055, 37.296090747000051 ], [ 46.681622536000077, 37.297793672000068 ], [ 46.687397981000061, 37.300500949000025 ], [ 46.691589793000048, 37.303354519000038 ], [ 46.695155346000035, 37.306599959000039 ], [ 46.699379179000061, 37.310847530000046 ], [ 46.702983546000041, 37.315063304000034 ], [ 46.706892283000059, 37.320119526000042 ], [ 46.710502348000034, 37.325263298000039 ], [ 46.712687075000076, 37.330553776000045 ], [ 46.71344623400006, 37.335993300000041 ], [ 46.713055818000043, 37.339800120000064 ], [ 46.711869034000074, 37.343492287000061 ], [ 46.709579154000039, 37.347581184000035 ], [ 46.705885770000066, 37.35283266700003 ], [ 46.702647953000053, 37.357187460000034 ], [ 46.699871687000041, 37.360902380000027 ], [ 46.699137317000066, 37.363573970000061 ], [ 46.699188783000068, 37.365855727000053 ], [ 46.699875898000073, 37.368126094000047 ], [ 46.700747596000042, 37.371536174000028 ], [ 46.700500891000047, 37.374707724000075 ], [ 46.699298719000069, 37.377766829000052 ], [ 46.697669350000069, 37.379791078000039 ], [ 46.695094771000072, 37.381630578000056 ], [ 46.691168792000042, 37.383714683000051 ], [ 46.688025154000059, 37.385280520000038 ], [ 46.686319655000034, 37.387204308000037 ], [ 46.685406668000041, 37.388992850000079 ], [ 46.684668722000026, 37.391538218000051 ], [ 46.683769053000049, 37.393957453000041 ], [ 46.68192997400007, 37.397025453000026 ], [ 46.678984716000059, 37.400363752000032 ], [ 46.674628078000069, 37.404607489000057 ], [ 46.668706523000026, 37.410015543000043 ], [ 46.663570603000039, 37.415029206000042 ], [ 46.659053397000037, 37.419274636000068 ], [ 46.65546732200005, 37.422495172000026 ], [ 46.652201408000053, 37.425835050000046 ], [ 46.648776326000075, 37.42917705900004 ], [ 46.645189342000037, 37.432397299000058 ], [ 46.639729135000039, 37.43631939900007 ], [ 46.635098326000048, 37.439294698000026 ], [ 46.630452947000038, 37.44223396700005 ], [ 46.626208920000067, 37.44457268900004 ], [ 46.620224015000076, 37.447315935000063 ], [ 46.614076322000074, 37.449934925000036 ], [ 46.608397542000034, 37.45216642400004 ], [ 46.603028918000064, 37.454014908000033 ], [ 46.59908775100007, 37.455715405000035 ], [ 46.594677656000044, 37.457802894000054 ], [ 46.590280719000077, 37.460523193000029 ], [ 46.587163872000076, 37.463606931000072 ], [ 46.584213770000076, 37.46706914400005 ], [ 46.581062423000049, 37.46850610000007 ], [ 46.57677547600008, 37.46894192700006 ], [ 46.576775393000048, 37.468941928000049 ], [ 46.572313564000069, 37.468622865000043 ], [ 46.572313481000037, 37.468622861000028 ], [ 46.567695302000061, 37.468429626000045 ], [ 46.567695219000029, 37.468429622000031 ], [ 46.563978063000036, 37.469152600000029 ], [ 46.561404108000033, 37.470849516000044 ], [ 46.56017300700006, 37.473979714000052 ], [ 46.559740118000036, 37.476139497000077 ], [ 46.559816498000032, 37.479813468000032 ], [ 46.560198437000054, 37.482850251000059 ], [ 46.560120438000069, 37.486780868000039 ], [ 46.559899918000042, 37.491472695000027 ], [ 46.55948872700003, 37.494646125000031 ], [ 46.558480191000058, 37.499729137000031 ], [ 46.556964718000074, 37.503424092000046 ], [ 46.554577668000036, 37.506695636000075 ], [ 46.551072207000061, 37.510979994000024 ], [ 46.547649277000062, 37.514828300000033 ], [ 46.544637495000075, 37.518466089000071 ], [ 46.541746364000062, 37.52200083200006 ], [ 46.538014683000029, 37.52635986100006 ], [ 46.535373591000052, 37.529562226000053 ], [ 46.53258025100007, 37.533147299000063 ], [ 46.529324803000065, 37.537497619000078 ], [ 46.525758532000054, 37.542234909000058 ], [ 46.521721385000035, 37.54735670000008 ], [ 46.51831584100006, 37.552215620000027 ], [ 46.515183893000028, 37.556944752000049 ], [ 46.512595354000041, 37.560781335000058 ], [ 46.510444850000056, 37.564736183000036 ], [ 46.508769183000027, 37.568560996000031 ], [ 46.508064537000052, 37.573132706000024 ], [ 46.50781732300004, 37.576982053000052 ], [ 46.507405197000026, 37.580797453000059 ], [ 46.507362906000026, 37.583017379000069 ], [ 46.506810939000047, 37.585937794000074 ], [ 46.505809062000026, 37.588172219000057 ], [ 46.50462810700003, 37.590199374000065 ], [ 46.503191514000036, 37.592506914000069 ], [ 46.501941529000078, 37.595438447000049 ], [ 46.501292439000053, 37.597873381000056 ], [ 46.50108356800007, 37.600514512000075 ], [ 46.501126756000076, 37.602663494000069 ], [ 46.500822432000064, 37.604888999000025 ], [ 46.500079353000046, 37.606633394000028 ], [ 46.496871680000027, 37.611777577000055 ], [ 46.493416497000055, 37.617172655000047 ], [ 46.489941275000035, 37.62162380500007 ], [ 46.484894957000051, 37.626723273000039 ], [ 46.479451415000028, 37.63182751100004 ], [ 46.475978809000026, 37.634660441000051 ], [ 46.472930605000045, 37.63740460300005 ], [ 46.471674732000054, 37.639092133000077 ], [ 46.471085411000047, 37.639883588000032 ], [ 46.470134711000071, 37.643365326000037 ], [ 46.470227015000034, 37.647041350000052 ], [ 46.47243566700007, 37.651371427000072 ], [ 46.473696738000058, 37.654489832000024 ], [ 46.475068542000031, 37.658830305000038 ], [ 46.476449974000047, 37.663648308000063 ], [ 46.477497465000056, 37.668948144000069 ], [ 46.477228798000056, 37.672696262000045 ], [ 46.476441025000042, 37.676178245000074 ], [ 46.475463512000033, 37.678779359000032 ], [ 46.473415565000039, 37.68194586900006 ], [ 46.470963424000047, 37.684358073000055 ], [ 46.468157640000072, 37.68656508600003 ], [ 46.466066518000048, 37.689581045000068 ], [ 46.465776958000049, 37.691975243000059 ], [ 46.466659973000048, 37.69433908700006 ], [ 46.469392172000028, 37.696970547000035 ], [ 46.473209164000025, 37.699169303000076 ], [ 46.477719895000064, 37.701769313000057 ], [ 46.48156382600007, 37.705260761000034 ], [ 46.483600875000036, 37.708504456000071 ], [ 46.484951288000047, 37.711689171000046 ], [ 46.486034244000052, 37.714399573000037 ], [ 46.487191520000067, 37.716496171000074 ], [ 46.488422381000078, 37.717978973000072 ], [ 46.490680446000056, 37.719090527000048 ], [ 46.490680530000077, 37.719090533000042 ], [ 46.493081062000044, 37.719280948000062 ], [ 46.49581300400007, 37.718633459000046 ], [ 46.498093434000054, 37.71785645600005 ], [ 46.498093517000029, 37.717856457000039 ], [ 46.500084234000042, 37.717804103000049 ], [ 46.500826940000081, 37.718731950000063 ], [ 46.501747386000034, 37.71982201000003 ], [ 46.503333200000043, 37.72155248100006 ], [ 46.505245875000071, 37.723276502000033 ], [ 46.506026636000058, 37.723976266000079 ], [ 46.507073908000052, 37.724913702000038 ], [ 46.508764296000038, 37.726473774000056 ], [ 46.510375163000049, 37.72816552200004 ], [ 46.511817491000045, 37.729726474000074 ], [ 46.513164638000035, 37.73127736400005 ], [ 46.515079126000046, 37.733066536000024 ], [ 46.516332039000076, 37.734476653000058 ], [ 46.517833672000052, 37.736011980000058 ], [ 46.519585929000073, 37.737868506000041 ], [ 46.52108035200007, 37.739079433000029 ], [ 46.522480740000049, 37.739644908000059 ], [ 46.52248082400007, 37.739644915000042 ], [ 46.524361786000043, 37.739816612000027 ], [ 46.524361870000064, 37.739816622000035 ], [ 46.526000200000055, 37.740054515000054 ], [ 46.527155285000049, 37.740623114000073 ], [ 46.527829688000054, 37.741650809000078 ], [ 46.527945881000051, 37.743334637000032 ], [ 46.528554754000027, 37.745140503000073 ], [ 46.529889202000049, 37.74645703200008 ], [ 46.531207377000044, 37.747050506000051 ], [ 46.532930812000075, 37.747480976000077 ], [ 46.532930896000039, 37.747480983000059 ], [ 46.535222580000038, 37.747710248000033 ], [ 46.535222664000059, 37.747710249000079 ], [ 46.537505635000059, 37.747552061000079 ], [ 46.537505717000045, 37.74755205200006 ], [ 46.540191750000076, 37.747127189000025 ], [ 46.542468748000033, 37.746644530000026 ], [ 46.545394074000058, 37.745957305000047 ], [ 46.547990222000067, 37.74513464000006 ], [ 46.551523800000041, 37.743925562000072 ], [ 46.556300255000053, 37.742118669000035 ], [ 46.560444371000074, 37.740069862000041 ], [ 46.565016436000064, 37.738515419000066 ], [ 46.569611798000039, 37.738039731000072 ], [ 46.569611882000061, 37.738039738000055 ], [ 46.574332420000076, 37.738558063000028 ], [ 46.577814896000064, 37.739921937000076 ], [ 46.582897600000081, 37.742679171000077 ], [ 46.588064304000056, 37.744436925000059 ], [ 46.593425490000072, 37.745527148000065 ], [ 46.593425570000079, 37.745527163000077 ], [ 46.598572241000056, 37.746369948000051 ], [ 46.598572324000031, 37.746369960000038 ], [ 46.603189308000026, 37.746888526000077 ], [ 46.603189390000068, 37.746888531000025 ], [ 46.607588261000046, 37.746995328000025 ], [ 46.607588345000067, 37.746995326000047 ], [ 46.614694204000045, 37.746483605000037 ], [ 46.614694287000077, 37.746483600000033 ], [ 46.621072494000032, 37.746145938000041 ], [ 46.621072578000053, 37.74614593900003 ], [ 46.62715223400005, 37.746560071000033 ], [ 46.627152318000071, 37.746560073000069 ], [ 46.631754927000031, 37.746415318000061 ], [ 46.631755010000063, 37.746415311000078 ], [ 46.637285768000027, 37.745673934000024 ], [ 46.643336847000057, 37.744758320000074 ], [ 46.643336930000032, 37.744758312000044 ], [ 46.650128821000067, 37.744248835000064 ], [ 46.650128904000042, 37.744248828000025 ], [ 46.655560566000077, 37.743755821000036 ], [ 46.660353604000079, 37.742775885000071 ], [ 46.66471623700005, 37.741301652000061 ], [ 46.668763464000051, 37.739750614000059 ], [ 46.673125743000071, 37.73827607700008 ], [ 46.677193206000027, 37.737636963000057 ], [ 46.677193290000048, 37.737636966000025 ], [ 46.680543184000044, 37.737672603000078 ], [ 46.680543268000065, 37.737672607000036 ], [ 46.685158270000045, 37.738104624000073 ], [ 46.685158353000077, 37.738104625000062 ], [ 46.688188480000065, 37.737894533000031 ], [ 46.691418404000046, 37.737266919000035 ], [ 46.694939666000039, 37.735639172000049 ], [ 46.698481616000038, 37.734923518000073 ], [ 46.698481700000059, 37.734923522000031 ], [ 46.701205843000025, 37.735048698000071 ], [ 46.701205926000057, 37.735048706000043 ], [ 46.704983564000031, 37.735494282000047 ], [ 46.704983646000073, 37.735494284000026 ], [ 46.707699501000036, 37.735288237000077 ], [ 46.707699583000078, 37.735288229000048 ], [ 46.712289700000042, 37.734640333000073 ], [ 46.717392713000038, 37.733567966000066 ], [ 46.721563702000026, 37.732925824000063 ], [ 46.721563784000068, 37.732925815000044 ], [ 46.72532476300006, 37.732622981000077 ], [ 46.725324845000046, 37.732622978000052 ], [ 46.731083866000063, 37.732786358000055 ], [ 46.739224766000063, 37.731837364000057 ], [ 46.745059501000071, 37.730753002000029 ], [ 46.750369658000068, 37.729595035000045 ], [ 46.756405346000065, 37.728175929000031 ], [ 46.762962043000073, 37.726667612000028 ], [ 46.768739391000054, 37.725170633000062 ], [ 46.775540166000042, 37.723155526000028 ], [ 46.779893279000078, 37.721429362000038 ], [ 46.783512673000075, 37.719630781000035 ], [ 46.786396920000072, 37.717757618000064 ], [ 46.788638580000054, 37.715233995000062 ], [ 46.790549351000038, 37.712048452000033 ], [ 46.793023844000061, 37.706195697000055 ], [ 46.795491986000059, 37.700095149000049 ], [ 46.798703734000071, 37.694481131000032 ], [ 46.80228717500006, 37.691269864000049 ], [ 46.805799698000044, 37.689472244000058 ], [ 46.810484153000061, 37.688569018000067 ], [ 46.810484236000036, 37.688569022000024 ], [ 46.815405890000079, 37.688826782000035 ], [ 46.815405972000065, 37.688826789000075 ], [ 46.821908454000038, 37.689555591000044 ], [ 46.82190853600008, 37.689555603000031 ], [ 46.827373571000066, 37.690635827000051 ], [ 46.827373653000052, 37.69063583500008 ], [ 46.829987363000043, 37.690595291000079 ], [ 46.834466645000077, 37.68986102000008 ], [ 46.834466729000042, 37.689861025000027 ], [ 46.83802743900003, 37.690053392000038 ], [ 46.841393660000051, 37.690832234000027 ], [ 46.845519971000044, 37.692761654000037 ], [ 46.849095353000052, 37.693534746000068 ], [ 46.849095409000029, 37.693534744000033 ], [ 46.849095437000074, 37.693534747000058 ], [ 46.85285712600006, 37.693392321000033 ], [ 46.85712527000004, 37.692579398000078 ], [ 46.860243307000076, 37.691782226000043 ], [ 46.863768929000059, 37.690563970000028 ], [ 46.867704090000075, 37.689005671000075 ], [ 46.87131970300004, 37.687204481000038 ], [ 46.875233648000062, 37.68481715300004 ], [ 46.879463224000062, 37.682505775000038 ], [ 46.88268477500003, 37.681708618000073 ], [ 46.882684858000061, 37.681708627000035 ], [ 46.886360644000035, 37.682314500000075 ], [ 46.888723342000048, 37.68476627900003 ], [ 46.890064460000076, 37.68815137100006 ], [ 46.890276114000073, 37.692383677000066 ], [ 46.889332214000035, 37.696386672000074 ], [ 46.889748834000045, 37.699757284000043 ], [ 46.891743438000049, 37.701924245000043 ], [ 46.894634775000043, 37.703360297000074 ], [ 46.894634859000064, 37.703360306000036 ], [ 46.898415972000066, 37.70396409600005 ], [ 46.898416055000041, 37.703964104000079 ], [ 46.904070898000043, 37.704206334000048 ], [ 46.904070982000064, 37.704206335000038 ], [ 46.909195034000049, 37.704123450000054 ], [ 46.909195117000081, 37.704123453000079 ], [ 46.913390177000053, 37.70455333600006 ], [ 46.915611864000027, 37.705513086000053 ], [ 46.917011719000072, 37.707069692000061 ], [ 46.917485434000071, 37.709220376000076 ], [ 46.917133652000075, 37.711801295000043 ], [ 46.915964754000072, 37.715141247000076 ], [ 46.915025592000063, 37.719311068000025 ], [ 46.91471146400005, 37.722450113000036 ], [ 46.914949024000066, 37.72446044600008 ], [ 46.915843236000057, 37.726689911000051 ], [ 46.917688068000075, 37.729232841000055 ], [ 46.920283980000079, 37.73251375500007 ], [ 46.922370518000037, 37.73630083200004 ], [ 46.923734929000034, 37.740514212000051 ], [ 46.924589853000043, 37.745233809000069 ], [ 46.925626110000053, 37.748871244000043 ], [ 46.926735114000053, 37.751261570000054 ], [ 46.927814031000025, 37.752489829000069 ], [ 46.929419918000065, 37.753876170000069 ], [ 46.930731875000049, 37.756015300000058 ], [ 46.931734038000059, 37.758323963000066 ], [ 46.932533570000032, 37.760886023000069 ], [ 46.93352507000003, 37.762780292000059 ], [ 46.935136624000052, 37.764752234000071 ], [ 46.93704060500005, 37.766561635000073 ], [ 46.939530342000069, 37.768246459000068 ], [ 46.941237405000038, 37.769464243000073 ], [ 46.943264499000065, 37.770924551000064 ], [ 46.944564072000048, 37.77256355600008 ], [ 46.945244722000041, 37.77454620900005 ], [ 46.945352461000027, 37.776734330000068 ], [ 46.944936490000032, 37.778786908000029 ], [ 46.944576766000068, 37.781036818000075 ], [ 46.944329918000051, 37.783613799000079 ], [ 46.944584930000076, 37.785355649000053 ], [ 46.94568208000004, 37.787248057000056 ], [ 46.947921937000046, 37.788788120000049 ], [ 46.95056085300007, 37.789575794000029 ], [ 46.952926457000046, 37.790413001000047 ], [ 46.95502717100004, 37.792158 ], [ 46.955712518000041, 37.794811890000062 ], [ 46.955300732000069, 37.79854965100003 ], [ 46.955776250000042, 37.800700103000054 ], [ 46.957292561000031, 37.802585431000068 ], [ 46.960475490000078, 37.804111817000035 ], [ 46.964591326000061, 37.805289117000029 ], [ 46.969452007000029, 37.806868362000046 ], [ 46.97369083600006, 37.808707907000041 ], [ 46.977417936000052, 37.810970435000058 ], [ 46.980514289000041, 37.813160093000079 ], [ 46.983822467000039, 37.815431710000041 ], [ 46.986771442000077, 37.816188548000071 ], [ 46.986771526000041, 37.816188553000075 ], [ 46.988036077000061, 37.816273091000028 ], [ 46.989804800000059, 37.815828672000066 ], [ 46.992284951000045, 37.814540850000071 ], [ 46.997344106000071, 37.811796657000059 ], [ 47.000656890000073, 37.810330069000031 ], [ 47.00429052700008, 37.809103501000038 ], [ 47.008922504000054, 37.807679557000029 ], [ 47.011552318000042, 37.806487911000033 ], [ 47.013901840000074, 37.804206067000052 ], [ 47.016439760000026, 37.801339689000031 ], [ 47.020107621000079, 37.797539183000026 ], [ 47.024097008000069, 37.794064222000031 ], [ 47.028482856000039, 37.790618348000066 ], [ 47.033932943000082, 37.78608829500007 ], [ 47.037744503000056, 37.783780726000032 ], [ 47.040360152000062, 37.78248280300005 ], [ 47.044380957000044, 37.781421783000042 ], [ 47.044381040000076, 37.781421786000067 ], [ 47.047941871000035, 37.781443282000055 ], [ 47.047941954000066, 37.781443290000027 ], [ 47.051326935000077, 37.782060252000065 ], [ 47.054068022000081, 37.783330457000034 ], [ 47.056254907000039, 37.785572276000039 ], [ 47.05859730800006, 37.788068168000052 ], [ 47.060493242000064, 37.790607870000031 ], [ 47.062839048000058, 37.793725424000058 ], [ 47.065749855000035, 37.796733889000052 ], [ 47.068737386000066, 37.798794698000052 ], [ 47.072350677000031, 37.800533513000062 ], [ 47.076056307000044, 37.801964188000056 ], [ 47.080484015000081, 37.802965198000038 ], [ 47.080484098000056, 37.802965202000053 ], [ 47.086041686000044, 37.803200309000033 ], [ 47.090627391000055, 37.802371014000073 ], [ 47.093735493000054, 37.801153285000055 ], [ 47.096828707000043, 37.799437843000078 ], [ 47.100329256000066, 37.797298266000041 ], [ 47.103420499000038, 37.79549933100003 ], [ 47.10630935100005, 37.793951757000059 ], [ 47.109930233000057, 37.792393253000057 ], [ 47.113875291000056, 37.791157747000057 ], [ 47.118145, 37.79033531500005 ], [ 47.118145084000048, 37.790335313000071 ], [ 47.122532095000054, 37.789922903000047 ], [ 47.122532178000029, 37.789922898000043 ], [ 47.126823703000071, 37.78984547400006 ], [ 47.126823787000035, 37.78984547500005 ], [ 47.130278278000048, 37.79000607200004 ], [ 47.13027836200007, 37.79000607100005 ], [ 47.13404563000006, 37.789714832000072 ], [ 47.136417296000047, 37.788425966000034 ], [ 47.137611366000044, 37.786246009000024 ], [ 47.137849018000054, 37.783583258000078 ], [ 47.137046981000026, 37.781189448000077 ], [ 47.135120136000069, 37.779728459000069 ], [ 47.131956531000071, 37.778956706000031 ], [ 47.131956450000075, 37.77895669000003 ], [ 47.129325828000049, 37.778506398000047 ], [ 47.129325745000074, 37.778506389000029 ], [ 47.127425329000062, 37.777959478000071 ], [ 47.126243258000045, 37.776899422000042 ], [ 47.125881524000079, 37.775245549000033 ], [ 47.126459239000042, 37.773491360000037 ], [ 47.127876798000045, 37.771803104000071 ], [ 47.130564574000061, 37.770592011000076 ], [ 47.134528967000051, 37.770105699000055 ], [ 47.134529050000026, 37.770105705000049 ], [ 47.138307973000053, 37.770451691000062 ], [ 47.142108585000074, 37.771545141000047 ], [ 47.145610298000065, 37.773144056000035 ], [ 47.149853642000039, 37.77506050900007 ], [ 47.153133665000041, 37.776246454000045 ], [ 47.155664927000032, 37.776862509000068 ], [ 47.155665011000053, 37.776862514000072 ], [ 47.158811194000066, 37.77705495500004 ], [ 47.15881127800003, 37.777054959000054 ], [ 47.161851499000079, 37.77716590600005 ], [ 47.161851582000054, 37.777165901000046 ], [ 47.165713388000029, 37.776761527000076 ], [ 47.169463733000043, 37.776111258000071 ], [ 47.172676760000058, 37.774972891000061 ], [ 47.17557725100005, 37.773923568000043 ], [ 47.180217867000067, 37.771510512000077 ], [ 47.183892846000049, 37.768288369000061 ], [ 47.186812219000046, 37.764329928000052 ], [ 47.188731270000062, 37.76196929200006 ], [ 47.191317549000075, 37.760923173000037 ], [ 47.19131763200005, 37.760923174000027 ], [ 47.194665673000031, 37.760860844000035 ], [ 47.197734074000039, 37.761966129000029 ], [ 47.200705739000057, 37.763323214000025 ], [ 47.20569462800006, 37.765638245000048 ], [ 47.209740356000054, 37.767887402000042 ], [ 47.212295863000065, 37.769335351000052 ], [ 47.214824187000033, 37.769869081000024 ], [ 47.214824221000072, 37.769869074000042 ], [ 47.217192909000062, 37.769405479000056 ], [ 47.218864838000059, 37.768015503000072 ], [ 47.219616067000061, 37.765543448000074 ], [ 47.219825253000067, 37.762052033000032 ], [ 47.219912767000039, 37.757979411000065 ], [ 47.220750086000066, 37.754476153000041 ], [ 47.222885053000027, 37.752358720000075 ], [ 47.225993751000033, 37.75130424200006 ], [ 47.225993834000064, 37.75130424300005 ], [ 47.229236451000077, 37.751242928000067 ], [ 47.232297394000057, 37.752097381000056 ], [ 47.236011628000028, 37.753772927000057 ], [ 47.239778784000066, 37.75538651800008 ], [ 47.244819663000044, 37.757757471000048 ], [ 47.247909432000029, 37.759525635000045 ], [ 47.250896228000045, 37.761379039000076 ], [ 47.254188393000049, 37.762489832000028 ], [ 47.254188476000081, 37.762489837000032 ], [ 47.257532702000049, 37.762745690000031 ], [ 47.261270456000034, 37.761966593000068 ], [ 47.265811628000051, 37.759597168000028 ], [ 47.270445779000056, 37.757099617000051 ], [ 47.273972220000076, 37.756035825000026 ], [ 47.278039513000067, 37.755540458000041 ], [ 47.278039597000031, 37.755540464000035 ], [ 47.281295069000066, 37.75589423200006 ], [ 47.281295151000052, 37.755894245000036 ], [ 47.286564085000066, 37.757037909000076 ], [ 47.291731535000054, 37.75826442400006 ], [ 47.296168702000045, 37.759590557000024 ], [ 47.299667054000054, 37.761018208000053 ], [ 47.302642926000033, 37.762453715000049 ], [ 47.304860766000047, 37.763074930000073 ], [ 47.30486082300007, 37.763074927000048 ], [ 47.304860849000079, 37.763074930000073 ], [ 47.307055410000032, 37.762948614000038 ], [ 47.309215789000064, 37.761743802000069 ], [ 47.310600487000045, 37.759141634000059 ], [ 47.312617700000033, 37.756693746000053 ], [ 47.315896237000061, 37.75566285900004 ], [ 47.315896321000025, 37.755662862000065 ], [ 47.318763922000073, 37.755743869000071 ], [ 47.32246452000004, 37.756916791000037 ], [ 47.325100620000057, 37.757529377000026 ], [ 47.325100667000072, 37.757529372000079 ], [ 47.325100704000079, 37.757529375000047 ], [ 47.327291727000045, 37.757319401000075 ], [ 47.329034035000063, 37.756122489000063 ], [ 47.33031301300008, 37.753522188000034 ], [ 47.331754150000052, 37.752745724000079 ], [ 47.331754234000073, 37.752745721000053 ], [ 47.333736675000068, 37.752539759000058 ], [ 47.333736704000046, 37.752539762000026 ], [ 47.335637778000034, 37.753083308000043 ], [ 47.336942205000071, 37.754636682000069 ], [ 47.338422869000055, 37.758428122000055 ], [ 47.340493742000035, 37.761043094000058 ], [ 47.343462533000036, 37.762229886000057 ], [ 47.343462616000068, 37.762229889000025 ], [ 47.346292399000049, 37.76234026000003 ], [ 47.349297291000028, 37.761367964000044 ], [ 47.352697342000056, 37.759637505000057 ], [ 47.356010811000033, 37.758492167000043 ], [ 47.356010894000065, 37.758492165000064 ], [ 47.360267635000071, 37.758082543000057 ], [ 47.360267718000046, 37.758082541000078 ], [ 47.364927051000052, 37.758376566000038 ], [ 47.36936606200004, 37.759454324000046 ], [ 47.373680208000053, 37.761126923000063 ], [ 47.373680291000028, 37.761126933000071 ], [ 47.377891806000036, 37.761873261000062 ], [ 47.377891889000068, 37.761873269000034 ], [ 47.382081459000062, 37.761955319000037 ], [ 47.382081542000037, 37.761955313000044 ], [ 47.38541847700003, 37.761554364000062 ], [ 47.389050191000081, 37.760568364000051 ], [ 47.392143213000054, 37.759093068000027 ], [ 47.395104463000052, 37.756791333000024 ], [ 47.396781299000054, 37.753601022000055 ], [ 47.397406362000027, 37.750265389000049 ], [ 47.398597377000044, 37.748247396000068 ], [ 47.400453238000068, 37.747380554000074 ], [ 47.400453322000033, 37.747380554000074 ], [ 47.403169568000067, 37.747241821000046 ], [ 47.405599474000041, 37.747940155000038 ], [ 47.408182031000081, 37.750128941000071 ], [ 47.411304742000027, 37.75280448400008 ], [ 47.414400031000071, 37.754651467000031 ], [ 47.418849776000059, 37.756306103000043 ], [ 47.423388318000036, 37.757458609000025 ], [ 47.423388400000078, 37.757458626000073 ], [ 47.426754722000055, 37.757970527000055 ], [ 47.42675480500003, 37.757970540000031 ], [ 47.431009864000032, 37.758585657000026 ], [ 47.431009947000064, 37.758585665000055 ], [ 47.43599243500006, 37.758775583000045 ], [ 47.435992518000035, 37.758775582000055 ], [ 47.440901179000036, 37.758423902000061 ], [ 47.440901261000079, 37.758423896000068 ], [ 47.445280579000041, 37.757918544000063 ], [ 47.449551725000049, 37.756843070000059 ], [ 47.454636195000035, 37.755182790000049 ], [ 47.459792840000034, 37.753631172000041 ], [ 47.464359493000075, 37.752454377000049 ], [ 47.468620368000074, 37.751536127000065 ], [ 47.474240548000068, 37.750586927000029 ], [ 47.480078011000046, 37.749882951000075 ], [ 47.480078094000078, 37.749882944000035 ], [ 47.486240418000079, 37.749502980000045 ], [ 47.486240501000054, 37.749502975000041 ], [ 47.489898521000043, 37.749342357000046 ], [ 47.49322520100003, 37.748690768000074 ], [ 47.494270375000042, 37.748132478000059 ], [ 47.495487573000048, 37.747480424000059 ], [ 47.497831723000047, 37.745603733000053 ], [ 47.50037922100006, 37.743555975000049 ], [ 47.503125743000055, 37.741735971000026 ], [ 47.50603535700003, 37.740613048000057 ], [ 47.508947268000043, 37.74025369800006 ], [ 47.508947351000074, 37.740253704000054 ], [ 47.511682224000026, 37.740492781000057 ], [ 47.514757559000032, 37.741672956000059 ], [ 47.518996562000041, 37.743242678000058 ], [ 47.52395660600007, 37.744465641000033 ], [ 47.523956689000045, 37.744465648000073 ], [ 47.528929035000033, 37.745068611000079 ], [ 47.528929118000065, 37.745068615000037 ], [ 47.53259668000004, 37.744989818000079 ], [ 47.532596763000072, 37.744989811000039 ], [ 47.535453102000076, 37.744603968000035 ], [ 47.53889422900005, 37.743646765000051 ], [ 47.542616257000077, 37.742320705000054 ], [ 47.546643524000046, 37.740737874000047 ], [ 47.550278422000076, 37.739753625000048 ], [ 47.550278506000041, 37.73975362300007 ], [ 47.55515415800005, 37.739260498000078 ], [ 47.555154241000025, 37.739260493000074 ], [ 47.558087986000032, 37.739196820000075 ], [ 47.558088070000053, 37.739196820000075 ], [ 47.562919153000053, 37.739305817000059 ], [ 47.562919237000074, 37.739305824000041 ], [ 47.568284047000077, 37.740103583000064 ], [ 47.568284129000062, 37.740103597000029 ], [ 47.572334510000076, 37.740828443000055 ], [ 47.576286671000048, 37.741906748000076 ], [ 47.580653651000034, 37.743735001000061 ], [ 47.584475601000065, 37.745221367000056 ], [ 47.588513258000035, 37.747052041000074 ], [ 47.592031298000052, 37.74888499900004 ], [ 47.595330987000068, 37.750472605000027 ], [ 47.598738625000067, 37.752141086000051 ], [ 47.60234390200003, 37.753473948000078 ], [ 47.60646360700008, 37.754545260000043 ], [ 47.606463691000044, 37.754545264000058 ], [ 47.610867497000072, 37.754778869000063 ], [ 47.614092608000078, 37.754209479000053 ], [ 47.616570214000035, 37.753242108000052 ], [ 47.618588554000041, 37.751120238000055 ], [ 47.619468292000079, 37.749357066000073 ], [ 47.620330358000047, 37.747094175000029 ], [ 47.621773458000064, 37.743491490000054 ], [ 47.62312840900006, 37.740388604000032 ], [ 47.624847759000033, 37.738309333000075 ], [ 47.626782979000041, 37.737684990000048 ], [ 47.626783062000072, 37.737684991000037 ], [ 47.628982471000029, 37.737635925000063 ], [ 47.628982554000061, 37.737635930000067 ], [ 47.631100480000043, 37.737969338000028 ], [ 47.63320716700008, 37.739483405000044 ], [ 47.635305029000051, 37.741445917000078 ], [ 47.637708357000065, 37.74429813200004 ], [ 47.640019540000026, 37.747485762000053 ], [ 47.641185879000034, 37.750566110000079 ], [ 47.642036767000036, 37.75416713900006 ], [ 47.64308432100006, 37.757132986000045 ], [ 47.64461594100004, 37.759008903000051 ], [ 47.647283978000075, 37.760444761000031 ], [ 47.651106129000027, 37.761935678000043 ], [ 47.654860090000057, 37.763459544000057 ], [ 47.65833936000007, 37.764935424000043 ], [ 47.662475477000044, 37.766662168000039 ], [ 47.667784934000053, 37.768992943000057 ], [ 47.672275151000065, 37.771339814000044 ], [ 47.676970109000081, 37.773808004000045 ], [ 47.680398517000071, 37.775971442000071 ], [ 47.684386415000063, 37.779119962000038 ], [ 47.687417396000058, 37.781875691000039 ], [ 47.690354071000058, 37.784881288000065 ], [ 47.692877201000044, 37.78806071200006 ], [ 47.695583352000028, 37.790490249000072 ], [ 47.698262486000033, 37.792172452000045 ], [ 47.70016096300003, 37.792545665000034 ], [ 47.702242027000068, 37.792164528000058 ], [ 47.704067871000063, 37.790545734000034 ], [ 47.706158568000035, 37.787591747000079 ], [ 47.708957874000077, 37.783954631000029 ], [ 47.710882214000037, 37.78216677100005 ], [ 47.713257466000073, 37.781283076000079 ], [ 47.713257550000037, 37.781283080000037 ], [ 47.715669710000043, 37.781391909000035 ], [ 47.71771588200005, 37.78241246400006 ], [ 47.719506293000052, 37.78450665500003 ], [ 47.721750421000081, 37.785619429000064 ], [ 47.721750505000045, 37.785619437000037 ], [ 47.724210073000052, 37.785952252000072 ], [ 47.724210104000065, 37.785952252000072 ], [ 47.727757604000033, 37.785514198000044 ], [ 47.727757688000054, 37.785514205000027 ], [ 47.730385358000035, 37.785786681000047 ], [ 47.732825290000051, 37.786642404000077 ], [ 47.735612371000059, 37.788404587000059 ], [ 47.738719838000065, 37.790325946000053 ], [ 47.742356824000069, 37.79239933100007 ], [ 47.745889859000044, 37.794477276000066 ], [ 47.749422297000081, 37.796552873000053 ], [ 47.752290431000063, 37.797648222000078 ], [ 47.752290514000038, 37.797648228000071 ], [ 47.755550043000028, 37.797988707000059 ], [ 47.760125679000055, 37.797133640000027 ], [ 47.760125763000076, 37.797133641000073 ], [ 47.762637272000063, 37.797074730000077 ], [ 47.762637354000049, 37.79707473600007 ], [ 47.765062467000064, 37.797515618000034 ], [ 47.768250487000046, 37.798769760000027 ], [ 47.768250545000058, 37.798769754000034 ], [ 47.770336817000043, 37.798553992000052 ], [ 47.772171223000043, 37.797181744000056 ], [ 47.773644251000064, 37.79457453200007 ], [ 47.774729849000039, 37.79280540600007 ], [ 47.776048390000028, 37.791952108000032 ], [ 47.778274030000034, 37.79148286700007 ], [ 47.778274113000066, 37.791482877000078 ], [ 47.780139151000071, 37.791846559000078 ], [ 47.782389383000066, 37.793205808000039 ], [ 47.785070467000025, 37.794885952000072 ], [ 47.787501956000028, 37.795492931000069 ], [ 47.787502034000056, 37.795492933000048 ], [ 47.789701748000027, 37.795524172000057 ], [ 47.793960230000039, 37.794591959000059 ], [ 47.793960313000071, 37.794591963000073 ], [ 47.796758214000079, 37.794735015000072 ], [ 47.798918856000057, 37.79555318000007 ], [ 47.800354061000064, 37.797512625000024 ], [ 47.801196251000079, 37.800398476000055 ], [ 47.803071955000064, 37.802928577000046 ], [ 47.80605861600003, 37.804353161000051 ], [ 47.806058700000051, 37.804353165000066 ], [ 47.809311561000072, 37.804523360000076 ], [ 47.812837741000067, 37.803607936000049 ], [ 47.815733187000035, 37.802626402000044 ], [ 47.819259186000068, 37.801710791000062 ], [ 47.82373627700008, 37.80102230500006 ], [ 47.827801271000055, 37.800510244000066 ], [ 47.827801355000076, 37.80051024800008 ], [ 47.831472502000054, 37.800672035000048 ], [ 47.831472585000029, 37.800672047000035 ], [ 47.83590543400004, 37.801560977000065 ], [ 47.839009529000066, 37.80331301800004 ], [ 47.842357918000062, 37.805971381000063 ], [ 47.84605911500006, 37.809862297000052 ], [ 47.849478218000058, 37.814104566000026 ], [ 47.852014818000043, 37.818259990000058 ], [ 47.854586432000076, 37.821621590000063 ], [ 47.857674827000039, 37.825306218000037 ], [ 47.861262170000032, 37.82901466900006 ], [ 47.864291599000069, 37.83174544600007 ], [ 47.866829082000038, 37.834015083000054 ], [ 47.87090282500003, 37.837992943000074 ], [ 47.874845109000034, 37.84155488500005 ], [ 47.878527030000043, 37.844620732000067 ], [ 47.881970851000062, 37.846944435000069 ], [ 47.885928851000074, 37.849007640000025 ], [ 47.889997784000059, 37.851232420000031 ], [ 47.893075904000057, 37.85375848800004 ], [ 47.895043919000045, 37.857005581000067 ], [ 47.895809008000072, 37.860473720000073 ], [ 47.895732915000053, 37.863881468000045 ], [ 47.895027068000047, 37.86703581900008 ], [ 47.895027173000074, 37.867035728000076 ], [ 47.899252392000051, 37.863366805000055 ], [ 47.907408255000064, 37.862588875000029 ], [ 47.916532362000055, 37.864534494000054 ], [ 47.926707238000063, 37.867588543000068 ], [ 47.93650544500008, 37.872029651000048 ], [ 47.942802132000054, 37.875070899000036 ], [ 47.946031810000079, 37.876819114000057 ], [ 47.947633062000079, 37.877351142000066 ], [ 47.953067564000037, 37.87675531800005 ], [ 47.962155927000026, 37.874121104000039 ], [ 47.966104700000074, 37.872305177000044 ], [ 47.972867088000044, 37.872589477000076 ], [ 47.981053916000064, 37.876152999000055 ], [ 47.989888226000062, 37.881528517000049 ], [ 47.993993354000054, 37.88713645200005 ], [ 47.997006814000031, 37.890605144000062 ], [ 47.998927810000055, 37.89192569800008 ], [ 47.999812040000052, 37.892475283000067 ], [ 48.006353973000046, 37.892010908000032 ], [ 48.008501906000049, 37.891640632000076 ], [ 48.010180972000057, 37.889669531000038 ], [ 48.010765477000064, 37.883820601000025 ], [ 48.011302924000063, 37.882207568000069 ], [ 48.014272402000074, 37.880108762000077 ], [ 48.021982067000067, 37.877946758000064 ], [ 48.029717560000051, 37.87692785400003 ], [ 48.033883401000026, 37.876874536000059 ], [ 48.036889255000062, 37.876373498000078 ], [ 48.040711289000058, 37.873918655000068 ] ] ] ] } },
{ "type": "Feature", "properties": { "fid": 3, "Code_Bs": "15", "Area": 4.099, "Name_Bs": "ارس" }, "geometry": { "type": "MultiPolygon", "coordinates": [ [ [ [ 47.917823425000051, 37.966722574000073 ], [ 47.926603531000069, 37.959638609000081 ], [ 47.932689466000056, 37.953540280000027 ], [ 47.936336511000036, 37.947615216000031 ], [ 47.935976115000074, 37.942137082000045 ], [ 47.933935277000046, 37.934182569000029 ], [ 47.93182983500003, 37.931833899000026 ], [ 47.92135552700006, 37.928670776000047 ], [ 47.91211508400005, 37.923984970000049 ], [ 47.906681463000041, 37.917375311000058 ], [ 47.905672442000025, 37.91362949300003 ], [ 47.903828968000028, 37.91058453900007 ], [ 47.897350711000058, 37.90663117500003 ], [ 47.892385527000044, 37.904581938000035 ], [ 47.887434445000054, 37.899216378000062 ], [ 47.885467436000056, 37.89298001800006 ], [ 47.886048921000054, 37.885766571000033 ], [ 47.888061503000074, 37.878998047000039 ], [ 47.88804400500004, 37.879018488000042 ], [ 47.885509744000046, 37.881238636000035 ], [ 47.882873435000079, 37.883542325000064 ], [ 47.88033904100007, 37.88576687300008 ], [ 47.877951762000066, 37.886938075000046 ], [ 47.87502792500004, 37.887397019000048 ], [ 47.871784964000028, 37.88688606900007 ], [ 47.868645208000032, 37.887165415000027 ], [ 47.866241323000054, 37.888390849000075 ], [ 47.864172107000059, 37.890644267000027 ], [ 47.862585979000073, 37.89300753200007 ], [ 47.85955229700005, 37.895906051000054 ], [ 47.854616422000049, 37.89843170000006 ], [ 47.85015955800003, 37.899787715000059 ], [ 47.846521813000038, 37.900623670000073 ], [ 47.842139400000065, 37.900837779000028 ], [ 47.838432107000074, 37.900238020000074 ], [ 47.833983481000075, 37.899097368000071 ], [ 47.829880607000064, 37.897925701000077 ], [ 47.825638422000054, 37.897140175000061 ], [ 47.822001097000054, 37.898196115000076 ], [ 47.819892725000045, 37.900769582000066 ], [ 47.819667822000042, 37.90318073800006 ], [ 47.81940942500006, 37.905254808000052 ], [ 47.819216769000036, 37.907840891000035 ], [ 47.818581344000052, 37.910428575000026 ], [ 47.817021846000046, 37.91353846800007 ], [ 47.814664771000025, 37.916316031000065 ], [ 47.812131418000035, 37.919471693000048 ], [ 47.808897004000073, 37.92328378600007 ], [ 47.805386243000044, 37.927521367000054 ], [ 47.803212944000052, 37.931060204000062 ], [ 47.802478705000055, 37.933816852000064 ], [ 47.802912599000081, 37.936964635000038 ], [ 47.804038968000043, 37.94175380300004 ], [ 47.804520962000026, 37.94614385400007 ], [ 47.804573512000047, 37.950291855000046 ], [ 47.805145030000062, 37.954265287000055 ], [ 47.806230742000025, 37.957974150000041 ], [ 47.807373708000057, 37.960438210000063 ], [ 47.808958886000028, 37.963472855000077 ], [ 47.810201039000049, 37.965772328000071 ], [ 47.812679580000065, 37.967456538000079 ], [ 47.81531387900003, 37.967722349000042 ], [ 47.818329621000032, 37.966987825000047 ], [ 47.820322055000076, 37.96676433600004 ], [ 47.822316621000027, 37.967599469000049 ], [ 47.823485833000063, 37.969319381000048 ], [ 47.823789224000052, 37.972501726000075 ], [ 47.823783453000033, 37.975078799000073 ], [ 47.825114704000043, 37.976956982000047 ], [ 47.827574776000063, 37.97814124000007 ], [ 47.829631640000059, 37.979754128000025 ], [ 47.831208663000041, 37.982540859000039 ], [ 47.831411990000049, 37.985108383000068 ], [ 47.831323461000068, 37.98826409600008 ], [ 47.832209823000028, 37.991698160000055 ], [ 47.833848743000033, 37.994825742000046 ], [ 47.835896548000051, 37.997830804000046 ], [ 47.837644684000054, 38.000626818000057 ], [ 47.838846234000073, 38.003769387000034 ], [ 47.841779501000076, 38.007685493000054 ], [ 47.845945627000049, 38.011981628000058 ], [ 47.850796562000028, 38.015990687000055 ], [ 47.854541321000056, 38.018373053000062 ], [ 47.858545416000027, 38.022951964000072 ], [ 47.860801769000034, 38.027298491000067 ], [ 47.862688607000052, 38.032063770000036 ], [ 47.866500110000061, 38.025731488000076 ], [ 47.87024286500008, 38.020616969000059 ], [ 47.873710186000039, 38.015968588000078 ], [ 47.87655578500005, 38.009722520000025 ], [ 47.878833086000043, 38.003715564000061 ], [ 47.88068776800003, 37.998061310000026 ], [ 47.880928425000036, 37.996230860000026 ], [ 47.88777940600005, 37.989201498000057 ], [ 47.896125448000078, 37.981905158000075 ], [ 47.908995796000056, 37.972662796000066 ], [ 47.917823425000051, 37.966722574000073 ] ] ], [ [ [ 47.499482561000036, 38.247160020000024 ], [ 47.509197048000033, 38.245285656000078 ], [ 47.51559603700008, 38.242053486000032 ], [ 47.520298008000054, 38.237771687000077 ], [ 47.523741617000042, 38.232403991000069 ], [ 47.525491339000041, 38.227590779000025 ], [ 47.527178789000061, 38.223706962000051 ], [ 47.529441055000063, 38.221396574000039 ], [ 47.532154331000072, 38.220901031000039 ], [ 47.536618306000037, 38.222142646000066 ], [ 47.546188378000068, 38.223678842000027 ], [ 47.552874925000026, 38.220546557000034 ], [ 47.558766903000048, 38.218264695000073 ], [ 47.56373867800005, 38.217065885000068 ], [ 47.568987770000035, 38.217343008000057 ], [ 47.576308668000081, 38.219691860000069 ], [ 47.583712533000039, 38.221344619000035 ], [ 47.590168564000066, 38.222130316000062 ], [ 47.594758675000037, 38.221528799000055 ], [ 47.59917267700007, 38.222196962000055 ], [ 47.605338260000053, 38.226218465000045 ], [ 47.607741118000035, 38.227115662000074 ], [ 47.615301781000028, 38.225654352000049 ], [ 47.619592767000029, 38.224954912000044 ], [ 47.627968082000052, 38.226087585000073 ], [ 47.635744834000036, 38.227025870000034 ], [ 47.642613766000068, 38.22755610400003 ], [ 47.653422950000049, 38.226712901000042 ], [ 47.663767666000069, 38.225550379000026 ], [ 47.670254752000062, 38.22506499800005 ], [ 47.67878520000005, 38.226303121000058 ], [ 47.686232181000037, 38.226799568000047 ], [ 47.691017023000029, 38.225144641000043 ], [ 47.69666145900004, 38.221711564000032 ], [ 47.696379878000073, 38.221674197000027 ], [ 47.69288380200004, 38.219920932000036 ], [ 47.689476882000065, 38.217386132000058 ], [ 47.686392888000057, 38.214154552000025 ], [ 47.682188168000039, 38.208889676000069 ], [ 47.680098007000026, 38.20753635300008 ], [ 47.678080334000072, 38.206230892000065 ], [ 47.674042609000026, 38.205498557000055 ], [ 47.669861074000039, 38.205593793000048 ], [ 47.665186881000068, 38.206524513000033 ], [ 47.659353287000044, 38.209134722000044 ], [ 47.65336013700005, 38.212158221000038 ], [ 47.647041819000037, 38.215873540000075 ], [ 47.641077384000027, 38.219720217000031 ], [ 47.636087864000046, 38.221620993000045 ], [ 47.631746170000042, 38.222132954000074 ], [ 47.627897423000036, 38.221804764000069 ], [ 47.625412805000053, 38.220621480000034 ], [ 47.623426492000078, 38.218742214000031 ], [ 47.621366979000072, 38.214801181000041 ], [ 47.619073890000038, 38.209216429000037 ], [ 47.616388133000044, 38.202401455000029 ], [ 47.61304556400006, 38.196700302000067 ], [ 47.609588401000053, 38.192650491000052 ], [ 47.605658137000034, 38.189989667000077 ], [ 47.601751799000056, 38.188012967000077 ], [ 47.597536786000035, 38.187142236000057 ], [ 47.592756231000067, 38.187603877000072 ], [ 47.589752181000051, 38.188828055000045 ], [ 47.586823946000038, 38.190987571000051 ], [ 47.584709454000063, 38.193421931000046 ], [ 47.583331286000032, 38.194605616000047 ], [ 47.579024706000041, 38.196078951000061 ], [ 47.576755146000039, 38.195989153000028 ], [ 47.573774986000046, 38.195396801000072 ], [ 47.570392680000054, 38.193087682000055 ], [ 47.56616191300003, 38.192234188000043 ], [ 47.560755806000031, 38.192861386000061 ], [ 47.556298919000028, 38.194373212000073 ], [ 47.55114915300004, 38.196688355000049 ], [ 47.54683671500004, 38.198016476000078 ], [ 47.538008328000046, 38.199861199000054 ], [ 47.53111038600008, 38.202069107000057 ], [ 47.523670018000075, 38.202346516000034 ], [ 47.517286723000041, 38.200744610000072 ], [ 47.511962206000078, 38.197943815000031 ], [ 47.506264, 38.194492983000032 ], [ 47.500783228000046, 38.192271679000044 ], [ 47.495683635000034, 38.191006138000034 ], [ 47.491328357000043, 38.191098687000078 ], [ 47.488229771000078, 38.192263724000043 ], [ 47.486232501000075, 38.195054288000051 ], [ 47.485134683000069, 38.198654746000045 ], [ 47.483776060000025, 38.204306116000055 ], [ 47.483187299000065, 38.208044451000035 ], [ 47.483840982000061, 38.211882633000073 ], [ 47.485695621000048, 38.215141220000078 ], [ 47.488586945000065, 38.218107471000053 ], [ 47.492208885000025, 38.222017750000077 ], [ 47.493367202000059, 38.225290994000034 ], [ 47.493641914000079, 38.22831719900006 ], [ 47.492662211000038, 38.23180257100006 ], [ 47.491723127000057, 38.233552544000077 ], [ 47.490755471000057, 38.235659032000058 ], [ 47.489784621000069, 38.237882717000048 ], [ 47.489491936000036, 38.239537856000027 ], [ 47.489606208000055, 38.241170840000052 ], [ 47.490161800000067, 38.243578371000069 ], [ 47.490972149000072, 38.246093087000077 ], [ 47.49250481200005, 38.246132642000077 ], [ 47.49439467600007, 38.246475412000052 ], [ 47.495702577000031, 38.246361989000036 ], [ 47.497156121000046, 38.246704987000044 ], [ 47.498464651000063, 38.246816783000043 ], [ 47.499482561000036, 38.247160020000024 ] ] ], [ [ [ 47.822176846000048, 38.203803448000031 ], [ 47.827497545000028, 38.197972001000039 ], [ 47.829965579000032, 38.193339921000074 ], [ 47.830703594000056, 38.188740534000033 ], [ 47.83357804700006, 38.183179554000048 ], [ 47.837459041000045, 38.177495060000069 ], [ 47.842344083000057, 38.171673499000065 ], [ 47.846514608000064, 38.166094327000053 ], [ 47.849691833000065, 38.161106767000035 ], [ 47.853409555000042, 38.154844583000056 ], [ 47.856144304000054, 38.149520728000027 ], [ 47.860215786000026, 38.140497173000028 ], [ 47.861561342000073, 38.131981460000077 ], [ 47.860545770000044, 38.126604713000063 ], [ 47.860041881000029, 38.118922435000059 ], [ 47.859931865000078, 38.10985652200003 ], [ 47.861181892000047, 38.103064032000077 ], [ 47.863033747000031, 38.097180382000033 ], [ 47.864093944000047, 38.088784193000038 ], [ 47.865618777000066, 38.081525433000024 ], [ 47.865134286000057, 38.074536438000052 ], [ 47.863341911000077, 38.067106299000045 ], [ 47.861188672000026, 38.062207737000051 ], [ 47.86030861100005, 38.060249423000073 ], [ 47.859860210000079, 38.06173102300005 ], [ 47.857696558000043, 38.068212388000063 ], [ 47.855617982000069, 38.072934678000024 ], [ 47.852185330000054, 38.078658412000038 ], [ 47.84647, 38.08388328500007 ], [ 47.840531523000038, 38.087874399000043 ], [ 47.835446653000076, 38.091439155000046 ], [ 47.829333245000043, 38.095433940000078 ], [ 47.823915638000074, 38.099416186000042 ], [ 47.819708887000047, 38.103229457000054 ], [ 47.816567365000026, 38.107566650000024 ], [ 47.809080103000042, 38.119477214000028 ], [ 47.805135871000061, 38.127365283000074 ], [ 47.800040725000031, 38.135325734000048 ], [ 47.791161630000033, 38.144610405000037 ], [ 47.782930252000028, 38.152644681000027 ], [ 47.775481737000064, 38.162993507000067 ], [ 47.770264434000069, 38.172469301000035 ], [ 47.766126367000027, 38.182879011000068 ], [ 47.762754408000035, 38.190517950000071 ], [ 47.760835635000035, 38.195104216000061 ], [ 47.757426438000039, 38.201784304000057 ], [ 47.753252619000079, 38.20669373700008 ], [ 47.747520474000055, 38.211914343000046 ], [ 47.746343266000054, 38.212708430000077 ], [ 47.74811438100005, 38.213130312000033 ], [ 47.749413576000052, 38.213059323000039 ], [ 47.755375683000068, 38.209243306000076 ], [ 47.762342089000072, 38.205353794000075 ], [ 47.768208857000047, 38.203539625000076 ], [ 47.772961375000079, 38.20322916300006 ], [ 47.775579445000062, 38.203991672000029 ], [ 47.781521939000072, 38.210324655000079 ], [ 47.784734357000048, 38.217042018000029 ], [ 47.78976355900005, 38.226829045000045 ], [ 47.794712232000052, 38.233635430000049 ], [ 47.80292709500003, 38.243715283000029 ], [ 47.806768655000042, 38.236424428000078 ], [ 47.808088368000028, 38.231923883000036 ], [ 47.806446966000067, 38.224719136000033 ], [ 47.80740256100006, 38.217474751000054 ], [ 47.809747806000075, 38.213535284000045 ], [ 47.815832445000069, 38.209186214000056 ], [ 47.822176846000048, 38.203803448000031 ] ] ], [ [ [ 47.385890259000064, 39.410960164000073 ], [ 47.389340172000061, 39.40510992600008 ], [ 47.39205608900005, 39.399265679000052 ], [ 47.393753826000079, 39.394221628000025 ], [ 47.39632505600008, 39.388605488000053 ], [ 47.398327189000042, 39.384478539000042 ], [ 47.40179454400004, 39.380109588000039 ], [ 47.405108755000072, 39.375288736000073 ], [ 47.409742245000075, 39.370345868000072 ], [ 47.415237294000065, 39.36402453900007 ], [ 47.420315138000035, 39.359536001000038 ], [ 47.424804567000081, 39.354933385000038 ], [ 47.425055948000079, 39.351473413000065 ], [ 47.425861328000053, 39.34469210900005 ], [ 47.428262361000066, 39.336399259000075 ], [ 47.431993338000041, 39.32956821700003 ], [ 47.439632080000081, 39.31926476600006 ], [ 47.446993446000079, 39.311973674000058 ], [ 47.456125406000069, 39.306021262000058 ], [ 47.470216761000074, 39.299267780000037 ], [ 47.481843712000057, 39.295246578000047 ], [ 47.492520698000078, 39.293330088000062 ], [ 47.499117265000052, 39.292145484000059 ], [ 47.49914044500008, 39.28838139800007 ], [ 47.498026917000061, 39.282211483000026 ], [ 47.496036882000055, 39.276281078000068 ], [ 47.494347405000042, 39.270808165000062 ], [ 47.493760759000054, 39.265867042000025 ], [ 47.493682184000079, 39.265205167000033 ], [ 47.494783461000054, 39.260167926000065 ], [ 47.49676233100007, 39.255008245000056 ], [ 47.507593217000078, 39.243223740000076 ], [ 47.509836592000056, 39.234512726000048 ], [ 47.517385643000068, 39.220985905000077 ], [ 47.518839684000056, 39.218234969000036 ], [ 47.525895868000077, 39.204882058000067 ], [ 47.528120482000077, 39.190094215000045 ], [ 47.531994986000029, 39.165775759000041 ], [ 47.528429273000029, 39.151935804000061 ], [ 47.524750787000073, 39.145078123000076 ], [ 47.52446898200003, 39.140728488000036 ], [ 47.531268286000056, 39.130612094000071 ], [ 47.536528610000062, 39.118513380000024 ], [ 47.535379955000053, 39.107777135000049 ], [ 47.53565089500006, 39.107261835000031 ], [ 47.530424502000074, 39.089348265000069 ], [ 47.530027139000026, 39.083705524000038 ], [ 47.530836514000043, 39.079312899000058 ], [ 47.528633154000033, 39.073223662000032 ], [ 47.524087264000059, 39.062381454000047 ], [ 47.523812989000078, 39.058623332000025 ], [ 47.526309197000046, 39.051446629000054 ], [ 47.525396693000062, 39.048057512000071 ], [ 47.522122053000032, 39.047295982000037 ], [ 47.518964231000041, 39.046615707000058 ], [ 47.518071029000055, 39.045115273000079 ], [ 47.519484993000049, 39.042909943000041 ], [ 47.52451678500006, 39.041101395000055 ], [ 47.525500969000063, 39.039076308000062 ], [ 47.524280714000042, 39.037803006000047 ], [ 47.521590766000031, 39.038516369000035 ], [ 47.517013161000079, 39.039409598000077 ], [ 47.512423105000039, 39.03902759500005 ], [ 47.508891214000073, 39.037723720000031 ], [ 47.506290633000049, 39.035083519000068 ], [ 47.505272840000032, 39.031939424000029 ], [ 47.506184040000051, 39.028811212000051 ], [ 47.508818774000076, 39.026719422000042 ], [ 47.520153995000044, 39.023664759000042 ], [ 47.525467006000042, 39.02275441200004 ], [ 47.526689169000065, 39.022752783000044 ], [ 47.527648464000038, 39.021474076000061 ], [ 47.528015344000039, 39.019340631000034 ], [ 47.526852535000046, 39.015977345000067 ], [ 47.525733190000039, 39.013785967000047 ], [ 47.525748063000037, 39.01377460100008 ], [ 47.525063247000048, 39.012126567000053 ], [ 47.525943254000026, 39.010158073000071 ], [ 47.526228017000051, 39.008667185000036 ], [ 47.525723022000079, 39.007893544000069 ], [ 47.500045126000032, 38.998516822000056 ], [ 47.507447610000042, 38.994127890000073 ], [ 47.51811013400004, 38.991884488000039 ], [ 47.527012067000044, 38.990106237000077 ], [ 47.534438433000048, 38.986859304000063 ], [ 47.543173268000032, 38.983709508000061 ], [ 47.550023657000054, 38.981257981000056 ], [ 47.556879509000055, 38.979837523000072 ], [ 47.562427526000079, 38.978544513000031 ], [ 47.566781082000034, 38.976223427000036 ], [ 47.568332103000046, 38.971873734000042 ], [ 47.567085514000041, 38.966959471000052 ], [ 47.562053233000029, 38.962880708000057 ], [ 47.550749895000081, 38.960673367000027 ], [ 47.540761069000041, 38.951840268000069 ], [ 47.536833082000044, 38.949455856000043 ], [ 47.531939157000068, 38.948503648000042 ], [ 47.526618652000082, 38.948266179000029 ], [ 47.522940359000074, 38.948007200000063 ], [ 47.522299820000057, 38.946119960000033 ], [ 47.520653612000046, 38.931494645000043 ], [ 47.520893403000059, 38.927627801000028 ], [ 47.523137404000067, 38.925777178000033 ], [ 47.522916947000056, 38.924211533000062 ], [ 47.522696500000052, 38.922645887000044 ], [ 47.518405800000039, 38.918814870000062 ], [ 47.516616635000048, 38.916078509000045 ], [ 47.518012952000049, 38.911273274000052 ], [ 47.522155042000065, 38.904151786000057 ], [ 47.525886662000062, 38.899214869000048 ], [ 47.528182890000039, 38.895993746000045 ], [ 47.533531965000066, 38.891845917000069 ], [ 47.539346956000031, 38.889286921000064 ], [ 47.548504864000051, 38.885911387000078 ], [ 47.55418441300003, 38.884043854000026 ], [ 47.56071501100007, 38.88102666900005 ], [ 47.565633354000056, 38.877103074000047 ], [ 47.568498143000056, 38.873080335000054 ], [ 47.570356909000054, 38.870210394000026 ], [ 47.570731907000038, 38.865864005000049 ], [ 47.569504019000078, 38.861868247000075 ], [ 47.565040456000077, 38.856411986000069 ], [ 47.563101566000057, 38.853679607000061 ], [ 47.561707410000054, 38.848200811000027 ], [ 47.559702121000043, 38.840897422000069 ], [ 47.558019394000041, 38.835650135000037 ], [ 47.555922065000061, 38.832006608000029 ], [ 47.553224194000052, 38.827222934000076 ], [ 47.552910500000053, 38.825738689000048 ], [ 47.547746534000055, 38.822112465000032 ], [ 47.54270908500007, 38.817113771000038 ], [ 47.537403324000081, 38.813719907000063 ], [ 47.528584096000031, 38.809663133000072 ], [ 47.522693242000059, 38.806155112000056 ], [ 47.515027653000061, 38.80094613600005 ], [ 47.508074787000055, 38.794360853000057 ], [ 47.503188218000048, 38.789361640000038 ], [ 47.501118227000063, 38.787428335000072 ], [ 47.499495452000076, 38.786183682000058 ], [ 47.498963548000063, 38.785825662000036 ], [ 47.497634024000035, 38.784817972000042 ], [ 47.495863099000076, 38.784044947000041 ], [ 47.493361648000075, 38.783282987000064 ], [ 47.490427269000065, 38.782750946000078 ], [ 47.488217729000041, 38.781982650000032 ], [ 47.484694755000078, 38.781237756000053 ], [ 47.481463503000043, 38.780482052000025 ], [ 47.478231780000044, 38.77973077300004 ], [ 47.474113622000061, 38.778534175000061 ], [ 47.470728386000076, 38.777439057000038 ], [ 47.466739131000054, 38.775550212000041 ], [ 47.463333118000037, 38.773653434000039 ], [ 47.460217378000038, 38.771637817000055 ], [ 47.459026960000074, 38.770739369000069 ], [ 47.45678080700003, 38.768484604000037 ], [ 47.455424999000059, 38.766787714000031 ], [ 47.454604778000032, 38.765280540000049 ], [ 47.449613217000035, 38.756106833000047 ], [ 47.467563556000073, 38.749141707000035 ], [ 47.475468148000061, 38.742847230000052 ], [ 47.482541820000051, 38.738025108000045 ], [ 47.48812100300006, 38.735838491000038 ], [ 47.504798440000059, 38.72818148600004 ], [ 47.518046005000031, 38.718404005000025 ], [ 47.523443637000071, 38.711915709000039 ], [ 47.528677971000036, 38.697874191000039 ], [ 47.535494508000056, 38.684967136000068 ], [ 47.541888690000064, 38.676625782000031 ], [ 47.549709933000031, 38.667569439000033 ], [ 47.55799640400005, 38.658393247000049 ], [ 47.560661164000066, 38.656644423000046 ], [ 47.565004705000035, 38.650165691000041 ], [ 47.566717867000079, 38.642920174000039 ], [ 47.56681960700007, 38.635007243000075 ], [ 47.567149621000056, 38.624458395000033 ], [ 47.566396147000034, 38.611059146000059 ], [ 47.564620353000066, 38.597330898000052 ], [ 47.560271845000045, 38.578937698000061 ], [ 47.558702308000079, 38.56772305700008 ], [ 47.555141898000045, 38.558029515000044 ], [ 47.545405133000031, 38.550601249000067 ], [ 47.535782950000055, 38.547985538000034 ], [ 47.527794637000056, 38.547063673000025 ], [ 47.521838453000044, 38.54634074900008 ], [ 47.514070653000033, 38.542435348000026 ], [ 47.506954938000035, 38.535312348000048 ], [ 47.502710611000055, 38.527001249000079 ], [ 47.499860384000044, 38.516439198000057 ], [ 47.497205483000073, 38.511360081000078 ], [ 47.492113300000028, 38.507103188000031 ], [ 47.486119423000048, 38.501968704000035 ], [ 47.48307761500007, 38.49814086400005 ], [ 47.480548365000061, 38.493720918000065 ], [ 47.475121657000045, 38.48741149600005 ], [ 47.468524097000056, 38.480648956000039 ], [ 47.464801659000045, 38.477623354000059 ], [ 47.459891346000063, 38.473699040000042 ], [ 47.455985171000066, 38.469415565000077 ], [ 47.452330004000032, 38.463860748000059 ], [ 47.449688834000028, 38.458284594000077 ], [ 47.447146734000057, 38.45121959800008 ], [ 47.445517290000055, 38.445509554000068 ], [ 47.443725851000067, 38.439230702000032 ], [ 47.442546096000058, 38.433970744000078 ], [ 47.439419218000069, 38.426687966000031 ], [ 47.436896963000038, 38.420189931000039 ], [ 47.435145833000036, 38.415176030000055 ], [ 47.433168285000079, 38.407522247000031 ], [ 47.430072060000043, 38.401153088000058 ], [ 47.426244918000066, 38.394564702000025 ], [ 47.424255667000068, 38.391159393000066 ], [ 47.417931069000076, 38.388068861000079 ], [ 47.40849929400008, 38.382852351000054 ], [ 47.401268362000053, 38.37850904700008 ], [ 47.394568131000028, 38.372555073000058 ], [ 47.389754112000048, 38.366674876000047 ], [ 47.385911557000043, 38.359400586000049 ], [ 47.379017167000029, 38.351724100000069 ], [ 47.375460702000055, 38.349034504000031 ], [ 47.371018998000068, 38.345786031000046 ], [ 47.361630483000056, 38.341713580000032 ], [ 47.352216138000074, 38.336721795000074 ], [ 47.345016829000031, 38.333180706000064 ], [ 47.33883447900007, 38.329736015000037 ], [ 47.33143423000007, 38.32425177600004 ], [ 47.325770300000045, 38.31873261800007 ], [ 47.320961760000046, 38.312732188000041 ], [ 47.317379297000059, 38.306934098000056 ], [ 47.321131220000041, 38.305122961000052 ], [ 47.317529520000051, 38.304451672000027 ], [ 47.312458915000036, 38.304096751000031 ], [ 47.306790775000081, 38.304663452000057 ], [ 47.300121425000043, 38.306344329000069 ], [ 47.293507506000026, 38.30847878700007 ], [ 47.282336438000073, 38.312454272000025 ], [ 47.270202533000031, 38.316195050000033 ], [ 47.259799921000081, 38.319950782000035 ], [ 47.250694518000046, 38.323338293000063 ], [ 47.240617188000044, 38.326788738000062 ], [ 47.232881708000036, 38.328815088000056 ], [ 47.222589698000036, 38.330510978000063 ], [ 47.213732424000057, 38.33230954000004 ], [ 47.206166220000057, 38.334704891000058 ], [ 47.19907700400006, 38.337095316000045 ], [ 47.192965370000081, 38.338295621000043 ], [ 47.186730591000071, 38.339331205000065 ], [ 47.181203918000051, 38.34080833400003 ], [ 47.173317765000036, 38.343212040000026 ], [ 47.16574898600004, 38.345604850000029 ], [ 47.158642434000058, 38.347493066000027 ], [ 47.151502039000036, 38.348250609000047 ], [ 47.145929631000058, 38.34822661000004 ], [ 47.137623871000073, 38.347252018000063 ], [ 47.126435866000065, 38.345698393000077 ], [ 47.116043921000028, 38.344133830000033 ], [ 47.105818938000027, 38.342813141000079 ], [ 47.090510601000062, 38.34183463100004 ], [ 47.082693687000074, 38.341225866000059 ], [ 47.074096244000032, 38.341125997000063 ], [ 47.06599688700004, 38.341769138000075 ], [ 47.056338312000037, 38.343569966000075 ], [ 47.04765522100007, 38.346100881000041 ], [ 47.038982111000053, 38.349009448000061 ], [ 47.032518118000041, 38.351248319000035 ], [ 47.024781377000068, 38.353513335000059 ], [ 47.016101713000069, 38.355271426000058 ], [ 47.00651055700007, 38.356517337000071 ], [ 46.998930391000044, 38.357088400000066 ], [ 46.990490340000065, 38.356979725000031 ], [ 46.979191761000038, 38.357171057000073 ], [ 46.97254947700003, 38.358787885000027 ], [ 46.967832100000066, 38.362399536000055 ], [ 46.962937002000047, 38.366784427000027 ], [ 46.95807331900005, 38.371055952000063 ], [ 46.952666132000047, 38.374665008000079 ], [ 46.947241649000034, 38.376368254000056 ], [ 46.94261950300006, 38.376701780000076 ], [ 46.936730392000072, 38.376799251000079 ], [ 46.931280006000065, 38.376096217000054 ], [ 46.924413865000076, 38.374744854000028 ], [ 46.917058697000073, 38.37361284800005 ], [ 46.910064833000035, 38.374105511000039 ], [ 46.904848422000043, 38.37556912000008 ], [ 46.899020738000047, 38.37804264600004 ], [ 46.891441865000047, 38.380544161000046 ], [ 46.88508749500005, 38.381146668000042 ], [ 46.87748294000005, 38.381579630000033 ], [ 46.872925934000079, 38.38122001000005 ], [ 46.870014161000029, 38.380509568000036 ], [ 46.867225746000031, 38.379251909000061 ], [ 46.864707218000035, 38.377773620000028 ], [ 46.862521024000046, 38.375803388000065 ], [ 46.860609650000072, 38.373301595000044 ], [ 46.858799479000027, 38.370388152000032 ], [ 46.856514522000055, 38.367225379000047 ], [ 46.854459266000049, 38.364982577000035 ], [ 46.851785263000068, 38.363745258000051 ], [ 46.848395900000071, 38.363514902000077 ], [ 46.845513943000071, 38.364222643000062 ], [ 46.842765557000064, 38.365658124000049 ], [ 46.839381478000064, 38.368040691000033 ], [ 46.836405045000049, 38.370200504000024 ], [ 46.833976358000029, 38.372243538000077 ], [ 46.831692374000056, 38.374554599000078 ], [ 46.829609861000051, 38.37569551200005 ], [ 46.82724488000008, 38.375763948000042 ], [ 46.824883576000047, 38.37503928700005 ], [ 46.822846148000053, 38.37344896500008 ], [ 46.821896331000062, 38.37129201700003 ], [ 46.821023465000053, 38.369462777000081 ], [ 46.819335655000032, 38.368083229000035 ], [ 46.816685215000064, 38.366768142000069 ], [ 46.81220531200006, 38.365981420000026 ], [ 46.805822121000062, 38.366841393000072 ], [ 46.801373309000041, 38.367765925000072 ], [ 46.795357047000039, 38.368808928000078 ], [ 46.792333963000033, 38.368756072000053 ], [ 46.788691133000043, 38.368054771000061 ], [ 46.786040766000042, 38.368379044000051 ], [ 46.784256658000061, 38.36954614900003 ], [ 46.783348191000073, 38.371938963000048 ], [ 46.783627182000032, 38.373453124000036 ], [ 46.785015114000032, 38.37581098000004 ], [ 46.787261765000039, 38.378723438000065 ], [ 46.78890027500006, 38.38145589700008 ], [ 46.78936834600006, 38.38572911600005 ], [ 46.788551452000036, 38.389864250000073 ], [ 46.787690945000065, 38.393423321000057 ], [ 46.786610430000053, 38.397729169000058 ], [ 46.78525176100004, 38.400363146000075 ], [ 46.78385623500003, 38.401501798000027 ], [ 46.78128434000007, 38.403032289000066 ], [ 46.777740886000061, 38.40364930800007 ], [ 46.772769675000063, 38.404098592000025 ], [ 46.766590041000029, 38.403628717000061 ], [ 46.760879739000075, 38.402971237000031 ], [ 46.755438554000079, 38.403611580000074 ], [ 46.751197008000076, 38.40479244800008 ], [ 46.74556745600006, 38.40748972800003 ], [ 46.741371364000031, 38.410431278000033 ], [ 46.738079450000043, 38.414436121000051 ], [ 46.738262958000064, 38.417821649000075 ], [ 46.740203635000057, 38.421667699000068 ], [ 46.741739560000042, 38.425763035000045 ], [ 46.742124804000071, 38.428983347000042 ], [ 46.741726021000034, 38.433751738000069 ], [ 46.73969022700004, 38.438787751000064 ], [ 46.737207140000066, 38.442293941000059 ], [ 46.734891892000064, 38.444265677000033 ], [ 46.731858470000077, 38.446247988000039 ], [ 46.72860984600004, 38.447832395000034 ], [ 46.725343698000074, 38.448687059000065 ], [ 46.721443816000033, 38.44882553900004 ], [ 46.719162073000064, 38.447890337000047 ], [ 46.716361316000075, 38.446719391000045 ], [ 46.712958391000029, 38.446124897000061 ], [ 46.709979019000059, 38.446087326000054 ], [ 46.706187941000053, 38.446462508000025 ], [ 46.703218082000035, 38.446830135000027 ], [ 46.700688159000038, 38.44690293900004 ], [ 46.694057023000028, 38.446282628000063 ], [ 46.687813733000041, 38.445705915000076 ], [ 46.679852396000058, 38.445464409000067 ], [ 46.674188066000056, 38.446257397000068 ], [ 46.666932903000031, 38.447077267000054 ], [ 46.660799795000059, 38.448552130000053 ], [ 46.656773222000027, 38.450078 ], [ 46.652654719000054, 38.451537444000053 ], [ 46.650008717000048, 38.452498410000032 ], [ 46.645471672000042, 38.45291818100003 ], [ 46.641726193000068, 38.452587754000035 ], [ 46.63908839700008, 38.452115553000056 ], [ 46.63632485200003, 38.450545663000071 ], [ 46.634090383000057, 38.447850917000039 ], [ 46.630742563000069, 38.444905794000078 ], [ 46.62620241500008, 38.442044715000065 ], [ 46.622442462000038, 38.439663775000042 ], [ 46.616423524000027, 38.434745650000025 ], [ 46.611568372000079, 38.43105928500006 ], [ 46.605128, 38.42757467000007 ], [ 46.60119542700005, 38.424411399000064 ], [ 46.598386586000061, 38.420700992000036 ], [ 46.596043591000068, 38.41703373100006 ], [ 46.595371103000048, 38.415393793000078 ], [ 46.594378407000079, 38.412537155000052 ], [ 46.593312318000073, 38.409366104000071 ], [ 46.592326614000058, 38.406820246000052 ], [ 46.591364989000056, 38.405368944000031 ], [ 46.589620829000069, 38.404559056000039 ], [ 46.587757318000058, 38.404377057000033 ], [ 46.585967155000048, 38.404504931000076 ], [ 46.584250316000066, 38.404942683000058 ], [ 46.582280657000069, 38.405965064000043 ], [ 46.581040724000047, 38.406973064000056 ], [ 46.578549443000043, 38.408732350000037 ], [ 46.575667994000071, 38.410330118000047 ], [ 46.571129950000056, 38.412355557000069 ], [ 46.566065407000053, 38.41414455000006 ], [ 46.56243470000004, 38.41484635200004 ], [ 46.555783523000059, 38.41550708300008 ], [ 46.552064674000064, 38.41694867800004 ], [ 46.547652091000032, 38.42003941400003 ], [ 46.544707456000026, 38.423597262000044 ], [ 46.543315737000057, 38.426729074000036 ], [ 46.540349759000037, 38.429304840000043 ], [ 46.537169391000077, 38.431640036000033 ], [ 46.532317796000029, 38.433749200000079 ], [ 46.527146960000039, 38.435537912000029 ], [ 46.522494515000062, 38.437234052000065 ], [ 46.516502848000073, 38.439379905000067 ], [ 46.510449729000072, 38.441377555000031 ], [ 46.507601934000036, 38.442180216000054 ], [ 46.505542441000046, 38.442598702000055 ], [ 46.504238369000063, 38.442840742000044 ], [ 46.501863693000075, 38.443222659000071 ], [ 46.500080396000044, 38.443736634000061 ], [ 46.493807590000074, 38.448804661000054 ], [ 46.486712561000047, 38.453986425000039 ], [ 46.478191134000042, 38.459942738000052 ], [ 46.470846377000044, 38.464752722000071 ], [ 46.462547734000054, 38.469948141000032 ], [ 46.453534911000077, 38.475530324000033 ], [ 46.446400509000057, 38.479015989000061 ], [ 46.437965938000048, 38.481291627000076 ], [ 46.429886162000059, 38.481859153000073 ], [ 46.420488577000071, 38.480274841000039 ], [ 46.41276900400004, 38.478484804000061 ], [ 46.405292634000034, 38.476876075000064 ], [ 46.398766891000037, 38.47468778700005 ], [ 46.393494778000047, 38.473439450000058 ], [ 46.387926859000061, 38.472933328000067 ], [ 46.382175830000051, 38.473564560000057 ], [ 46.375718482000082, 38.47496078100005 ], [ 46.370217965000052, 38.476160719000063 ], [ 46.365907033000042, 38.476774298000066 ], [ 46.359682010000029, 38.477792947000069 ], [ 46.35415266800004, 38.47747852100008 ], [ 46.345954171000074, 38.475685095000074 ], [ 46.337018785000055, 38.472957792000045 ], [ 46.331215293000071, 38.470761980000077 ], [ 46.328750326000034, 38.469956394000064 ], [ 46.326761118000036, 38.469307577000052 ], [ 46.325300178000077, 38.468828477000045 ], [ 46.319145821000063, 38.467311903000052 ], [ 46.312393049000036, 38.46568906400006 ], [ 46.307021986000052, 38.466501592000043 ], [ 46.304755684000042, 38.468230059000064 ], [ 46.303606174000038, 38.47107251500006 ], [ 46.303677490000041, 38.475032336000027 ], [ 46.304143632000034, 38.479032818000064 ], [ 46.303149434000034, 38.481278768000038 ], [ 46.300895605000051, 38.482894376000047 ], [ 46.297247137000056, 38.483984700000065 ], [ 46.292723789000036, 38.484241983000061 ], [ 46.288370167000039, 38.483690683000077 ], [ 46.28518963700003, 38.48249553900007 ], [ 46.280236587000047, 38.480414026000062 ], [ 46.275527025000031, 38.477414966000026 ], [ 46.271697646000064, 38.472986823000042 ], [ 46.267238590000034, 38.470457814000042 ], [ 46.262512135000065, 38.469256231000031 ], [ 46.258034241000075, 38.469899181000073 ], [ 46.25471411500007, 38.471250499000064 ], [ 46.25010293400004, 38.473728452000046 ], [ 46.246267771000078, 38.474147813000059 ], [ 46.24265058900005, 38.473244523000062 ], [ 46.239237193000065, 38.470261770000036 ], [ 46.235741064000081, 38.462372914000071 ], [ 46.233048961000065, 38.459382359000074 ], [ 46.230385934000026, 38.458090143000049 ], [ 46.226292397000066, 38.457380588000035 ], [ 46.223162437000042, 38.456845573000066 ], [ 46.216895652000062, 38.455401374000076 ], [ 46.210548402000029, 38.454313634000073 ], [ 46.203407048000031, 38.452711027000078 ], [ 46.197147242000028, 38.451644188000046 ], [ 46.191617288000032, 38.451132826000048 ], [ 46.185818277000067, 38.451813480000055 ], [ 46.180496903000062, 38.452890058000037 ], [ 46.175884243000041, 38.455320061000066 ], [ 46.172501747000069, 38.458183658000053 ], [ 46.168888007000078, 38.461959654000054 ], [ 46.16482878100004, 38.465631828000028 ], [ 46.159790431000033, 38.467957290000072 ], [ 46.154369237000026, 38.46866870000008 ], [ 46.148707071000047, 38.46828729300006 ], [ 46.142927200000031, 38.467888737000067 ], [ 46.136868348000064, 38.468060345000026 ], [ 46.128394212000046, 38.468953344000056 ], [ 46.120039324000061, 38.471038652000061 ], [ 46.112799847000076, 38.47454564800006 ], [ 46.106302119000077, 38.478905819000033 ], [ 46.10052857900007, 38.482970452000075 ], [ 46.096547500000042, 38.485012913000048 ], [ 46.091819527000041, 38.485917708000045 ], [ 46.087646163000045, 38.484825559000058 ], [ 46.083006846000046, 38.481989283000075 ], [ 46.078952697000034, 38.479160949000061 ], [ 46.074881871000059, 38.475188125000045 ], [ 46.071656618000077, 38.471099280000033 ], [ 46.068748834000075, 38.466701043000057 ], [ 46.065661166000041, 38.461299546000077 ], [ 46.06233671800004, 38.454422166000029 ], [ 46.060626827000078, 38.448102327000072 ], [ 46.060149143000046, 38.440369966000048 ], [ 46.06076908600005, 38.432916042000045 ], [ 46.060249700000043, 38.424575737000055 ], [ 46.057264800000041, 38.415149223000071 ], [ 46.051445171000069, 38.40649607000006 ], [ 46.043452097000056, 38.400597101000074 ], [ 46.035795076000056, 38.395938255000033 ], [ 46.030806119000033, 38.393585058000042 ], [ 46.027516338000055, 38.392032345000075 ], [ 46.019877982000025, 38.388615930000071 ], [ 46.01255737300005, 38.385200774000054 ], [ 46.002942862000054, 38.381958008000026 ], [ 45.994072030000041, 38.379924763000076 ], [ 45.98494051800003, 38.377996672000052 ], [ 45.974720819000026, 38.376360798000064 ], [ 45.964501622000057, 38.374728532000063 ], [ 45.954603680000048, 38.373606443000028 ], [ 45.946271662000072, 38.373155802000042 ], [ 45.93917061500008, 38.374384471000042 ], [ 45.932523057000026, 38.376735610000026 ], [ 45.925209662000043, 38.377911053000048 ], [ 45.917080785000053, 38.376857433000055 ], [ 45.910249928000042, 38.375734599000054 ], [ 45.903680801000064, 38.37464089000008 ], [ 45.893456227000058, 38.372425689000067 ], [ 45.884702790000063, 38.371347540000045 ], [ 45.874493001000076, 38.370275102000051 ], [ 45.864647683000044, 38.369203592000076 ], [ 45.854376192000075, 38.368796750000058 ], [ 45.844352426000057, 38.368211487000053 ], [ 45.833322287000044, 38.368569783000055 ], [ 45.824953741000058, 38.369201237000027 ], [ 45.817664579000052, 38.368680032000043 ], [ 45.811464689000047, 38.367862450000075 ], [ 45.806715087000043, 38.36646230000008 ], [ 45.800879669000039, 38.365646155000036 ], [ 45.796880620000081, 38.366245675000073 ], [ 45.792523617000029, 38.367419750000067 ], [ 45.788788301000068, 38.368801267000038 ], [ 45.785268866000081, 38.370046038000055 ], [ 45.780902240000046, 38.370363593000036 ], [ 45.777618806000078, 38.369813147000059 ], [ 45.772493401000077, 38.367269558000032 ], [ 45.770236986000043, 38.364170706000039 ], [ 45.768305203000068, 38.360024272000032 ], [ 45.767693183000063, 38.355720468000072 ], [ 45.767229241000052, 38.351546364000058 ], [ 45.767192968000074, 38.34810845700008 ], [ 45.766490256000054, 38.344886693000035 ], [ 45.766303228000027, 38.34145877900005 ], [ 45.766350143000068, 38.337222743000041 ], [ 45.766671864000045, 38.333210213000029 ], [ 45.767381218000025, 38.329614211000035 ], [ 45.768377534000081, 38.324285978000034 ], [ 45.768716403000042, 38.320016474000056 ], [ 45.768316224000046, 38.316580934000058 ], [ 45.766833567000049, 38.314013140000043 ], [ 45.763176925000039, 38.31232016000007 ], [ 45.758172195000043, 38.311451393000027 ], [ 45.752131578000046, 38.311260471000026 ], [ 45.74628806100003, 38.311743902000046 ], [ 45.742145973000049, 38.312513694000074 ], [ 45.737439878000032, 38.313579784000069 ], [ 45.731905264000034, 38.314524687000073 ], [ 45.728269401000034, 38.314831205000075 ], [ 45.724633549000032, 38.315142116000061 ], [ 45.721000476000029, 38.315736783000034 ], [ 45.717593960000045, 38.317127535000054 ], [ 45.715814067000053, 38.318904812000028 ], [ 45.713578857000073, 38.321432848000029 ], [ 45.71161246500003, 38.323242738000033 ], [ 45.707998425000028, 38.325846617000025 ], [ 45.705860225000038, 38.32722035300003 ], [ 45.70256437200004, 38.328456796000069 ], [ 45.69857199300003, 38.329625198000031 ], [ 45.69457402200004, 38.330221222000034 ], [ 45.690567858000065, 38.329960994000032 ], [ 45.68645686900004, 38.328894648000073 ], [ 45.681337284000051, 38.326247865000028 ], [ 45.675951253000051, 38.323742082000024 ], [ 45.671201792000033, 38.321764131000066 ], [ 45.665838359000077, 38.320325703000037 ], [ 45.660586306000027, 38.320265279000068 ], [ 45.656007321000061, 38.321345415000053 ], [ 45.652625927000031, 38.322995499000058 ], [ 45.650356269000042, 38.324729450000063 ], [ 45.647567459000072, 38.327033996000068 ], [ 45.644947905000038, 38.329576370000041 ], [ 45.642701142000078, 38.331517328000075 ], [ 45.640625009000075, 38.332871513000043 ], [ 45.637251130000038, 38.334174142000052 ], [ 45.633831030000067, 38.334864089000064 ], [ 45.631285677000051, 38.335166211000058 ], [ 45.627640890000066, 38.334608990000049 ], [ 45.622535396000046, 38.333491646000027 ], [ 45.617794024000034, 38.33237216100008 ], [ 45.611951244000068, 38.330109171000061 ], [ 45.607439665000072, 38.328546465000045 ], [ 45.600880815000039, 38.325822495000068 ], [ 45.595956174000037, 38.323089862000074 ], [ 45.591041580000081, 38.321460976000026 ], [ 45.585422805000064, 38.319191020000062 ], [ 45.580626755000026, 38.31793060800004 ], [ 45.577001934000066, 38.317029241000057 ], [ 45.573608097000033, 38.315851756000029 ], [ 45.570215790000077, 38.314764289000038 ], [ 45.564957764000042, 38.313874983000062 ], [ 45.56051761100008, 38.313157275000037 ], [ 45.555261189000078, 38.312447772000041 ], [ 45.550124863000065, 38.31219709800007 ], [ 45.544873428000074, 38.312131487000045 ], [ 45.54079138600008, 38.312425254000061 ], [ 45.536476257000061, 38.312719946000072 ], [ 45.532045860000039, 38.313289877000045 ], [ 45.529532695000057, 38.314238532000047 ], [ 45.52774153200005, 38.315481293000062 ], [ 45.527112708000061, 38.316808933000061 ], [ 45.527065728000025, 38.318318708000049 ], [ 45.527308429000072, 38.319746070000065 ], [ 45.527711508000039, 38.322583136000048 ], [ 45.528400038000029, 38.325436939000042 ], [ 45.528889631000027, 38.328557497000077 ], [ 45.529022888000043, 38.330855033000034 ], [ 45.528810474000068, 38.333703878000051 ], [ 45.528593336000029, 38.336002992000033 ], [ 45.528035805000059, 38.339587890000075 ], [ 45.527477568000052, 38.343082663000075 ], [ 45.526916603000075, 38.346207940000056 ], [ 45.526360907000026, 38.35006769000006 ], [ 45.525687195000046, 38.353837841000029 ], [ 45.524189238000076, 38.356602301000066 ], [ 45.521754347000069, 38.358911288000058 ], [ 45.518844219000073, 38.360208448000037 ], [ 45.51569882900003, 38.36123169800004 ], [ 45.511389046000033, 38.362814201000049 ], [ 45.508128749000036, 38.36411262300004 ], [ 45.503705294000042, 38.366064839000046 ], [ 45.499344148000034, 38.368165325000064 ], [ 45.496257739000043, 38.369953844000065 ], [ 45.493467166000073, 38.371709493000026 ], [ 45.490559758000074, 38.373560194000049 ], [ 45.487536179000074, 38.375501427000074 ], [ 45.483114528000044, 38.377912483000046 ], [ 45.478341217000036, 38.38032030100004 ], [ 45.473569395000027, 38.38223675100005 ], [ 45.469717758000058, 38.38329316100004 ], [ 45.466331371000081, 38.383491432000028 ], [ 45.462622484000065, 38.383168168000054 ], [ 45.45884281900004, 38.382736916000056 ], [ 45.455573880000031, 38.381695233000073 ], [ 45.451946230000033, 38.380605274000061 ], [ 45.448321553000028, 38.379979321000064 ], [ 45.444469266000056, 38.380268864000072 ], [ 45.440969646000042, 38.381016578000072 ], [ 45.437244977000034, 38.383143903000075 ], [ 45.435740293000038, 38.385447628000065 ], [ 45.43447281400006, 38.388300202000039 ], [ 45.432503885000074, 38.391155351000066 ], [ 45.429829231000042, 38.393183930000077 ], [ 45.426332089000027, 38.394485452000026 ], [ 45.422478747000071, 38.394864399000028 ], [ 45.420142696000028, 38.394872795000026 ], [ 45.414883775000078, 38.394526531000054 ], [ 45.410561459000064, 38.394631872000048 ], [ 45.405190540000035, 38.395110184000032 ], [ 45.400171047000072, 38.395861926000066 ], [ 45.394219927000051, 38.397076213000048 ], [ 45.389623136000068, 38.398885018000044 ], [ 45.385669022000059, 38.401124117000052 ], [ 45.38245435400006, 38.403549930000054 ], [ 45.377677668000047, 38.40613841000004 ], [ 45.374063204000038, 38.407618995000064 ], [ 45.369163872000058, 38.409288273000072 ], [ 45.364609802000075, 38.409762152000042 ], [ 45.360167525000065, 38.409406385000068 ], [ 45.356425538000053, 38.408349875000056 ], [ 45.352677240000048, 38.406856171000072 ], [ 45.349280125000064, 38.405122476000031 ], [ 45.346469287000048, 38.40366182300005 ], [ 45.343070723000039, 38.401558449000049 ], [ 45.340609710000081, 38.400002001000075 ], [ 45.338033856000038, 38.398815335000052 ], [ 45.334759916000053, 38.398180355000079 ], [ 45.33049969800004, 38.398323122000079 ], [ 45.326235573000076, 38.399033517000078 ], [ 45.321916093000027, 38.399870081000074 ], [ 45.317945961000078, 38.400250419000031 ], [ 45.314675006000073, 38.400443997000025 ], [ 45.312688349000041, 38.400354685000025 ], [ 45.310352092000073, 38.400360894000073 ], [ 45.308483681000041, 38.400640700000054 ], [ 45.305798624000033, 38.401107361000072 ], [ 45.303446086000065, 38.402019206000034 ], [ 45.302456414000062, 38.402769781000075 ], [ 45.30162105200003, 38.403452358000038 ], [ 45.300205751000078, 38.404798817000028 ], [ 45.297527635000051, 38.407009140000071 ], [ 45.294963805000066, 38.408669367000073 ], [ 45.292043799000055, 38.409550867000064 ], [ 45.28842469600005, 38.410168155000065 ], [ 45.285389393000059, 38.41034681800005 ], [ 45.281530543000031, 38.409716281000044 ], [ 45.277320985000074, 38.408897190000062 ], [ 45.273113267000042, 38.408542075000071 ], [ 45.268904554000073, 38.40790743000008 ], [ 45.263642681000078, 38.406815384000026 ], [ 45.258146250000038, 38.405543372000068 ], [ 45.251804777000075, 38.403898912000045 ], [ 45.247735797000075, 38.40296580100005 ], [ 45.244172007000031, 38.402486617000079 ], [ 45.242275106000079, 38.402580676000071 ], [ 45.240534274000026, 38.403007838000065 ], [ 45.239220243000034, 38.403713483000047 ], [ 45.238101037000035, 38.404900874000077 ], [ 45.237640266000028, 38.406059884000058 ], [ 45.237181865000025, 38.407948881000038 ], [ 45.236644580000075, 38.409473037000055 ], [ 45.235906654000075, 38.411164322000047 ], [ 45.234721249000074, 38.413406246000079 ], [ 45.233642303000067, 38.415048630000058 ], [ 45.232369187000074, 38.416547193000042 ], [ 45.230863896000074, 38.418221939000034 ], [ 45.228892514000052, 38.419352336000031 ], [ 45.226726358000064, 38.420149623000043 ], [ 45.224767407000058, 38.420429986000045 ], [ 45.223120147000031, 38.424036311000066 ], [ 45.223479302000044, 38.430209002000026 ], [ 45.225831163000066, 38.43306136700005 ], [ 45.230649158000062, 38.436007989000075 ], [ 45.234574243000054, 38.436901419000037 ], [ 45.240512597000077, 38.436294575000034 ], [ 45.246594378000054, 38.435574476000056 ], [ 45.249935927000081, 38.436126153000032 ], [ 45.258099843000025, 38.437464793000061 ], [ 45.266304460000072, 38.438883881000038 ], [ 45.275254831000041, 38.440737736000074 ], [ 45.285409286000061, 38.443601851000039 ], [ 45.291883900000073, 38.445406363000075 ], [ 45.299432194000076, 38.44855059300005 ], [ 45.308608468000045, 38.452352452000071 ], [ 45.315323574000047, 38.456435110000029 ], [ 45.321190237000053, 38.461114510000073 ], [ 45.325335255000027, 38.466402219000031 ], [ 45.328196153000079, 38.472297193000031 ], [ 45.329462448000072, 38.478345287000025 ], [ 45.328532788000075, 38.484106646000043 ], [ 45.327143116000059, 38.48929700900004 ], [ 45.324134487000038, 38.494068274000028 ], [ 45.321397137000076, 38.498374590000026 ], [ 45.317793781000034, 38.502385794000077 ], [ 45.309231860000068, 38.510943163000036 ], [ 45.301622903000066, 38.516753269000048 ], [ 45.292562515000043, 38.522800826000037 ], [ 45.284646654000028, 38.527808514000071 ], [ 45.275866832000077, 38.533398980000072 ], [ 45.265795372000071, 38.540145266000025 ], [ 45.26008291800008, 38.545580433000055 ], [ 45.259686920000036, 38.546183122000059 ], [ 45.25965498100004, 38.546257505000028 ], [ 45.259622747000037, 38.546339389000025 ], [ 45.259580726000081, 38.546428415000037 ], [ 45.259549195000034, 38.546495209000057 ], [ 45.259477610000033, 38.546598631000052 ], [ 45.259446013000058, 38.546665501000064 ], [ 45.259394557000064, 38.546746917000064 ], [ 45.259333389000062, 38.546835433000069 ], [ 45.259291360000077, 38.546924557000068 ], [ 45.259249745000034, 38.546998808000069 ], [ 45.259198196000057, 38.547080339000047 ], [ 45.259136708000028, 38.547169153000027 ], [ 45.25910512300004, 38.547236086000055 ], [ 45.259053706000032, 38.54731756800004 ], [ 45.258993885000052, 38.547368708000079 ], [ 45.258894645000055, 38.547441434000064 ], [ 45.258806721000042, 38.547469307000028 ], [ 45.25869859200003, 38.547519282000053 ], [ 45.258620294000025, 38.547547402000077 ], [ 45.258512747000054, 38.547582312000031 ], [ 45.258423814000025, 38.547632819000057 ], [ 45.258335153000075, 38.547675806000029 ], [ 45.258227145000035, 38.547718325000062 ], [ 45.258128122000073, 38.547776199000054 ], [ 45.258038720000059, 38.547834336000051 ], [ 45.257959580000033, 38.547877641000071 ], [ 45.257869799000048, 38.547943367000073 ], [ 45.257778760000065, 38.548039299000038 ], [ 45.25769706300008, 38.548143028000027 ], [ 45.257645288000049, 38.548224849000064 ], [ 45.257583519000036, 38.548313992000033 ], [ 45.257530148000058, 38.548433576000036 ], [ 45.257497070000056, 38.548530975000062 ], [ 45.257400717000053, 38.548754905000067 ], [ 45.257359266000037, 38.548821983000039 ], [ 45.257316255000035, 38.548918205000064 ], [ 45.257283670000049, 38.549000183000032 ], [ 45.257240683000077, 38.549105263000058 ], [ 45.257197709000081, 38.549210312000071 ], [ 45.257155356000055, 38.54930015900004 ], [ 45.257102896000049, 38.549396986000033 ], [ 45.257049793000078, 38.549508924000065 ], [ 45.257036995000078, 38.549584269000036 ], [ 45.257004493000068, 38.549666540000032 ], [ 45.257001302000049, 38.549742045000073 ], [ 45.256959023000036, 38.549823917000026 ], [ 45.256935483000063, 38.549921507000079 ], [ 45.256912258000057, 38.55001156000003 ], [ 45.256888391000075, 38.550116736000064 ], [ 45.256864200000052, 38.550229487000024 ], [ 45.256840964000048, 38.550319589000026 ], [ 45.256827299000065, 38.550409897000065 ], [ 45.256803630000036, 38.550507534000076 ], [ 45.256770919000076, 38.550589836000029 ], [ 45.256718800000044, 38.550671643000044 ], [ 45.256676359000039, 38.550753747000044 ], [ 45.256634566000059, 38.550820761000068 ], [ 45.256582051000066, 38.55091023600005 ], [ 45.256510422000076, 38.550991679000049 ], [ 45.256449474000078, 38.551050709000037 ], [ 45.256358667000029, 38.551124157000061 ], [ 45.256267597000033, 38.551205223000068 ], [ 45.25618737700006, 38.551271392000046 ], [ 45.256116549000069, 38.551345371000025 ], [ 45.256054978000066, 38.55142717800004 ], [ 45.255993713000066, 38.551501409000025 ], [ 45.255932449000056, 38.551575638000031 ], [ 45.255880895000075, 38.551650108000047 ], [ 45.25582963200003, 38.551717010000061 ], [ 45.255776927000056, 38.551814252000042 ], [ 45.255724215000043, 38.551911505000078 ], [ 45.255692201000045, 38.55197895200007 ], [ 45.255659222000077, 38.552069129000074 ], [ 45.255627202000028, 38.552136588000053 ], [ 45.255604573000028, 38.552211865000061 ], [ 45.255541483000059, 38.552324079000073 ], [ 45.255488468000067, 38.552421532000039 ], [ 45.255444780000062, 38.552504638000073 ], [ 45.255381099000033, 38.552587637000045 ], [ 45.255278803000067, 38.552654757000028 ], [ 45.255184351000025, 38.552752885000075 ], [ 45.255092068000067, 38.552820154000074 ], [ 45.255030070000032, 38.552880132000041 ], [ 45.254957410000031, 38.552955273000066 ], [ 45.254905120000046, 38.553015559000073 ], [ 45.254841801000055, 38.553098669000065 ], [ 45.254769433000035, 38.553181124000048 ], [ 45.254707084000074, 38.553278491000071 ], [ 45.254635273000076, 38.553375412000037 ], [ 45.254533225000046, 38.553501845000028 ], [ 45.254442159000064, 38.553598072000057 ], [ 45.254390380000075, 38.553680270000029 ], [ 45.254338003000043, 38.553777653000054 ], [ 45.254306478000046, 38.553844999000034 ], [ 45.254294832000028, 38.553897783000025 ], [ 45.254243253000027, 38.553979785000024 ], [ 45.254218817000037, 38.55408619800005 ], [ 45.254195443000071, 38.554169720000061 ], [ 45.253885969000066, 38.554584101000046 ], [ 45.253875905000029, 38.55459144200006 ], [ 45.253823972000077, 38.554666221000048 ], [ 45.253762588000029, 38.554733150000061 ], [ 45.253720358000066, 38.554808257000047 ], [ 45.253716805000067, 38.554892064000057 ], [ 45.253712929000073, 38.554983512000035 ], [ 45.253718161000052, 38.555090485000051 ], [ 45.253734118000068, 38.555174865000026 ], [ 45.25374129100004, 38.555236124000032 ], [ 45.25375789900005, 38.555305268000041 ], [ 45.253763137000078, 38.555412309000076 ], [ 45.253768377000029, 38.555519376000063 ], [ 45.253764201000081, 38.555618541000058 ], [ 45.25376003100007, 38.555717676000029 ], [ 45.253755541000032, 38.555824410000071 ], [ 45.253751972000032, 38.555908448000025 ], [ 45.253746774000035, 38.556030799000041 ], [ 45.25372236700008, 38.55614509600008 ], [ 45.253697264000039, 38.556274941000027 ], [ 45.253673440000057, 38.55637426100003 ], [ 45.253639809000049, 38.556473442000026 ], [ 45.253606217000026, 38.556572377000066 ], [ 45.253582789000063, 38.556663634000074 ], [ 45.253568502000064, 38.55677041000007 ], [ 45.253564646000029, 38.556862126000055 ], [ 45.253561766000075, 38.556930844000078 ], [ 45.253568040000062, 38.557014991000074 ], [ 45.253564219000054, 38.557106465000061 ], [ 45.253434453000068, 38.557526510000059 ], [ 45.253473659000065, 38.557587380000029 ], [ 45.253526731000079, 38.55764858200007 ], [ 45.253559188000054, 38.55770379300003 ], [ 45.253591407000044, 38.557764410000061 ], [ 45.253637033000075, 38.55783621300003 ], [ 45.253669450000075, 38.55789135200007 ], [ 45.25369467400003, 38.557951723000031 ], [ 45.253726834000076, 38.558012272000042 ], [ 45.253758766000033, 38.558078244000058 ], [ 45.253784448000033, 38.558127769000066 ], [ 45.253816380000046, 38.558193742000071 ], [ 45.253841833000081, 38.558248689000038 ], [ 45.253867058000026, 38.558309060000056 ], [ 45.253899448000027, 38.558364186000063 ], [ 45.253938772000026, 38.558419491000052 ], [ 45.253984803000037, 38.558480399000075 ], [ 45.25403106400006, 38.558535882000058 ], [ 45.254077565000046, 38.558585974000039 ], [ 45.254124111000067, 38.558636156000034 ], [ 45.254191053000056, 38.55869778400006 ], [ 45.254244806000031, 38.55874276000003 ], [ 45.254291632000047, 38.558787560000042 ], [ 45.25435303900008, 38.558816446000037 ], [ 45.25441401900008, 38.558856215000048 ], [ 45.254482196000026, 38.558890749000057 ], [ 45.254549728000029, 38.558941617000073 ], [ 45.254624246000049, 38.558992696000075 ], [ 45.254664663000028, 38.55902650400003 ], [ 45.254718791000073, 38.559066151000025 ], [ 45.254786569000032, 38.559111560000076 ], [ 45.254827611000053, 38.559128974000032 ], [ 45.254888411000081, 38.559174160000055 ], [ 45.25492771200004, 38.559235157000046 ], [ 45.254946103000066, 38.559295555000062 ], [ 45.254957714000057, 38.559350272000074 ], [ 45.254954736000059, 38.559420938000073 ], [ 45.254839272000027, 38.559684942000047 ], [ 45.254823594000072, 38.559728174000043 ], [ 45.25482157600004, 38.559777171000064 ], [ 45.254818662000048, 38.559847929000057 ], [ 45.254815973000063, 38.559913229000074 ], [ 45.254841459000033, 38.55996824500005 ], [ 45.254880535000041, 38.560028890000069 ], [ 45.254919623000035, 38.560089555000047 ], [ 45.254986734000056, 38.560145491000071 ], [ 45.255055494000032, 38.560163458000034 ], [ 45.255118018000076, 38.560164979000035 ], [ 45.255208355000036, 38.56016717600005 ], [ 45.255291768000063, 38.560169205000079 ], [ 45.255368937000071, 38.560154777000037 ], [ 45.255459338000037, 38.560157051000033 ], [ 45.255534665000027, 38.560186274000046 ], [ 45.255567375000055, 38.560236081000028 ], [ 45.255607264000048, 38.56028064800006 ], [ 45.255639751000047, 38.560335890000033 ], [ 45.255678965000072, 38.560396755000056 ], [ 45.255690156000071, 38.560462315000052 ], [ 45.255708525000045, 38.560522637000076 ], [ 45.255726897000045, 38.560582968000062 ], [ 45.255723977000059, 38.560653620000039 ], [ 45.255721980000033, 38.560702526000057 ], [ 45.255705628000044, 38.560761958000057 ], [ 45.255668620000051, 38.560815432000027 ], [ 45.255631353000069, 38.560874383000055 ], [ 45.255573835000064, 38.560916495000072 ], [ 45.255516992000025, 38.560942279000074 ], [ 45.255439253000077, 38.560967528000049 ], [ 45.255375201000049, 38.56099858400006 ], [ 45.255311384000038, 38.561024192000048 ], [ 45.255232963000026, 38.561065770000027 ], [ 45.255182392000052, 38.561108066000031 ], [ 45.255152011000064, 38.561167241000078 ], [ 45.25512881800006, 38.561221157000034 ], [ 45.25511861800004, 38.56129723600003 ], [ 45.255116312000041, 38.561351703000071 ], [ 45.255113788000074, 38.561411601000032 ], [ 45.255125187000033, 38.561471870000048 ], [ 45.255137275000038, 38.561515803000077 ], [ 45.255169333000026, 38.56158208100004 ], [ 45.255202313000041, 38.561626580000052 ], [ 45.255249226000046, 38.561671460000071 ], [ 45.255317274000049, 38.561711462000062 ], [ 45.255629656000053, 38.561759846000029 ], [ 45.255657434000057, 38.561760480000032 ], [ 45.25572780400006, 38.561740258000043 ], [ 45.255798422000055, 38.561714579000068 ], [ 45.25587627200008, 38.561689303000037 ], [ 45.255933282000058, 38.56166356500006 ], [ 45.256011693000062, 38.561627498000064 ], [ 45.256089848000045, 38.561596869000027 ], [ 45.256160780000073, 38.561571495000067 ], [ 45.256218500000045, 38.561529471000028 ], [ 45.256263521000051, 38.561459975000048 ], [ 45.256287071000031, 38.56140649300005 ], [ 45.256371656000056, 38.561392712000043 ], [ 45.256433984000068, 38.561405357000069 ], [ 45.256493754000076, 38.561472078000065 ], [ 45.256520408000029, 38.56149993400004 ], [ 45.256595684000047, 38.561534617000063 ], [ 45.256621080000059, 38.561589534000063 ], [ 45.256610810000041, 38.561659705000068 ], [ 45.256601295000053, 38.561713660000066 ], [ 45.25659177600005, 38.561767637000059 ], [ 45.256568135000066, 38.561826810000071 ], [ 45.256503922000036, 38.561857823000025 ], [ 45.256419265000034, 38.561877423000055 ], [ 45.256349526000065, 38.561875631000078 ], [ 45.256293491000065, 38.561879636000072 ], [ 45.256215799000074, 38.561899418000053 ], [ 45.256152049000036, 38.561919558000056 ], [ 45.256087558000047, 38.561956019000036 ], [ 45.256036744000028, 38.562003919000063 ], [ 45.255971733000081, 38.562056890000065 ], [ 45.255934507000063, 38.562110490000066 ], [ 45.255903491000026, 38.562180582000053 ], [ 45.255901268000059, 38.562229565000052 ], [ 45.255933565000078, 38.562284823000027 ], [ 45.25600933000004, 38.56230296800004 ], [ 45.25608438200004, 38.562337458000059 ], [ 45.256152845000031, 38.562366416000032 ], [ 45.256213700000046, 38.562411612000062 ], [ 45.256266851000078, 38.562472981000042 ], [ 45.256278122000026, 38.56253328400004 ], [ 45.256275188000075, 38.562598692000051 ], [ 45.256272741000032, 38.562653210000065 ], [ 45.256249367000066, 38.562707211000031 ], [ 45.256233097000063, 38.562761461000036 ], [ 45.256209526000077, 38.562820952000038 ], [ 45.256206573000043, 38.562886410000033 ], [ 45.256209642000044, 38.562973897000063 ], [ 45.25624171700008, 38.563040319000038 ], [ 45.256289278000054, 38.563074368000059 ], [ 45.256366073000038, 38.56308186900003 ], [ 45.256451070000026, 38.563062268000067 ], [ 45.256528200000048, 38.563058813000055 ], [ 45.256625748000033, 38.563066794000065 ], [ 45.256723064000028, 38.563080235000029 ], [ 45.256813873000056, 38.563082580000071 ], [ 45.256867533000047, 38.563138668000079 ], [ 45.256857542000034, 38.563209467000036 ], [ 45.256848933000072, 38.563247507000028 ], [ 45.25684639800005, 38.563307572000042 ], [ 45.256801892000055, 38.563366546000054 ], [ 45.256785207000064, 38.56342623300003 ], [ 45.256740456000045, 38.563485212000046 ], [ 45.25669517800003, 38.563555154000028 ], [ 45.256657381000025, 38.563614383000072 ], [ 45.256620326000075, 38.563657233000072 ], [ 45.256575738000038, 38.563710866000065 ], [ 45.256530615000031, 38.563775474000067 ], [ 45.256464934000064, 38.563839490000078 ], [ 45.256435176000025, 38.563882517000025 ], [ 45.256383566000068, 38.563946865000048 ], [ 45.256346608000058, 38.563995165000051 ], [ 45.25630942500004, 38.564048928000034 ], [ 45.25627899300008, 38.564108339000029 ], [ 45.256248334000077, 38.564173212000071 ], [ 45.256244885000058, 38.564255236000065 ], [ 45.256242127000064, 38.564320854000073 ], [ 45.256254008000042, 38.564370446000055 ], [ 45.256285667000043, 38.564447954000059 ], [ 45.256318478000026, 38.564498126000046 ], [ 45.256385953000063, 38.564554731000044 ], [ 45.25646226200007, 38.56456778200004 ], [ 45.256553016000055, 38.564570278000076 ], [ 45.256601893000038, 38.564571622000074 ], [ 45.256707350000056, 38.564558086000034 ], [ 45.256763471000056, 38.56455414900006 ], [ 45.256826628000056, 38.564550368000027 ], [ 45.256903632000046, 38.564552352000078 ], [ 45.256988327000045, 38.564538094000056 ], [ 45.257114333000061, 38.564541340000062 ], [ 45.25721980000003, 38.564533098000027 ], [ 45.257276282000078, 38.56452356300008 ], [ 45.257375773000035, 38.564493045000063 ], [ 45.257432505000054, 38.564477960000033 ], [ 45.257496456000069, 38.564457576000052 ], [ 45.257547767000062, 38.564404054000079 ], [ 45.257605830000045, 38.564356199000031 ], [ 45.257685102000039, 38.56430341600003 ], [ 45.257762052000032, 38.564305355000045 ], [ 45.25784575800003, 38.564312899000072 ], [ 45.257914543000027, 38.564342030000034 ], [ 45.257990318000054, 38.564371329000039 ], [ 45.258073080000031, 38.564400798000065 ], [ 45.258162599000059, 38.564435920000051 ], [ 45.258224578000068, 38.564459320000026 ], [ 45.258292182000048, 38.564515758000027 ], [ 45.25833207800008, 38.564566077000052 ], [ 45.258350591000067, 38.564626908000037 ], [ 45.258348160000025, 38.564687292000031 ], [ 45.258324993000031, 38.564741751000042 ], [ 45.258280595000031, 38.564801187000057 ], [ 45.258209100000045, 38.564838074000079 ], [ 45.258123521000073, 38.56487444000004 ], [ 45.258024351000074, 38.564899344000025 ], [ 45.257946639000068, 38.564913819000026 ], [ 45.257854918000078, 38.564927932000046 ], [ 45.257783969000059, 38.564948077000054 ], [ 45.257713248000073, 38.564962733000073 ], [ 45.257648827000025, 38.564994038000066 ], [ 45.257605178000063, 38.565031378000072 ], [ 45.257560588000047, 38.56509068400004 ], [ 45.257537239000044, 38.565145054000027 ], [ 45.257276626000078, 38.565731181000046 ], [ 45.257253523000031, 38.565779959000054 ], [ 45.257222719000026, 38.565844996000067 ], [ 45.257206790000055, 38.565894037000078 ], [ 45.257183732000044, 38.565948417000072 ], [ 45.257153487000039, 38.566008100000033 ], [ 45.257150544000069, 38.566084904000036 ], [ 45.257154701000047, 38.566156342000056 ], [ 45.257151943000054, 38.566222068000059 ], [ 45.257164062000072, 38.566266230000053 ], [ 45.257231569000055, 38.566322734000039 ], [ 45.257300241000053, 38.566351861000044 ], [ 45.257391034000079, 38.566354120000028 ], [ 45.257488843000033, 38.566356553000048 ], [ 45.25755961200008, 38.566341916000056 ], [ 45.257624766000049, 38.566294221000078 ], [ 45.257683374000067, 38.566235386000074 ], [ 45.257727734000071, 38.566181670000049 ], [ 45.257764854000072, 38.566133254000079 ], [ 45.257808752000074, 38.566090498000051 ], [ 45.25785288000003, 38.566042261000064 ], [ 45.257918959000051, 38.565972646000034 ], [ 45.257955848000051, 38.565929709000045 ], [ 45.258026856000072, 38.565909595000051 ], [ 45.258110729000066, 38.565917241000079 ], [ 45.258172420000051, 38.565951745000064 ], [ 45.258247558000051, 38.566003156000079 ], [ 45.25828759500007, 38.56605361000004 ], [ 45.258321071000069, 38.566092912000045 ], [ 45.258332770000038, 38.566148052000074 ], [ 45.258329890000027, 38.56621371500006 ], [ 45.258327249000047, 38.566273918000036 ], [ 45.258303905000048, 38.566328168000041 ], [ 45.258294127000056, 38.566393747000063 ], [ 45.258277803000055, 38.56644818500007 ], [ 45.258267793000073, 38.566519243000073 ], [ 45.258251700000073, 38.566568201000052 ], [ 45.258248699000035, 38.566639440000074 ], [ 45.258246160000056, 38.566699719000042 ], [ 45.258243390000075, 38.566765477000047 ], [ 45.258248087000027, 38.566820456000073 ], [ 45.258252931000072, 38.566869952000047 ], [ 45.258284825000032, 38.566942102000041 ], [ 45.258324711000057, 38.566992523000067 ], [ 45.258386413000039, 38.567027039000038 ], [ 45.258463534000043, 38.567029024000078 ], [ 45.25857570800008, 38.567031913000051 ], [ 45.258632269000032, 38.567022392000069 ], [ 45.258710806000067, 38.566991484000027 ], [ 45.258796345000064, 38.56696075800005 ], [ 45.258904101000041, 38.566903177000029 ], [ 45.258954362000054, 38.56687704400008 ], [ 45.259032418000061, 38.566857122000044 ], [ 45.259110451000026, 38.56683720500007 ], [ 45.259202468000069, 38.566817658000048 ], [ 45.259244268000032, 38.566824224000072 ], [ 45.259319468000058, 38.566870021000057 ], [ 45.25937388400007, 38.566909797000051 ], [ 45.259413833000053, 38.566960164000079 ], [ 45.259453326000028, 38.567021487000034 ], [ 45.259478589000025, 38.567087936000064 ], [ 45.259490764000077, 38.567132122000032 ], [ 45.25950225400004, 38.567192752000039 ], [ 45.259520293000037, 38.567264530000045 ], [ 45.259531788000061, 38.567325182000047 ], [ 45.25955028900006, 38.567386018000036 ], [ 45.259575808000079, 38.567447059000074 ], [ 45.259587772000032, 38.567496780000056 ], [ 45.259613073000025, 38.567563331000031 ], [ 45.25963162000005, 38.567624274000025 ], [ 45.259656735000078, 38.567696407000028 ], [ 45.259682529000031, 38.567752071000029 ], [ 45.259708332000059, 38.567807752000078 ], [ 45.259747939000079, 38.567869291000079 ], [ 45.25978099200006, 38.567919670000038 ], [ 45.259865353000066, 38.568615512000065 ], [ 45.259863555000038, 38.568659349000029 ], [ 45.259847018000073, 38.568719273000056 ], [ 45.259816189000048, 38.568784331000074 ], [ 45.259785579000038, 38.568843919000074 ], [ 45.259776499000054, 38.568893132000028 ], [ 45.259752854000055, 38.56895307700006 ], [ 45.25971491100006, 38.569018158000063 ], [ 45.259691546000056, 38.569072472000073 ], [ 45.259667518000072, 38.569143204000056 ], [ 45.259672054000077, 38.569203765000054 ], [ 45.259697681000034, 38.569264924000038 ], [ 45.259730341000079, 38.569326284000056 ], [ 45.259770259000049, 38.569382353000037 ], [ 45.259824011000035, 38.569444303000068 ], [ 45.259857355000065, 38.569489200000078 ], [ 45.259932417000073, 38.569546237000054 ], [ 45.259972753000056, 38.569591369000079 ], [ 45.260040699000058, 38.569648289000042 ], [ 45.260109090000071, 38.569694198000036 ], [ 45.260162728000068, 38.569756213000062 ], [ 45.260237650000079, 38.569813286000056 ], [ 45.260285492000037, 38.569847547000052 ], [ 45.260374838000075, 38.569899388000067 ], [ 45.260436748000075, 38.569934009000065 ], [ 45.260498658000074, 38.569968631000052 ], [ 45.260553533000063, 38.570003072000077 ], [ 45.260622475000048, 38.570037873000047 ], [ 45.260684153000057, 38.57007799400003 ], [ 45.260709972000029, 38.570133706000036 ], [ 45.260707658000058, 38.57018869400008 ], [ 45.260670177000065, 38.570242777000033 ], [ 45.260619093000059, 38.570285501000058 ], [ 45.260386950000054, 38.570433713000057 ], [ 45.260157498000069, 38.570542137000075 ], [ 45.260008665000043, 38.570616782000059 ], [ 45.259827141000073, 38.570690974000058 ], [ 45.259693786000071, 38.570804180000039 ], [ 45.259592543000053, 38.570943395000029 ], [ 45.25955667900007, 38.571083513000076 ], [ 45.259553505000042, 38.571224081000025 ], [ 45.259566674000041, 38.571364876000075 ], [ 45.259612824000044, 38.571493342000053 ], [ 45.259724351000045, 38.571622712000078 ], [ 45.259869732000027, 38.571701507000057 ], [ 45.260015128000077, 38.571780313000033 ], [ 45.260209300000042, 38.571872603000031 ], [ 45.260337819000029, 38.571976800000073 ], [ 45.260449421000033, 38.572106327000029 ], [ 45.260495870000057, 38.572222040000042 ], [ 45.260541739000075, 38.572363303000031 ], [ 45.260935020000034, 38.57285947500003 ], [ 45.260966030000077, 38.572884576000035 ], [ 45.261057161000053, 38.573046415000078 ], [ 45.261101967000059, 38.573158008000064 ], [ 45.261145941000052, 38.573306642000034 ], [ 45.261174425000036, 38.573442771000032 ], [ 45.261218125000028, 38.573603767000066 ], [ 45.261277881000069, 38.573752601000081 ], [ 45.261322702000029, 38.573864236000077 ], [ 45.261445758000036, 38.574001164000038 ], [ 45.261601904000031, 38.574077041000066 ], [ 45.261791395000046, 38.574079450000056 ], [ 45.261949833000074, 38.574056526000049 ], [ 45.262109141000053, 38.573996534000059 ], [ 45.262284335000061, 38.573937244000035 ], [ 45.26242820300007, 38.573865187000024 ], [ 45.262634142000081, 38.573843280000062 ], [ 45.262776339000027, 38.573845108000057 ], [ 45.262901914000054, 38.573883724000041 ], [ 45.262977610000064, 38.574032727000031 ], [ 45.262974310000061, 38.574180616000035 ], [ 45.262955201000068, 38.574328338000043 ], [ 45.26290447000008, 38.574475691000032 ], [ 45.26288562700006, 38.574611139000069 ], [ 45.262819365000041, 38.574745777000032 ], [ 45.262721184000043, 38.574892236000039 ], [ 45.26267041300008, 38.575039409000055 ], [ 45.262651540000036, 38.575174755000035 ], [ 45.262648482000031, 38.575310373000036 ], [ 45.262645424000027, 38.575446045000035 ], [ 45.262642363000055, 38.575581797000041 ], [ 45.262638458000026, 38.575755054000069 ], [ 45.262636226000041, 38.575854059000051 ], [ 45.262617328000033, 38.575989954000079 ], [ 45.262614815000063, 38.576101377000043 ], [ 45.262485950000041, 38.576198731000034 ], [ 45.262309896000033, 38.57628303000007 ], [ 45.262133950000077, 38.576367522000055 ], [ 45.261958643000071, 38.576427231000025 ], [ 45.261799221000047, 38.576487111000063 ], [ 45.261623535000069, 38.576571503000025 ], [ 45.261511099000074, 38.576656667000066 ], [ 45.261412636000045, 38.576816049000058 ], [ 45.261346236000065, 38.576951091000069 ], [ 45.261342175000038, 38.577124093000066 ], [ 45.261339045000057, 38.577260065000075 ], [ 45.261334490000081, 38.577457864000053 ], [ 45.261378796000031, 38.577594524000062 ], [ 45.261502154000027, 38.577732298000058 ], [ 45.26162581300008, 38.577857730000062 ], [ 45.261750053000071, 38.57795845000004 ], [ 45.261890418000064, 38.578047037000033 ], [ 45.261999173000049, 38.578135192000047 ], [ 45.26205991900008, 38.57824744100003 ], [ 45.262056293000057, 38.578408257000035 ], [ 45.262006603000032, 38.578506539000045 ], [ 45.261924961000034, 38.578616804000035 ], [ 45.261858558000029, 38.578752071000054 ], [ 45.261734408000052, 38.579331750000051 ], [ 45.261812089000045, 38.579394187000048 ], [ 45.261809022000079, 38.579530351000074 ], [ 45.261805675000062, 38.579678892000061 ], [ 45.261818703000074, 38.579802796000024 ], [ 45.261862773000075, 38.579951445000063 ], [ 45.261954022000054, 38.580112682000049 ], [ 45.262078711000072, 38.580200476000073 ], [ 45.262267658000042, 38.580252105000056 ], [ 45.262473618000058, 38.580254858000046 ], [ 45.262647917000038, 38.580256832000032 ], [ 45.26286979200006, 38.580259521000073 ], [ 45.263028293000048, 38.580261485000051 ], [ 45.263186497000049, 38.580276017000074 ], [ 45.263390881000078, 38.580353047000074 ], [ 45.263532166000061, 38.580416809000042 ], [ 45.263609575000032, 38.580504276000056 ], [ 45.263638245000038, 38.580640901000038 ], [ 45.263635172000079, 38.580777213000033 ], [ 45.263616799000033, 38.580888540000046 ], [ 45.263549738000052, 38.581048829000054 ], [ 45.263499330000059, 38.581172250000066 ], [ 45.263306447000048, 38.581281689000036 ], [ 45.263162038000075, 38.581354479000026 ], [ 45.262971350000043, 38.581376613000032 ], [ 45.262749492000069, 38.58137388800003 ], [ 45.262607736000064, 38.58133495800007 ], [ 45.262419032000025, 38.581270159000042 ], [ 45.262245879000034, 38.581218193000041 ], [ 45.262088610000035, 38.581166800000062 ], [ 45.261882762000027, 38.581164394000041 ], [ 45.261708633000069, 38.581162358000029 ], [ 45.261502065000059, 38.581197090000046 ], [ 45.261342457000069, 38.581257122000068 ], [ 45.261229779000075, 38.581342452000058 ], [ 45.261179262000041, 38.581478023000045 ], [ 45.261160379000046, 38.581613964000042 ], [ 45.261172846000079, 38.581762661000027 ], [ 45.261217249000026, 38.581899411000052 ], [ 45.261261509000065, 38.582035929000028 ], [ 45.261321026000076, 38.582197405000045 ], [ 45.261349490000043, 38.582333806000065 ], [ 45.26136271300004, 38.582445303000043 ], [ 45.261359244000062, 38.582593729000052 ], [ 45.261355560000027, 38.58274194300003 ], [ 45.261352156000044, 38.582877859000064 ], [ 45.261316137000051, 38.583050545000049 ], [ 45.261297581000065, 38.583161745000041 ], [ 45.261277365000069, 38.583347385000025 ], [ 45.261242736000042, 38.583470882000029 ], [ 45.261223058000041, 38.58363180200007 ], [ 45.261203844000079, 38.583767947000069 ], [ 45.261200813000073, 38.583891966000067 ], [ 45.261197332000052, 38.584040844000072 ], [ 45.261177952000025, 38.584201902000075 ], [ 45.261174463000032, 38.584363139000061 ], [ 45.261170974000038, 38.58452434000003 ], [ 45.261167753000052, 38.584673107000071 ], [ 45.261165063000078, 38.584797058000049 ], [ 45.261161635000065, 38.584933719000048 ], [ 45.261158893000072, 38.585057716000051 ], [ 45.261155055000074, 38.585231291000071 ], [ 45.261199401000056, 38.585380668000028 ], [ 45.261259892000055, 38.585517826000057 ], [ 45.261320647000048, 38.585642569000072 ], [ 45.261397816000056, 38.585742709000044 ], [ 45.261537900000064, 38.585868407000078 ], [ 45.261677943000052, 38.585994071000073 ], [ 45.261802641000031, 38.586094735000074 ], [ 45.26195819700007, 38.586232912000071 ], [ 45.262082829000065, 38.586333520000039 ], [ 45.262159869000072, 38.586433576000047 ], [ 45.262283565000075, 38.586572078000074 ], [ 45.262375315000043, 38.586722651000059 ], [ 45.26264672700006, 38.588741579000043 ], [ 45.262531448000061, 38.589036991000057 ], [ 45.262195310000038, 38.589499084000067 ], [ 45.261753601000066, 38.589832446000059 ], [ 45.261151126000073, 38.59007875900005 ], [ 45.260550615000056, 38.590240246000064 ], [ 45.260166122000044, 38.590447082000026 ], [ 45.259562782000046, 38.590735746000064 ], [ 45.259178330000054, 38.590942553000048 ], [ 45.258790048000037, 38.591318934000071 ], [ 45.258454098000072, 38.591780810000046 ], [ 45.258173356000043, 38.592201011000043 ], [ 45.257783221000068, 38.592662079000036 ], [ 45.257448293000039, 38.593081471000062 ], [ 45.257164805000059, 38.593629218000046 ], [ 45.257153415000062, 38.594138154000063 ], [ 45.257140145000051, 38.594731304000049 ], [ 45.257128489000081, 38.59523912800006 ], [ 45.257335584000032, 38.595665938000025 ], [ 45.257598137000059, 38.596051215000045 ], [ 45.257969208000077, 38.596438047000049 ], [ 45.258116650000034, 38.597118722000062 ], [ 45.258163258000081, 38.597458720000077 ], [ 45.258153697000068, 38.597882801000026 ], [ 45.258144143000038, 38.598306913000044 ], [ 45.25845823700007, 38.598820488000058 ], [ 45.258720025000059, 38.599248525000064 ], [ 45.258927576000076, 38.599675847000071 ], [ 45.259651821000034, 38.601295802000038 ], [ 45.259650884000052, 38.601338099000031 ], [ 45.259476676000077, 38.601843932000065 ], [ 45.259250015000077, 38.602264597000044 ], [ 45.258969021000041, 38.602684681000028 ], [ 45.258743197000058, 38.603063616000043 ], [ 45.258678281000073, 38.603530184000078 ], [ 45.258720995000033, 38.604040647000033 ], [ 45.25908946900006, 38.604555423000079 ], [ 45.259681880000073, 38.604775772000039 ], [ 45.260386770000025, 38.604827680000028 ], [ 45.260982117000026, 38.604920603000039 ], [ 45.26184949900005, 38.605015738000077 ], [ 45.262390226000036, 38.60514904300004 ], [ 45.262816431000033, 38.605576455000062 ], [ 45.262970228000029, 38.606042762000072 ], [ 45.263067951000039, 38.606512093000049 ], [ 45.263220292000028, 38.606981545000053 ], [ 45.26320688800007, 38.607575893000046 ], [ 45.263250962000029, 38.608043171000077 ], [ 45.263403818000029, 38.608470853000028 ], [ 45.263720381000041, 38.608899588000043 ], [ 45.264035412000055, 38.609412793000047 ], [ 45.264300644000059, 38.609713396000075 ], [ 45.26434516300003, 38.610180357000047 ], [ 45.264334506000068, 38.610689009000055 ], [ 45.264216753000028, 38.611070172000041 ], [ 45.264096235000068, 38.611537086000055 ], [ 45.263977367000052, 38.61196075600003 ], [ 45.263803625000037, 38.612425694000081 ], [ 45.263686410000048, 38.612847831000067 ], [ 45.263624062000076, 38.613228703000061 ], [ 45.263504617000081, 38.613736189000065 ], [ 45.263384246000044, 38.614286212000025 ], [ 45.263266526000052, 38.614709061000042 ], [ 45.262930294000057, 38.615171516000032 ], [ 45.26265107200004, 38.61550744300007 ], [ 45.262098895000065, 38.615882206000038 ], [ 45.261655203000032, 38.616258597000069 ], [ 45.261318978000077, 38.616679098000077 ], [ 45.260877493000066, 38.616970368000068 ], [ 45.260273375000054, 38.617259190000027 ], [ 45.259724754000047, 38.617464151000036 ], [ 45.259012128000052, 38.617709310000066 ], [ 45.258302614000058, 38.61782687300007 ], [ 45.257647079000037, 38.617945445000032 ], [ 45.257155774000069, 38.618023760000028 ], [ 45.256609318000073, 38.618143780000025 ], [ 45.255954283000051, 38.618262207000043 ], [ 45.255406103000041, 38.618467028000055 ], [ 45.254965692000042, 38.618715780000059 ], [ 45.254521511000064, 38.619134311000039 ], [ 45.25424128700007, 38.619512601000054 ], [ 45.253904251000051, 38.619975240000031 ], [ 45.253675868000073, 38.620439494000038 ], [ 45.253665937000051, 38.620864330000074 ], [ 45.253654018000077, 38.621374241000069 ], [ 45.253695530000073, 38.621927466000045 ], [ 45.253794668000069, 38.622353707000059 ], [ 45.254002597000067, 38.622781359000044 ], [ 45.254429960000039, 38.623126938000041 ], [ 45.254855363000047, 38.623557412000025 ], [ 45.255229237000037, 38.623859724000056 ], [ 45.255545826000059, 38.624288668000077 ], [ 45.255809912000075, 38.624632181000038 ], [ 45.256015747000049, 38.625145149000048 ], [ 45.256006093000053, 38.625570160000052 ], [ 45.255995490000032, 38.626037527000051 ], [ 45.255984860000069, 38.626505116000033 ], [ 45.255864491000068, 38.62701399000008 ], [ 45.255528563000041, 38.627434660000063 ], [ 45.255357680000031, 38.627772581000045 ], [ 45.255021682000063, 38.628193413000076 ], [ 45.254525400000034, 38.628484447000062 ], [ 45.252417551000065, 38.62983498300008 ], [ 45.252024465000034, 38.630132161000063 ], [ 45.251793061000058, 38.630603988000075 ], [ 45.251781379000079, 38.63112175100008 ], [ 45.25176872600008, 38.631682638000029 ], [ 45.251757049000048, 38.632200365000074 ], [ 45.251746344000026, 38.632674933000033 ], [ 45.252010519000066, 38.633196300000066 ], [ 45.25238995400008, 38.633503469000061 ], [ 45.252988654000035, 38.633900160000053 ], [ 45.253421919000061, 38.634294684000054 ], [ 45.253635114000076, 38.634642905000078 ], [ 45.253791075000038, 38.63507659000004 ], [ 45.253890800000079, 38.63555261700003 ], [ 45.253880056000071, 38.636027097000067 ], [ 45.253870284000072, 38.636458441000059 ], [ 45.253529081000067, 38.63688522800004 ], [ 45.252859251000075, 38.637178108000057 ], [ 45.252301340000031, 38.637429207000025 ], [ 45.251635402000034, 38.637592330000075 ], [ 45.251189294000028, 38.637801664000051 ], [ 45.250578548000078, 38.637965575000067 ], [ 45.249964245000058, 38.638216298000032 ], [ 45.249296825000044, 38.638422718000072 ], [ 45.249068059000081, 38.638764707000064 ], [ 45.249056190000033, 38.639239627000052 ], [ 45.249044751000042, 38.639714458000071 ], [ 45.249033636000036, 38.640189182000029 ], [ 45.249023530000045, 38.640620786000056 ], [ 45.248846709000077, 38.641093279000074 ], [ 45.248613620000071, 38.641608207000047 ], [ 45.248109389000035, 38.641903466000031 ], [ 45.247446545000059, 38.641894212000068 ], [ 45.246895201000029, 38.641843331000075 ], [ 45.246289654000066, 38.641748502000041 ], [ 45.245570580000049, 38.641781637000065 ], [ 45.24501721300004, 38.641817087000049 ], [ 45.244299183000066, 38.641807047000043 ], [ 45.24385008400003, 38.642103055000064 ], [ 45.243726166000044, 38.642662764000079 ], [ 45.243714784000076, 38.643137718000048 ], [ 45.243870162000064, 38.643571851000047 ], [ 45.243971345000034, 38.643962056000078 ], [ 45.244347742000059, 38.64439935300004 ], [ 45.244782512000029, 38.644707885000059 ], [ 45.245275657000036, 38.644887625000024 ], [ 45.245823047000044, 38.64511133700006 ], [ 45.246595583000044, 38.64516536800005 ], [ 45.24709083700003, 38.645258725000076 ], [ 45.247582037000029, 38.64552487900005 ], [ 45.247736886000041, 38.646002113000065 ], [ 45.247000145000072, 38.647134239000025 ], [ 45.246718783000063, 38.647345985000072 ], [ 45.246108702000072, 38.647423582000044 ], [ 45.24555600900004, 38.647415957000078 ], [ 45.244839526000078, 38.647319778000053 ], [ 45.244283831000075, 38.647441547000028 ], [ 45.243727134000039, 38.647606468000049 ], [ 45.243549289000043, 38.648121917000026 ], [ 45.243371434000039, 38.648637395000037 ], [ 45.243193568000038, 38.649152902000026 ], [ 45.243018716000051, 38.649538991000043 ], [ 45.242898194000077, 38.649969078000026 ], [ 45.242610518000049, 38.650483765000047 ], [ 45.242214551000075, 38.65086678800003 ], [ 45.241765759000032, 38.651119202000075 ], [ 45.241156996000029, 38.651197904000071 ], [ 45.240549282000075, 38.651189607000049 ], [ 45.239941609000027, 38.651181308000048 ], [ 45.239389211000059, 38.651173756000048 ], [ 45.238833921000037, 38.651295718000029 ], [ 45.238163336000071, 38.65163199400007 ], [ 45.237988362000067, 38.652018008000027 ], [ 45.238034300000038, 38.652407068000059 ], [ 45.238302563000047, 38.652756171000078 ], [ 45.238735758000075, 38.653150792000076 ], [ 45.239113644000042, 38.653544631000045 ], [ 45.239158592000081, 38.653976922000027 ], [ 45.239146146000053, 38.654494776000035 ], [ 45.23907837400003, 38.655011904000048 ], [ 45.238959412000042, 38.655355648000068 ], [ 45.238507390000052, 38.655737923000061 ], [ 45.237897616000055, 38.655772533000061 ], [ 45.237348362000034, 38.655592064000075 ], [ 45.236856532000047, 38.65532601700005 ], [ 45.236311445000069, 38.654972842000063 ], [ 45.235983551000061, 38.654795469000078 ], [ 45.235489594000057, 38.654615742000033 ], [ 45.234713536000072, 38.654647935000071 ], [ 45.234267454000076, 38.654771182000047 ], [ 45.234419757000069, 38.655334829000026 ], [ 45.234463460000029, 38.655810598000073 ], [ 45.234620032000066, 38.65620159000008 ], [ 45.235054521000052, 38.656553301000031 ], [ 45.235545442000046, 38.656862597000043 ], [ 45.235757419000038, 38.657254399000067 ], [ 45.235689398000034, 38.657771943000057 ], [ 45.235511668000072, 38.658244806000027 ], [ 45.234845005000068, 38.658321974000046 ], [ 45.234297534000063, 38.65805505600008 ], [ 45.233858694000048, 38.657876077000026 ], [ 45.233248341000035, 38.657910786000059 ], [ 45.232798774000059, 38.65816385100004 ], [ 45.232619740000075, 38.658680064000066 ], [ 45.232441754000035, 38.659153123000067 ], [ 45.232263743000033, 38.65962624000008 ], [ 45.231754281000065, 38.660051601000077 ], [ 45.231143584000051, 38.660086419000038 ], [ 45.230530257000055, 38.660250829000063 ], [ 45.229865530000041, 38.66041384600004 ], [ 45.229415463000066, 38.660753208000074 ], [ 45.229297104000068, 38.66114030500006 ], [ 45.229288638000071, 38.661572067000066 ], [ 45.229392886000028, 38.662004848000038 ], [ 45.229772034000064, 38.662398842000073 ], [ 45.230202136000059, 38.662708919000067 ], [ 45.230634850000058, 38.663018456000032 ], [ 45.230791360000069, 38.663452788000029 ], [ 45.230893188000039, 38.663886090000062 ], [ 45.23099594100006, 38.664276159000053 ], [ 45.231319449000068, 38.664712333000068 ], [ 45.231753849000029, 38.665107093000074 ], [ 45.232356002000074, 38.665417834000039 ], [ 45.232963602000041, 38.665469581000025 ], [ 45.23345874000006, 38.665606093000065 ], [ 45.234118907000038, 38.665788100000043 ], [ 45.234779988000071, 38.66592693900003 ], [ 45.23555170000003, 38.666067331000079 ], [ 45.236046807000037, 38.666203822000057 ], [ 45.23670601300006, 38.666428960000076 ], [ 45.237254562000032, 38.666652529000032 ], [ 45.237632484000073, 38.667089515000043 ], [ 45.237677561000055, 38.667564937000066 ], [ 45.23761386700005, 38.667952467000077 ], [ 45.237601768000047, 38.66851329900004 ], [ 45.237813695000057, 38.668947783000078 ], [ 45.238251495000043, 38.669169689000057 ], [ 45.23874552400008, 38.669349233000048 ], [ 45.239181424000037, 38.669657381000036 ], [ 45.239555892000055, 38.67014 ], [ 45.23982249900007, 38.670492008000053 ], [ 45.240142092000042, 38.670931991000032 ], [ 45.240353667000079, 38.671283398000071 ], [ 45.240901658000041, 38.671466416000044 ], [ 45.242875677000029, 38.671857814000077 ], [ 45.243434541000056, 38.671781288000034 ], [ 45.243934118000027, 38.672053068000025 ], [ 45.244430011000077, 38.672322097000063 ], [ 45.244865018000041, 38.672761966000053 ], [ 45.245242551000047, 38.673199410000052 ], [ 45.245508338000036, 38.67367844100005 ], [ 45.245497263000061, 38.674153506000039 ], [ 45.245375434000039, 38.674626996000029 ], [ 45.244814604000055, 38.674921400000073 ], [ 45.244034214000067, 38.675126262000049 ], [ 45.243584641000041, 38.675291358000038 ], [ 45.242908426000042, 38.675538322000079 ], [ 45.242515405000063, 38.675748858000077 ], [ 45.242061979000027, 38.676174764000052 ], [ 45.241775849000078, 38.67655986300008 ], [ 45.241541802000029, 38.677118945000075 ], [ 45.241529983000078, 38.67763775800006 ], [ 45.241516191000073, 38.678243042000076 ], [ 45.24150437000003, 38.678761855000062 ], [ 45.241605, 38.679195659000072 ], [ 45.241758136000044, 38.679759974000035 ], [ 45.241916575000062, 38.680108209000025 ], [ 45.242016598000077, 38.680585346000044 ], [ 45.242170090000059, 38.681149725000068 ], [ 45.242383972000027, 38.681498713000053 ], [ 45.242595872000038, 38.681934150000075 ], [ 45.243029541000055, 38.682372685000075 ], [ 45.243407746000059, 38.682810413000027 ], [ 45.243786091000061, 38.68320484700007 ], [ 45.24427630200006, 38.683557615000041 ], [ 45.244658925000067, 38.683779160000029 ], [ 45.245203529000037, 38.684175947000028 ], [ 45.245580775000064, 38.684613684000055 ], [ 45.245958058000042, 38.685051453000028 ], [ 45.246167978000074, 38.68553021200006 ], [ 45.24632355500006, 38.685965011000064 ], [ 45.246533526000064, 38.686443877000045 ], [ 45.246632625000075, 38.686921280000035 ], [ 45.246953552000036, 38.687401775000069 ], [ 45.247332104000066, 38.687796527000046 ], [ 45.247600842000054, 38.68814651200006 ], [ 45.248038095000027, 38.688412219000043 ], [ 45.248641717000055, 38.688680186000056 ], [ 45.24919410900003, 38.688774267000042 ], [ 45.249746475000052, 38.688868338000077 ], [ 45.250188981000065, 38.688917624000055 ], [ 45.250455738000028, 38.689354205000029 ], [ 45.250557231000073, 38.689745297000059 ], [ 45.250545744000078, 38.690221533000056 ], [ 45.250533210000071, 38.690741143000025 ], [ 45.250520674000029, 38.691260834000047 ], [ 45.250509181000041, 38.691737293000074 ], [ 45.250555251000037, 38.692127909000078 ], [ 45.250933105000058, 38.692566322000062 ], [ 45.251313080000045, 38.692918107000025 ], [ 45.25168930600006, 38.69344280100006 ], [ 45.252598272000057, 38.694973894000043 ], [ 45.252032369000062, 38.695440388000065 ], [ 45.251360414000033, 38.695689180000045 ], [ 45.250741738000045, 38.696070383000063 ], [ 45.25023783000006, 38.696279896000078 ], [ 45.250283643000046, 38.696713779000049 ], [ 45.250384909000047, 38.697148422000055 ], [ 45.250766312000053, 38.697457033000035 ], [ 45.251090324000074, 38.697851454000045 ], [ 45.251413356000057, 38.698289155000055 ], [ 45.251965033000033, 38.698427070000037 ], [ 45.252572771000075, 38.698567099000059 ], [ 45.25318109400007, 38.698663292000049 ], [ 45.253791210000031, 38.698672810000062 ], [ 45.254345773000068, 38.698681453000063 ], [ 45.254725134000068, 38.69907687400007 ], [ 45.254716345000077, 38.69946623800007 ], [ 45.254428365000081, 38.699937838000039 ], [ 45.254196797000077, 38.700367054000026 ], [ 45.253967169000077, 38.700709757000027 ], [ 45.253679142000067, 38.701181417000043 ], [ 45.253667433000032, 38.701700575000075 ], [ 45.253655723000065, 38.702219720000073 ], [ 45.253646941000056, 38.702609068000072 ], [ 45.253912745000036, 38.703087787000072 ], [ 45.254348160000063, 38.703439703000072 ], [ 45.254896406000057, 38.703706620000048 ], [ 45.255501097000035, 38.703931040000043 ], [ 45.256049432000054, 38.704197984000075 ], [ 45.25659780400008, 38.704464948000066 ], [ 45.256923506000078, 38.704772204000051 ], [ 45.257024408000063, 38.705205786000079 ], [ 45.257014611000045, 38.705638458000067 ], [ 45.25694853300007, 38.706114047000028 ], [ 45.256827040000076, 38.706588823000061 ], [ 45.256703464000054, 38.70714974200007 ], [ 45.256526252000072, 38.707623067000043 ], [ 45.256403471000056, 38.708140458000059 ], [ 45.256392557000026, 38.708616192000079 ], [ 45.256436102000066, 38.709135992000029 ], [ 45.256538084000056, 38.709526838000045 ], [ 45.256973782000046, 38.70987905700008 ], [ 45.257524358000069, 38.710059776000037 ], [ 45.258193711000047, 38.70989594100007 ], [ 45.258474891000049, 38.709726742000043 ], [ 45.259090686000036, 38.70947564100004 ], [ 45.259651963000067, 38.709180538000055 ], [ 45.260158728000079, 38.708841441000061 ], [ 45.260768556000073, 38.708849861000033 ], [ 45.261205259000064, 38.709158757000068 ], [ 45.261471805000042, 38.709638362000078 ], [ 45.261681974000055, 38.710160501000075 ], [ 45.262062356000058, 38.710511929000063 ], [ 45.262611021000055, 38.710779143000025 ], [ 45.263217975000032, 38.710960391000071 ], [ 45.263711079000075, 38.711313240000038 ], [ 45.263757102000056, 38.711790188000066 ], [ 45.263749584000038, 38.712136643000065 ], [ 45.263297541000043, 38.712433551000061 ], [ 45.262681354000051, 38.712684939000042 ], [ 45.262123748000079, 38.712807252000061 ], [ 45.261567109000055, 38.712886298000058 ], [ 45.26106666700008, 38.712922715000047 ], [ 45.260455848000049, 38.712914056000045 ], [ 45.259732461000056, 38.712990452000042 ], [ 45.259228346000043, 38.713199994000036 ], [ 45.258779694000054, 38.713410331000034 ], [ 45.258439010000075, 38.713752081000052 ], [ 45.258208191000051, 38.714138908000052 ], [ 45.258196329000043, 38.71465868100006 ], [ 45.258184576000076, 38.715178182000045 ], [ 45.258229124000081, 38.715655942000069 ], [ 45.258329331000027, 38.716133880000029 ], [ 45.258709116000034, 38.716527038000038 ], [ 45.259374948000072, 38.716537300000027 ], [ 45.259881471000028, 38.716242385000044 ], [ 45.260389016000033, 38.71590321900004 ], [ 45.260893532000068, 38.715693556000076 ], [ 45.261445957000035, 38.715831515000048 ], [ 45.26199424400005, 38.716142327000057 ], [ 45.262318383000036, 38.716536552000036 ], [ 45.262755573000049, 38.716845762000048 ], [ 45.26302409300007, 38.717239085000074 ], [ 45.263347760000045, 38.717677279000043 ], [ 45.263616886000079, 38.718071398000063 ], [ 45.263884743000062, 38.718463829000029 ], [ 45.264097765000031, 38.718856370000026 ], [ 45.26436426600003, 38.719336181000074 ], [ 45.264703515000065, 38.721140615000024 ], [ 45.264764538000065, 38.721251411000026 ], [ 45.264826147000065, 38.721352228000057 ], [ 45.264900814000043, 38.721463160000042 ], [ 45.264975746000061, 38.721564065000052 ], [ 45.265076675000046, 38.721665186000052 ], [ 45.265164887000026, 38.721756103000075 ], [ 45.265290937000032, 38.721867467000038 ], [ 45.265391710000074, 38.721948615000031 ], [ 45.26550549500007, 38.722019929000055 ], [ 45.26563214600003, 38.722101175000034 ], [ 45.265746278000051, 38.722162319000063 ], [ 45.265872768000065, 38.722243468000045 ], [ 45.266024679000054, 38.722305448000043 ], [ 45.266163960000029, 38.722357394000028 ], [ 45.266303281000035, 38.722409354000035 ], [ 45.266455185000041, 38.722471499000051 ], [ 45.266594587000043, 38.722523489000025 ], [ 45.266747266000039, 38.722555714000066 ], [ 45.266886293000027, 38.722627705000036 ], [ 45.267412466000053, 38.722657694000077 ], [ 45.267604162000055, 38.722670342000072 ], [ 45.267796077000071, 38.722673013000076 ], [ 45.267962393000062, 38.722675327000047 ], [ 45.268116817000077, 38.722637558000031 ], [ 45.26828492900006, 38.722560068000064 ], [ 45.268466272000069, 38.722462811000071 ], [ 45.268673179000075, 38.722365921000062 ], [ 45.268802466000068, 38.72230793600005 ], [ 45.268944618000035, 38.722260921000043 ], [ 45.269086620000053, 38.722213956000076 ], [ 45.269254119000038, 38.72215688700004 ], [ 45.269369, 38.722158120000074 ], [ 45.269547789000057, 38.722160036000048 ], [ 45.269688336000058, 38.722161542000038 ], [ 45.269841073000066, 38.722192953000047 ], [ 45.269967275000056, 38.722273548000032 ], [ 45.270042605000071, 38.722343728000055 ], [ 45.27010454100008, 38.722443695000038 ], [ 45.270152938000081, 38.722564588000068 ], [ 45.270188763000078, 38.722675213000059 ], [ 45.270237691000034, 38.722775770000055 ], [ 45.27029875900007, 38.722906413000032 ], [ 45.270373060000054, 38.723017285000026 ], [ 45.270409437000069, 38.723107647000063 ], [ 45.270509094000033, 38.723228862000042 ], [ 45.27058317400008, 38.723349711000026 ], [ 45.270657914000026, 38.723440617000051 ], [ 45.270732432000045, 38.723541501000057 ], [ 45.270832299000062, 38.723652720000075 ], [ 45.270931943000051, 38.723773916000027 ], [ 45.270992797000076, 38.723914540000067 ], [ 45.271042180000052, 38.723995098000046 ], [ 45.271039925000025, 38.724094921000074 ], [ 45.27103730400006, 38.724204711000027 ], [ 45.27103492100008, 38.724304498000038 ], [ 45.271006981000028, 38.724403921000032 ], [ 45.270979046000036, 38.724503327000036 ], [ 45.27095111400007, 38.724602717000039 ], [ 45.270897398000045, 38.724711722000052 ], [ 45.270818370000029, 38.724810406000074 ], [ 45.270752363000042, 38.724899280000045 ], [ 45.270609694000029, 38.724987147000036 ], [ 45.270442390000028, 38.725034816000061 ], [ 45.270313415000032, 38.725082990000033 ], [ 45.27017210300005, 38.725111068000047 ], [ 45.270017984000049, 38.725138984000068 ], [ 45.26981268000003, 38.725166244000036 ], [ 45.269671748000064, 38.725174616000061 ], [ 45.269556535000049, 38.725173627000061 ], [ 45.269428377000054, 38.725172527000041 ], [ 45.269287916000053, 38.725141281000049 ], [ 45.269108864000032, 38.725109357000065 ], [ 45.268917495000039, 38.725066576000074 ], [ 45.268725007000057, 38.725073862000045 ], [ 45.268494345000079, 38.725070591000076 ], [ 45.268263525000066, 38.725087143000053 ], [ 45.268173779000051, 38.725095778000025 ], [ 45.268007350000062, 38.72510324700005 ], [ 45.267853147000039, 38.725140859000078 ], [ 45.267711159000044, 38.72519873400006 ], [ 45.26759411200004, 38.725286933000064 ], [ 45.267489655000077, 38.72538528900003 ], [ 45.267410336000069, 38.72550397200007 ], [ 45.267407699000046, 38.725623789000053 ], [ 45.26747931500006, 38.725854589000051 ], [ 45.267541234000078, 38.725945423000042 ], [ 45.267603157000053, 38.726036262000036 ], [ 45.267652303000034, 38.726126910000062 ], [ 45.268133789000046, 38.726753473000031 ], [ 45.268157564000035, 38.726834192000069 ], [ 45.268180426000072, 38.726954861000024 ], [ 45.268215386000065, 38.727105709000057 ], [ 45.268226355000081, 38.727185956000028 ], [ 45.268248669000059, 38.727334939000059 ], [ 45.268271871000081, 38.727444405000028 ], [ 45.268320255000049, 38.727574228000037 ], [ 45.268381869000052, 38.727684662000058 ], [ 45.268468839000036, 38.727805699000044 ], [ 45.268569306000074, 38.727896936000036 ], [ 45.268656972000031, 38.727988019000065 ], [ 45.26878219300005, 38.728119582000033 ], [ 45.268844023000042, 38.728220350000072 ], [ 45.268866506000052, 38.728360598000052 ], [ 45.268863131000046, 38.728510504000042 ], [ 45.268860612000026, 38.728620473000035 ], [ 45.268831706000071, 38.728760125000065 ], [ 45.268816328000071, 38.728869914000029 ], [ 45.268762499000047, 38.72897916900007 ], [ 45.26867016500006, 38.729097805000038 ], [ 45.268540116000054, 38.729185942000072 ], [ 45.268397931000038, 38.72924394100005 ], [ 45.268243834000032, 38.72926181400004 ], [ 45.268102316000068, 38.729289850000043 ], [ 45.267923059000054, 38.72928739300005 ], [ 45.267782664000038, 38.729265485000042 ], [ 45.267680909000035, 38.729234117000033 ], [ 45.267514911000035, 38.729211859000031 ], [ 45.267386872000031, 38.72921010500005 ], [ 45.267207391000056, 38.729217635000055 ], [ 45.267092157000036, 38.729216055000052 ], [ 45.266924797000058, 38.729253726000024 ], [ 45.266744401000039, 38.729301210000074 ], [ 45.266564458000062, 38.729328717000044 ], [ 45.266358290000028, 38.729385838000042 ], [ 45.266216719000056, 38.729423851000035 ], [ 45.266100110000025, 38.729492167000046 ], [ 45.26594480600005, 38.729569939000044 ], [ 45.265815220000036, 38.72964803800005 ], [ 45.265698439000062, 38.729726301000028 ], [ 45.265581901000076, 38.729794567000056 ], [ 45.265477936000025, 38.729872982000074 ], [ 45.265412304000051, 38.729951927000059 ], [ 45.265346018000059, 38.730060803000072 ], [ 45.265279520000036, 38.730179643000042 ], [ 45.265264104000039, 38.730299206000041 ], [ 45.265261679000048, 38.730408968000063 ], [ 45.265258592000066, 38.730548660000068 ], [ 45.265256829000066, 38.730628481000053 ], [ 45.265395751000028, 38.730700385000034 ], [ 45.265523690000066, 38.730692281000074 ], [ 45.265690223000036, 38.730674746000034 ], [ 45.265869931000054, 38.730647328000032 ], [ 45.265972693000037, 38.730628808000063 ], [ 45.266139639000073, 38.730601205000028 ], [ 45.26629446000004, 38.730543484000066 ], [ 45.266513712000062, 38.730466690000071 ], [ 45.266616735000071, 38.730438178000043 ], [ 45.266770955000027, 38.73041038000008 ], [ 45.266951448000043, 38.730352989000039 ], [ 45.267157343000065, 38.730305931000032 ], [ 45.267299038000033, 38.730267957000081 ], [ 45.267440745000044, 38.730229981000036 ], [ 45.267555970000046, 38.730231583000034 ], [ 45.267696808000039, 38.730233542000065 ], [ 45.267849786000056, 38.730265633000045 ], [ 45.267976040000065, 38.730347294000069 ], [ 45.268101839000053, 38.730448921000061 ], [ 45.268151031000059, 38.730539487000044 ], [ 45.26818718800007, 38.730639851000035 ], [ 45.268497694000075, 38.731068978000053 ], [ 45.26849747600005, 38.731078918000037 ], [ 45.26858496300008, 38.731179393000048 ], [ 45.26867224700004, 38.731289946000061 ], [ 45.26877276700003, 38.73138091800007 ], [ 45.268860812000071, 38.73146141400008 ], [ 45.269000623000068, 38.731541141000037 ], [ 45.269140544000038, 38.731630554000049 ], [ 45.269241217000058, 38.731712407000032 ], [ 45.269353890000048, 38.731824706000054 ], [ 45.269441148000055, 38.731926505000047 ], [ 45.269514858000036, 38.732058142000028 ], [ 45.269576939000046, 38.732139396000036 ], [ 45.269625488000031, 38.732250491000059 ], [ 45.269647858000042, 38.732390985000052 ], [ 45.269645612000033, 38.73249095500006 ], [ 45.269629895000037, 38.732620714000063 ], [ 45.269601385000044, 38.732750275000058 ], [ 45.269573101000049, 38.732869837000067 ], [ 45.269519026000069, 38.73299896900005 ], [ 45.269478188000051, 38.733108324000057 ], [ 45.269424479000065, 38.733217570000079 ], [ 45.269370581000032, 38.733327029000066 ], [ 45.269304115000068, 38.733426278000024 ], [ 45.269211794000057, 38.73353516700007 ], [ 45.269069076000051, 38.73360341700004 ], [ 45.268875536000053, 38.733651052000027 ], [ 45.268746402000033, 38.733689463000076 ], [ 45.268592679000051, 38.733687389000067 ], [ 45.268413622000025, 38.733674860000065 ], [ 45.268247376000033, 38.733662399000025 ], [ 45.268145348000076, 38.73364095200003 ], [ 45.268005325000047, 38.733598979000078 ], [ 45.267853377000051, 38.733516828000063 ], [ 45.267714448000049, 38.733424849000073 ], [ 45.267562911000027, 38.733322676000057 ], [ 45.26744958200004, 38.733231036000063 ], [ 45.267361876000052, 38.733139752000056 ], [ 45.267299801000036, 38.733048825000026 ], [ 45.267186888000026, 38.732937154000069 ], [ 45.267098936000025, 38.732855844000028 ], [ 45.267024021000054, 38.732764710000026 ], [ 45.266923922000046, 38.732653239000058 ], [ 45.266848793000065, 38.732572143000027 ], [ 45.26670996200005, 38.732470052000053 ], [ 45.266621988000054, 38.732388739000044 ], [ 45.266521172000068, 38.732307216000038 ], [ 45.266434324000045, 38.732207168000059 ], [ 45.266321331000029, 38.732126572000027 ], [ 45.266208736000067, 38.732036201000028 ], [ 45.266082758000039, 38.731965339000055 ], [ 45.265969202000065, 38.731904325000073 ], [ 45.265842343000031, 38.731862985000078 ], [ 45.265690451000069, 38.731801456000028 ], [ 45.265563403000044, 38.731770080000047 ], [ 45.265435712000055, 38.731758390000039 ], [ 45.265320677000034, 38.731746696000073 ], [ 45.265140433000056, 38.731783925000059 ], [ 45.264972435000061, 38.731831003000025 ], [ 45.264790377000054, 38.731886947000078 ], [ 45.264685880000059, 38.731934615000057 ], [ 45.264567138000075, 38.732021702000054 ], [ 45.264460801000041, 38.73211896600003 ], [ 45.264379743000063, 38.732226639000032 ], [ 45.264324583000075, 38.732355338000048 ], [ 45.264322100000072, 38.732475589000046 ], [ 45.264319772000079, 38.73259592800008 ], [ 45.264316862000044, 38.732746313000064 ], [ 45.264340160000074, 38.732877067000061 ], [ 45.264350931000081, 38.732987517000026 ], [ 45.264361313000052, 38.733117974000038 ], [ 45.264397690000067, 38.73323881500005 ], [ 45.264432375000069, 38.733389154000065 ], [ 45.264493452000067, 38.733499805000065 ], [ 45.264568310000072, 38.733590860000049 ], [ 45.264668527000026, 38.733702335000032 ], [ 45.264730912000061, 38.733783256000038 ], [ 45.264818509000065, 38.733884535000072 ], [ 45.264931535000073, 38.733996166000054 ], [ 45.265083470000036, 38.73408831900008 ], [ 45.265209962000029, 38.734170107000068 ], [ 45.265349269000069, 38.734252066000067 ], [ 45.265500947000078, 38.734354195000037 ], [ 45.265589161000037, 38.734425431000034 ], [ 45.265676041000063, 38.734556655000063 ], [ 45.265750759000071, 38.734657699000024 ], [ 45.265825249000045, 38.734768732000077 ], [ 45.265912555000057, 38.734879933000059 ], [ 45.265961481000033, 38.734990599000071 ], [ 45.266010261000076, 38.735101259000032 ], [ 45.266070766000041, 38.735262068000054 ], [ 45.266130943000064, 38.735442827000043 ], [ 45.266178873000058, 38.735593434000066 ], [ 45.266227299000036, 38.735714127000051 ], [ 45.266275363000034, 38.735854784000026 ], [ 45.266336053000032, 38.736005596000041 ], [ 45.266422369000054, 38.736156764000043 ], [ 45.266470857000058, 38.73627747200004 ], [ 45.26653170000003, 38.736418378000053 ], [ 45.266568523000046, 38.736488934000079 ], [ 45.266642405000027, 38.736620062000043 ], [ 45.266716522000081, 38.736741210000048 ], [ 45.266777617000059, 38.736872174000041 ], [ 45.266851303000067, 38.737013353000066 ], [ 45.266899606000038, 38.737144148000027 ], [ 45.266973083000039, 38.737295361000065 ], [ 45.267047472000058, 38.737406590000035 ], [ 45.267109056000038, 38.737517629000024 ], [ 45.267643621000047, 38.738476516000048 ], [ 45.267679939000061, 38.738567060000037 ], [ 45.267728371000032, 38.738687807000076 ], [ 45.267751626000063, 38.738788215000056 ], [ 45.267787329000043, 38.738898771000038 ], [ 45.26783559900008, 38.739019539000026 ], [ 45.267884133000052, 38.739130343000056 ], [ 45.267919633000076, 38.739251037000031 ], [ 45.267968444000076, 38.739351905000035 ], [ 45.268004459000053, 38.739452638000046 ], [ 45.268027183000072, 38.739573274000065 ], [ 45.268075555000053, 38.739694309000072 ], [ 45.268124328000056, 38.73982531300004 ], [ 45.268185212000049, 38.739996484000073 ], [ 45.268259421000039, 38.740137738000044 ], [ 45.268295812000076, 38.740238416000068 ], [ 45.268370283000081, 38.74035964400008 ], [ 45.268432119000067, 38.740470661000074 ], [ 45.268506567000031, 38.74059185200008 ], [ 45.268567954000048, 38.740722847000029 ], [ 45.268642166000063, 38.740854002000049 ], [ 45.268691128000057, 38.740964763000079 ], [ 45.268765533000078, 38.741085876000056 ], [ 45.268814914000075, 38.741176605000078 ], [ 45.268851239000071, 38.741277135000075 ], [ 45.268848847000072, 38.741387085000042 ], [ 45.268846674000031, 38.741487021000069 ], [ 45.268831238000075, 38.741606733000026 ], [ 45.268816240000035, 38.741706439000041 ], [ 45.268801243000041, 38.741806125000039 ], [ 45.268747578000045, 38.741905723000059 ], [ 45.26865536300005, 38.742004902000076 ], [ 45.26852509500003, 38.742083501000025 ], [ 45.268382688000031, 38.742131810000046 ], [ 45.26824001500006, 38.742190171000061 ], [ 45.268071639000027, 38.742248195000059 ], [ 45.267967933000079, 38.742286999000044 ], [ 45.26782544100007, 38.742335337000043 ], [ 45.267657495000037, 38.742373283000063 ], [ 45.267553996000061, 38.742402048000031 ], [ 45.267424038000058, 38.742460630000039 ], [ 45.267293801000051, 38.742529275000038 ], [ 45.267227518000027, 38.74260885700005 ], [ 45.267173551000042, 38.74270874900003 ], [ 45.266779582000026, 38.743346873000064 ], [ 45.266751805000069, 38.743447513000035 ], [ 45.266722816000026, 38.743597684000065 ], [ 45.266694400000063, 38.743717328000059 ], [ 45.26665268000005, 38.743856790000052 ], [ 45.266624256000057, 38.743976466000049 ], [ 45.26659582800005, 38.744096157000058 ], [ 45.26656717000003, 38.744225872000072 ], [ 45.26653873500004, 38.744345591000069 ], [ 45.266510752000045, 38.744445302000031 ], [ 45.266456147000042, 38.744584676000045 ], [ 45.266415757000061, 38.744664194000052 ], [ 45.266400863000058, 38.744754149000073 ], [ 45.266385058000026, 38.744884168000056 ], [ 45.266331173000026, 38.744993638000039 ], [ 45.266290132000051, 38.745103288000053 ], [ 45.26622294100008, 38.745232625000028 ], [ 45.266181895000045, 38.745342285000049 ], [ 45.266115384000045, 38.74544158100008 ], [ 45.266061259000026, 38.745561093000049 ], [ 45.266123607000054, 38.746183673000075 ], [ 45.266123256000071, 38.746199795000052 ], [ 45.266161002000047, 38.74636152000005 ], [ 45.266260630000033, 38.746524 ], [ 45.266443084000059, 38.746654681000052 ], [ 45.266667706000078, 38.746770542000036 ], [ 45.266830377000076, 38.746885553000027 ], [ 45.266972064000072, 38.747016439000049 ], [ 45.267030009000052, 38.747194432000072 ], [ 45.267046655000058, 38.747371861000033 ], [ 45.26704266400003, 38.747549031000062 ], [ 45.267039036000028, 38.747710095000059 ], [ 45.267034681000041, 38.747903372000053 ], [ 45.26701003900007, 38.748080259000062 ], [ 45.266943730000037, 38.748272686000064 ], [ 45.266877421000061, 38.748465112000076 ], [ 45.266811837000034, 38.748625325000035 ], [ 45.266746261000037, 38.748785544000043 ], [ 45.266680190000045, 38.748978161000025 ], [ 45.266614816000072, 38.749138509000034 ], [ 45.266507469000032, 38.749330501000031 ], [ 45.266441775000033, 38.749506914000051 ], [ 45.266294659000039, 38.749650179000071 ], [ 45.266188469000042, 38.74981002700008 ], [ 45.266041218000055, 38.749969312000076 ], [ 45.265853184000036, 38.750095676000058 ], [ 45.265603507000037, 38.750188826000056 ], [ 45.265415942000061, 38.75025051800003 ], [ 45.265207661000034, 38.750311930000066 ], [ 45.264958345000025, 38.750356681000028 ], [ 45.264729268000053, 38.750417827000035 ], [ 45.264396660000045, 38.750477530000069 ], [ 45.264209227000038, 38.750523196000074 ], [ 45.263980346000039, 38.750568287000078 ], [ 45.26375162100004, 38.750597267000046 ], [ 45.263479517000064, 38.750657764000039 ], [ 45.26329275300003, 38.750687420000077 ], [ 45.263064241000052, 38.75073261700004 ], [ 45.262855523000042, 38.750810313000045 ], [ 45.262687681000045, 38.750904692000063 ], [ 45.262560286000053, 38.751031874000034 ], [ 45.262555570000075, 38.751209121000045 ], [ 45.262551735000045, 38.751370282000039 ], [ 45.262630259000048, 38.751548704000072 ], [ 45.262855179000042, 38.751648540000076 ], [ 45.263059831000078, 38.751731978000066 ], [ 45.263243474000035, 38.75183125500007 ], [ 45.263427499000045, 38.751914418000069 ], [ 45.263589405000062, 38.752061777000051 ], [ 45.263710114000048, 38.752208557000074 ], [ 45.263810325000065, 38.752355024000053 ], [ 45.263910234000036, 38.752517588000046 ], [ 45.263968619000025, 38.752695645000074 ], [ 45.264006214000062, 38.752873427000054 ], [ 45.264203028000054, 38.753313835000029 ], [ 45.264262138000049, 38.753443642000036 ], [ 45.264381362000051, 38.753654812000036 ], [ 45.264460734000068, 38.753800976000036 ], [ 45.264581701000054, 38.753964440000061 ], [ 45.264702658000033, 38.754144351000036 ], [ 45.264824217000069, 38.754291894000062 ], [ 45.264924055000051, 38.754438123000057 ], [ 45.265085068000076, 38.754600903000039 ], [ 45.265248550000081, 38.754683748000048 ], [ 45.265431769000031, 38.754815376000067 ], [ 45.265633895000065, 38.754962025000054 ], [ 45.265774791000069, 38.755141508000065 ], [ 45.265791819000071, 38.755319385000064 ], [ 45.265788484000041, 38.755480773000045 ], [ 45.265784812000049, 38.755658271000073 ], [ 45.265718736000053, 38.755850936000058 ], [ 45.265632307000033, 38.756027133000032 ], [ 45.265545556000063, 38.756219440000052 ], [ 45.265438454000048, 38.756395293000026 ], [ 45.26535259800005, 38.756539131000068 ], [ 45.265265366000051, 38.756731142000035 ], [ 45.265157403000046, 38.756922866000025 ], [ 45.265091201000075, 38.757082867000065 ], [ 45.265024842000059, 38.757226625000044 ], [ 45.264978714000051, 38.757386848000067 ], [ 45.26497310700006, 38.757579946000078 ], [ 45.264969078000036, 38.757741088000046 ], [ 45.264964350000071, 38.757934516000034 ], [ 45.264981075000037, 38.758096011000077 ], [ 45.265121967000027, 38.75825923900004 ], [ 45.265286332000073, 38.758326056000044 ], [ 45.265535056000033, 38.758345685000052 ], [ 45.265761438000027, 38.758413330000053 ], [ 45.265945445000057, 38.758512615000029 ], [ 45.266149426000027, 38.758644417000028 ], [ 45.266291373000058, 38.758775353000033 ], [ 45.266412984000056, 38.758889876000069 ], [ 45.266533546000062, 38.759052737000047 ], [ 45.266674416000058, 38.759231971000077 ], [ 45.266752902000064, 38.759426448000056 ], [ 45.266770251000025, 38.759571777000076 ], [ 45.266765787000054, 38.759765195000057 ], [ 45.266760842000053, 38.759942890000048 ], [ 45.266715181000052, 38.760135753000043 ], [ 45.26669055900004, 38.760312771000031 ], [ 45.266624582000077, 38.760489223000036 ], [ 45.266579284000045, 38.760665951000078 ], [ 45.266513667000027, 38.760826274000067 ], [ 45.266427018000059, 38.761002431000065 ], [ 45.266299733000039, 38.761145791000047 ], [ 45.266151413000046, 38.761304986000027 ], [ 45.265984920000051, 38.76135109300003 ], [ 45.265757461000078, 38.761348018000035 ], [ 45.265550674000053, 38.761345222000045 ], [ 45.265323200000068, 38.761342145000071 ], [ 45.265116400000068, 38.761339348000035 ], [ 45.26484755000007, 38.761335710000026 ], [ 45.264618987000063, 38.761380982000048 ], [ 45.264410391000069, 38.761458767000079 ], [ 45.264242091000028, 38.761585459000059 ], [ 45.264020863000042, 38.762235498000052 ], [ 45.264080782000065, 38.762333160000026 ], [ 45.264097564000053, 38.762510883000061 ], [ 45.264135028000055, 38.762688893000075 ], [ 45.264192813000079, 38.762883313000032 ], [ 45.264230626000028, 38.763045175000059 ], [ 45.264288761000046, 38.763223449000066 ], [ 45.264346896000063, 38.763401713000064 ], [ 45.26438399400007, 38.763595804000033 ], [ 45.264380090000031, 38.763773180000044 ], [ 45.26437618600005, 38.763950550000061 ], [ 45.264372284000046, 38.764127912000049 ], [ 45.264305996000076, 38.764320522000048 ], [ 45.264240422000057, 38.764480881000054 ], [ 45.264132787000051, 38.764672900000051 ], [ 45.264046185000041, 38.764849083000058 ], [ 45.264043706000052, 38.764961929000037 ], [ 45.264039810000043, 38.76513925200004 ], [ 45.264056233000076, 38.765332977000071 ], [ 45.264073013000029, 38.765510573000029 ], [ 45.264151101000039, 38.765721258000042 ], [ 45.264271243000053, 38.765900269000042 ], [ 45.264371415000028, 38.766046752000079 ], [ 45.264491433000046, 38.766225704000078 ], [ 45.264632701000039, 38.766372667000041 ], [ 45.264773605000073, 38.766535747000034 ], [ 45.264873565000073, 38.766682159000027 ], [ 45.265014112000074, 38.766861368000036 ], [ 45.265134377000038, 38.767024191000075 ], [ 45.265192660000025, 38.767186175000063 ], [ 45.265187261000051, 38.767379424000069 ], [ 45.265182687000049, 38.76754053500008 ], [ 45.265177656000049, 38.767717843000071 ], [ 45.265172162000056, 38.767911372000071 ], [ 45.265166664000049, 38.768105009000067 ], [ 45.265139511000029, 38.768330773000059 ], [ 45.265072158000066, 38.768555925000044 ], [ 45.265004714000042, 38.768797173000053 ], [ 45.26498046200004, 38.768958280000049 ], [ 45.264955146000034, 38.769167794000055 ], [ 45.264888776000078, 38.769360594000034 ], [ 45.264822056000071, 38.769569518000026 ], [ 45.264777459000072, 38.769714174000057 ], [ 45.264752859000055, 38.769891377000079 ], [ 45.264666505000037, 38.770051589000047 ], [ 45.264620851000075, 38.770244626000078 ], [ 45.264554497000063, 38.770437371000071 ], [ 45.264487792000068, 38.770646237000051 ], [ 45.264420588000064, 38.770871316000068 ], [ 45.264415357000075, 38.771097327000064 ], [ 45.264411247000055, 38.771274917000028 ], [ 45.264406764000057, 38.77146865900005 ], [ 45.264422982000042, 38.771662692000064 ], [ 45.264480984000045, 38.771841150000057 ], [ 45.264601103000075, 38.772020457000053 ], [ 45.264722717000041, 38.772135179000031 ], [ 45.264885373000027, 38.772266612000067 ], [ 45.265090187000055, 38.772366313000077 ], [ 45.265337156000044, 38.772434277000059 ], [ 45.265584124000043, 38.772502241000041 ], [ 45.265832205000038, 38.772521759000028 ], [ 45.26605846800004, 38.772589440000047 ], [ 45.266264396000054, 38.772640693000028 ], [ 45.267508945000031, 38.772951183000032 ], [ 45.26758131400004, 38.772952187000044 ], [ 45.267941222000047, 38.773041785000032 ], [ 45.268300483000075, 38.773159572000054 ], [ 45.268548624000061, 38.773388622000027 ], [ 45.268650749000074, 38.773672057000056 ], [ 45.268643682000061, 38.773982188000048 ], [ 45.268636611000034, 38.774292334000052 ], [ 45.268557813000029, 38.774573296000028 ], [ 45.268478433000041, 38.77488257400006 ], [ 45.268363494000027, 38.775163138000039 ], [ 45.268249824000065, 38.775387284000033 ], [ 45.267884052000056, 38.775551448000044 ], [ 45.267485243000067, 38.775574056000039 ], [ 45.267160090000061, 38.775541257000043 ], [ 45.266728334000049, 38.775422406000075 ], [ 45.266442033000033, 38.775277396000035 ], [ 45.266158325000049, 38.775019588000077 ], [ 45.266020689000072, 38.774707393000028 ], [ 45.265773189000072, 38.774450098000045 ], [ 45.265451367000026, 38.774276394000026 ], [ 45.265089452000041, 38.77427137400008 ], [ 45.264688084000056, 38.774406839000051 ], [ 45.264393979000033, 38.774600213000042 ], [ 45.263991281000074, 38.774792087000037 ], [ 45.263696495000033, 38.775013673000046 ], [ 45.263398578000078, 38.775376385000072 ], [ 45.263246676000051, 38.77568466200006 ], [ 45.26316778000006, 38.77596572200008 ], [ 45.263159929000039, 38.776304178000032 ], [ 45.263152732000037, 38.776614441000049 ], [ 45.263144228000044, 38.776981130000024 ], [ 45.263102156000059, 38.777234511000074 ], [ 45.263022454000065, 38.777600771000039 ], [ 45.262907883000025, 38.77791004900007 ], [ 45.262651191000032, 38.778104461000055 ], [ 45.262250742000049, 38.778268734000051 ], [ 45.261920326000052, 38.778546797000047 ], [ 45.261698762000037, 38.778769583000042 ], [ 45.261583198000039, 38.779049901000064 ], [ 45.261576303000027, 38.779331781000053 ], [ 45.261859908000076, 38.779589559000044 ], [ 45.262144898000031, 38.779790958000035 ], [ 45.262503698000046, 38.779936984000074 ], [ 45.262788678000049, 38.780138371000078 ], [ 45.263035390000027, 38.780423836000068 ], [ 45.263209722000056, 38.78068002200007 ], [ 45.263417669000034, 38.781021292000048 ], [ 45.263519369000051, 38.781276566000031 ], [ 45.263584122000054, 38.781559616000038 ], [ 45.263685295000073, 38.781843241000047 ], [ 45.263786261000064, 38.782155145000047 ], [ 45.263887962000069, 38.782438864000028 ], [ 45.264025790000062, 38.782751295000025 ], [ 45.26416486800008, 38.78306357200006 ], [ 45.264268314000049, 38.783347052000067 ], [ 45.264333993000037, 38.783658341000034 ], [ 45.26432700600003, 38.783968676000029 ], [ 45.26432086300008, 38.784278786000073 ], [ 45.264278297000033, 38.784588409000037 ], [ 45.264199658000052, 38.784869459000049 ], [ 45.264117317000057, 38.785263762000056 ], [ 45.264110150000079, 38.785518234000051 ], [ 45.263957006000055, 38.785855139000034 ], [ 45.263876951000043, 38.786192761000052 ], [ 45.263834283000051, 38.786474489000057 ], [ 45.263610701000061, 38.786697899000046 ], [ 45.263313979000031, 38.786920713000029 ], [ 45.262948379000079, 38.787029114000063 ], [ 45.262584555000046, 38.787080787000036 ], [ 45.262150174000055, 38.787074702000041 ], [ 45.261788203000037, 38.787069631000065 ], [ 45.26131670500007, 38.787091406000059 ], [ 45.260882366000033, 38.787085318000038 ], [ 45.260448050000036, 38.787079227000049 ], [ 45.260047955000061, 38.787130384000079 ], [ 45.259536514000047, 38.787265035000075 ], [ 45.259171650000042, 38.787373018000039 ], [ 45.258771274000026, 38.787508209000066 ], [ 45.258475737000026, 38.787758310000072 ], [ 45.258324258000073, 38.788010741000051 ], [ 45.258171652000044, 38.788375500000029 ], [ 45.258093170000052, 38.788656651000053 ], [ 45.258086786000035, 38.788938947000076 ], [ 45.258079762000079, 38.789249471000062 ], [ 45.258180872000025, 38.789561768000056 ], [ 45.258391091000078, 38.789791674000071 ], [ 45.258676239000067, 38.789993400000071 ], [ 45.26009606100007, 38.790177318000076 ], [ 45.26206991600003, 38.790072446000067 ], [ 45.263785666000047, 38.791201680000029 ], [ 45.265668677000065, 38.79396760700007 ], [ 45.266515816000037, 38.795348683000043 ], [ 45.266598866000038, 38.796375327000078 ], [ 45.265363714000046, 38.796635933000061 ], [ 45.263335906000066, 38.796410984000033 ], [ 45.262833304000026, 38.798005003000071 ], [ 45.263157976000059, 38.79941182500005 ], [ 45.264269134000074, 38.800947251000025 ], [ 45.263098701000047, 38.803094289000057 ], [ 45.263094084000045, 38.804570725000076 ], [ 45.264612671000066, 38.806184254000073 ], [ 45.265336200000036, 38.80785876300007 ], [ 45.265826118000064, 38.811792056000058 ], [ 45.265761382000051, 38.813314135000041 ], [ 45.265544054000031, 38.81611244700008 ], [ 45.266906125000048, 38.818011578000039 ], [ 45.267418877000068, 38.820971727000028 ], [ 45.266863124000054, 38.822560202000034 ], [ 45.263700604000064, 38.824260287000072 ], [ 45.260590830000069, 38.824282271000072 ], [ 45.260653396000066, 38.825451675000068 ], [ 45.261485200000038, 38.827589338000053 ], [ 45.262592471000062, 38.830712249000044 ], [ 45.261056045000032, 38.833595064000065 ], [ 45.260983567000039, 38.833671637000066 ], [ 45.260895618000063, 38.833803278000062 ], [ 45.260864352000056, 38.833946830000059 ], [ 45.260859852000067, 38.834101125000075 ], [ 45.260856341000078, 38.834222393000061 ], [ 45.260867393000069, 38.834355232000064 ], [ 45.260878717000026, 38.834477025000069 ], [ 45.260946789000059, 38.834610754000039 ], [ 45.261015637000071, 38.834700144000067 ], [ 45.261141012000053, 38.834801372000072 ], [ 45.261293525000042, 38.834891292000066 ], [ 45.261460456000066, 38.834970338000062 ], [ 45.26160089800004, 38.835027464000063 ], [ 45.261811737000073, 38.835107641000036 ], [ 45.261994798000046, 38.835165350000068 ], [ 45.262191786000074, 38.835234307000064 ], [ 45.262375467000027, 38.835269925000034 ], [ 45.262489041000038, 38.835271442000078 ], [ 45.262645210000073, 38.835273528000073 ], [ 45.262801387000081, 38.835275614000068 ], [ 45.262971770000036, 38.835277889000054 ], [ 45.263156927000068, 38.83525824700007 ], [ 45.263298925000072, 38.835260143000028 ], [ 45.263426727000081, 38.835261850000052 ], [ 45.263568735000035, 38.835263744000031 ], [ 45.263753908000069, 38.835244099000079 ], [ 45.263912140000059, 38.835168847000034 ], [ 45.264084173000072, 38.835115998000049 ], [ 45.264228359000072, 38.835029450000036 ], [ 45.264386785000056, 38.834943127000031 ], [ 45.264502299000071, 38.834867272000054 ], [ 45.264617568000062, 38.834802497000055 ], [ 45.26477624100005, 38.834705135000036 ], [ 45.264906217000032, 38.834618438000064 ], [ 45.265050403000032, 38.834531951000031 ], [ 45.26516689500005, 38.834411857000077 ], [ 45.26534024800003, 38.834292593000043 ], [ 45.265497873000072, 38.834239526000033 ], [ 45.265711844000066, 38.834209417000068 ], [ 45.265910906000045, 38.834212402000048 ], [ 45.266157583000052, 38.834671228000047 ], [ 45.266140619000055, 38.834804041000041 ], [ 45.265985862000036, 38.83608646600004 ], [ 45.265328294000028, 38.83803398200007 ], [ 45.264648727000065, 38.840196616000071 ], [ 45.263062348000062, 38.84234845800006 ], [ 45.260958316000028, 38.844567236000046 ], [ 45.260297269000034, 38.846035197000049 ], [ 45.260529272000042, 38.847114461000047 ], [ 45.261560436000025, 38.847951563000038 ], [ 45.262222509000026, 38.848311089000049 ], [ 45.262877726000056, 38.848561472000029 ], [ 45.263593792000052, 38.848724256000025 ], [ 45.264132497000048, 38.849242086000061 ], [ 45.264187627000069, 38.849770427000067 ], [ 45.264351382000029, 38.85026861700004 ], [ 45.264416330000074, 38.851081927000052 ], [ 45.263950512000065, 38.851855085000068 ], [ 45.263532457000053, 38.852200149000055 ], [ 45.263018690000081, 38.852304682000067 ], [ 45.262283998000044, 38.852215218000026 ], [ 45.261756429000059, 38.852798509000024 ], [ 45.261586727000065, 38.853818150000052 ], [ 45.261980992000076, 38.85460282300005 ], [ 45.261925828000074, 38.856163193000043 ], [ 45.261319707000041, 38.856991892000053 ], [ 45.260590208000053, 38.857557616000065 ], [ 45.260551553000028, 38.857587051000053 ], [ 45.260416020000036, 38.857704979000061 ], [ 45.260316149000062, 38.857852052000055 ], [ 45.260177854000062, 38.857998569000074 ], [ 45.260019911000029, 38.858159707000027 ], [ 45.259920719000036, 38.858277181000062 ], [ 45.259782284000039, 38.858423846000051 ], [ 45.259680735000074, 38.858615670000063 ], [ 45.259581230000038, 38.858748222000031 ], [ 45.259465935000037, 38.858926761000077 ], [ 45.259424798000055, 38.859060379000027 ], [ 45.259344885000075, 38.859223310000061 ], [ 45.259321460000081, 38.859416747000068 ], [ 45.259318096000072, 38.859565728000064 ], [ 45.259314396000036, 38.859729607000077 ], [ 45.259310696000057, 38.859893485000043 ], [ 45.25930665900006, 38.860072259000049 ], [ 45.259322926000038, 38.860206626000036 ], [ 45.259359053000026, 38.860371215000043 ], [ 45.259432907000075, 38.860536203000038 ], [ 45.259544431000052, 38.860701625000047 ], [ 45.259693301000027, 38.860822768000048 ], [ 45.259900363000042, 38.860914961000049 ], [ 45.260088432000032, 38.861006933000056 ], [ 45.26029645300008, 38.86106939900003 ], [ 45.260465889000045, 38.861146266000048 ], [ 45.260636214000044, 38.861163529000066 ], [ 45.260845144000029, 38.861211154000046 ], [ 45.261035445000061, 38.861258520000035 ], [ 45.26126354400003, 38.861321335000071 ], [ 45.261492654000051, 38.861339415000032 ], [ 45.261683545000039, 38.861356971000077 ], [ 45.261931484000058, 38.861390239000059 ], [ 45.26210369000006, 38.861392616000046 ], [ 45.262313885000026, 38.861410438000064 ], [ 45.262523799000064, 38.861443178000059 ], [ 45.264342697000075, 38.861527813000066 ], [ 45.265422472000068, 38.862109089000057 ], [ 45.266432480000049, 38.863330124000072 ], [ 45.268002839000076, 38.865319189000047 ], [ 45.268735314000025, 38.866146333000074 ], [ 45.269502167000041, 38.86651726100007 ], [ 45.270719205000034, 38.867183920000059 ], [ 45.272037259000058, 38.868107067000039 ], [ 45.272907898000028, 38.868939878000049 ], [ 45.273270442000069, 38.869882706000055 ], [ 45.273199222000073, 38.870647717000054 ], [ 45.27393122400008, 38.870946182000068 ], [ 45.275188839000066, 38.871050912000044 ], [ 45.275782852000077, 38.871376009000073 ], [ 45.27636142800003, 38.872121930000048 ], [ 45.27684954800003, 38.873106596000071 ], [ 45.276901941000062, 38.874029696000036 ], [ 45.277026611000053, 38.874725220000073 ], [ 45.277228803000071, 38.875186690000078 ], [ 45.278180718000044, 38.875855171000069 ], [ 45.279303560000074, 38.876245137000069 ], [ 45.280647184000031, 38.876511199000049 ], [ 45.280714522000039, 38.876511996000033 ], [ 45.281406075000064, 38.87625730700006 ], [ 45.282592659000045, 38.876078410000048 ], [ 45.28340950200004, 38.876331757000059 ], [ 45.283948880000025, 38.876455775000068 ], [ 45.284624072000042, 38.876819710000063 ], [ 45.285936470000081, 38.877690125000072 ], [ 45.286679288000073, 38.878387803000066 ], [ 45.287893011000051, 38.879280946000051 ], [ 45.288813808000043, 38.879135897000026 ], [ 45.289677619000031, 38.878667115000042 ], [ 45.290686917000073, 38.87943703500008 ], [ 45.29200992400007, 38.879569873000037 ], [ 45.293361878000042, 38.879859355000065 ], [ 45.294863207000049, 38.879978748000042 ], [ 45.296673036000072, 38.880042942000046 ], [ 45.297574126000029, 38.879903320000039 ], [ 45.298299716000031, 38.879389847000027 ], [ 45.298529938000058, 38.87878986700008 ], [ 45.298530115000062, 38.878783254000041 ], [ 45.298800423000046, 38.878215632000035 ], [ 45.298853605000033, 38.878170771000043 ], [ 45.29921672200004, 38.877884760000029 ], [ 45.299259284000073, 38.877878886000076 ], [ 45.3, 38.877805975000058 ], [ 45.300519285000064, 38.877894219000041 ], [ 45.300877239000044, 38.87810717900004 ], [ 45.301051366000081, 38.87854210100005 ], [ 45.300889870000049, 38.879250465000041 ], [ 45.30045109100007, 38.879815443000041 ], [ 45.300425530000041, 38.880537467000067 ], [ 45.300667725000039, 38.881499642000051 ], [ 45.301231177000034, 38.882496545000038 ], [ 45.301952282000059, 38.882816010000056 ], [ 45.302847775000032, 38.882967822000069 ], [ 45.30344195300006, 38.882805277000045 ], [ 45.304694649000055, 38.882423266000046 ], [ 45.306019110000079, 38.882153520000031 ], [ 45.307848647000071, 38.881852900000069 ], [ 45.309302169000034, 38.881814811000027 ], [ 45.310025569000061, 38.882404502000043 ], [ 45.310419934000038, 38.883604222000031 ], [ 45.310710838000034, 38.88515153000003 ], [ 45.311132727000029, 38.885959720000074 ], [ 45.312389642000028, 38.886225824000064 ], [ 45.313715870000067, 38.886473757000033 ], [ 45.313775856000063, 38.886481192000076 ], [ 45.315432458000032, 38.887044689000049 ], [ 45.316183829000067, 38.887281605000055 ], [ 45.317234209000048, 38.887442559000078 ], [ 45.319093098000053, 38.887267517000055 ], [ 45.320955663000063, 38.886862101000077 ], [ 45.322564620000037, 38.88685896000004 ], [ 45.325483493000036, 38.887590333000048 ], [ 45.326503329000047, 38.888146692000078 ], [ 45.326827645000037, 38.88862501300008 ], [ 45.327022598000042, 38.889164184000037 ], [ 45.327632185000027, 38.88978151200007 ], [ 45.327798100000052, 38.89030992000005 ], [ 45.327769902000057, 38.890846919000069 ], [ 45.32795799400003, 38.891450798000051 ], [ 45.328957005000063, 38.892266720000066 ], [ 45.329998223000075, 38.893040047000056 ], [ 45.331443356000079, 38.893873899000027 ], [ 45.333418380000069, 38.89505596500004 ], [ 45.335903849000033, 38.895938114000046 ], [ 45.336854759000062, 38.896366909000051 ], [ 45.338291454000057, 38.897928093000075 ], [ 45.338634315000036, 38.898594775000049 ], [ 45.338320537000072, 38.899394510000036 ], [ 45.337545119000026, 38.899977954000065 ], [ 45.336229356000047, 38.900416148000033 ], [ 45.335657284000035, 38.900945375000049 ], [ 45.335274262000041, 38.901606489000073 ], [ 45.334417526000038, 38.90279927000006 ], [ 45.333671444000061, 38.903570064000064 ], [ 45.333368913000072, 38.904241892000073 ], [ 45.333788783000045, 38.904582807000054 ], [ 45.335082926000041, 38.904892751000034 ], [ 45.33679372000006, 38.904751240000053 ], [ 45.338537301000031, 38.904369354000039 ], [ 45.339354787000048, 38.905017050000026 ], [ 45.339701989000048, 38.905639808000046 ], [ 45.33995469000007, 38.906242314000053 ], [ 45.339810062000026, 38.906860646000041 ], [ 45.339284356000064, 38.907386139000039 ], [ 45.338590848000081, 38.907861709000031 ], [ 45.338052900000037, 38.908189592000042 ], [ 45.337712676000081, 38.908524511000053 ], [ 45.337721053000053, 38.908991825000044 ], [ 45.338108202000058, 38.909549436000077 ], [ 45.338837732000059, 38.910096964000047 ], [ 45.339693364000027, 38.910483526000064 ], [ 45.340784150000047, 38.910746761000041 ], [ 45.341509014000053, 38.910925864000035 ], [ 45.341935069000044, 38.911373949000051 ], [ 45.342045021000047, 38.912097629000073 ], [ 45.342061048000062, 38.912407657000074 ], [ 45.341879427000038, 38.913338637000038 ], [ 45.341782814000055, 38.914641565000068 ], [ 45.341922452000063, 38.915665051000076 ], [ 45.341789547000076, 38.916844694000076 ], [ 45.341368231000047, 38.918444531000034 ], [ 45.34144124900007, 38.919045648000065 ], [ 45.342009139000027, 38.919266346000029 ], [ 45.343168710000043, 38.919268418000058 ], [ 45.344467446000067, 38.918973390000076 ], [ 45.345532767000066, 38.91871277100006 ], [ 45.346532866000075, 38.918736587000069 ], [ 45.347417023000048, 38.919159974000024 ], [ 45.347839444000044, 38.91974566600004 ], [ 45.347944372000029, 38.920507360000045 ], [ 45.347701799000049, 38.921565807000036 ], [ 45.347898247000046, 38.922158977000038 ], [ 45.348304708000057, 38.922512139000048 ], [ 45.348999307000042, 38.922595510000065 ], [ 45.349931794000042, 38.922470591000035 ], [ 45.350789329000065, 38.922005904000059 ], [ 45.351249007000035, 38.921547325000063 ], [ 45.351845156000081, 38.921049154000059 ], [ 45.352451386000041, 38.920743519000041 ], [ 45.353197257000033, 38.920712500000036 ], [ 45.355287471000054, 38.921282004000034 ], [ 45.35594248600006, 38.921703187000048 ], [ 45.355927084000029, 38.922505683000054 ], [ 45.355407805000027, 38.922870464000027 ], [ 45.353644884000062, 38.92437495300004 ], [ 45.353070628000069, 38.92512834200005 ], [ 45.353122614000029, 38.925941558000034 ], [ 45.353211194000039, 38.926593749000062 ], [ 45.353446473000076, 38.927407874000039 ], [ 45.353434069000059, 38.927997511000058 ], [ 45.353131739000048, 38.928554526000028 ], [ 45.352900814000066, 38.929266762000054 ], [ 45.352871460000074, 38.930423983000026 ], [ 45.353176897000026, 38.931071019000058 ], [ 45.353628186000037, 38.931508301000065 ], [ 45.35433712300005, 38.931847064000067 ], [ 45.355213364000065, 38.931792278000046 ], [ 45.356105822000075, 38.931928113000026 ], [ 45.356695503000026, 38.932328064000046 ], [ 45.356867246000036, 38.933001725000054 ], [ 45.357185540000046, 38.933686425000076 ], [ 45.35708995300007, 38.93447823300005 ], [ 45.35697738600004, 38.935164360000044 ], [ 45.35681766600004, 38.935977190000074 ], [ 45.356533949000038, 38.93655381800005 ], [ 45.356425967000064, 38.936718503000066 ], [ 45.356022179000036, 38.937515886000028 ], [ 45.355970813000056, 38.937719108000067 ], [ 45.355930661000059, 38.93838026700007 ], [ 45.355929497000034, 38.93886787100007 ], [ 45.35619543200005, 38.939833854000028 ], [ 45.356695838000064, 38.940365931000031 ], [ 45.35744688300008, 38.940642376000028 ], [ 45.358545857000081, 38.940942243000052 ], [ 45.359183186000053, 38.941432483000028 ], [ 45.359688550000044, 38.941989523000075 ], [ 45.359833699000035, 38.942531716000076 ], [ 45.359781770000041, 38.942861679000032 ], [ 45.359270719000051, 38.943181494000044 ], [ 45.358603652000056, 38.943410004000043 ], [ 45.357847682000056, 38.943784851000032 ], [ 45.357187364000026, 38.944570514000077 ], [ 45.356450093000035, 38.944989534000058 ], [ 45.356073070000036, 38.945360299000072 ], [ 45.35574203300007, 38.945912573000044 ], [ 45.355709335000029, 38.946689009000067 ], [ 45.35597312200008, 38.94738320700003 ], [ 45.356514450000077, 38.947786037000071 ], [ 45.357598298000028, 38.948299077000058 ], [ 45.358702289000064, 38.948587408000037 ], [ 45.359415937000051, 38.948793012000067 ], [ 45.35965655800004, 38.948979421000047 ], [ 45.360862176000069, 38.949138971000025 ], [ 45.361420324000051, 38.94950874500006 ], [ 45.362682236000069, 38.951247307000074 ], [ 45.363152782000043, 38.951782125000079 ], [ 45.36372130500007, 38.952016778000029 ], [ 45.36479790900006, 38.952207977000057 ], [ 45.365815739000027, 38.952418809000051 ], [ 45.36657275400006, 38.952880127000071 ], [ 45.367155301000025, 38.953591885000037 ], [ 45.367299173000049, 38.954082332000041 ], [ 45.366825414000061, 38.954661850000036 ], [ 45.365887297000029, 38.955619500000068 ], [ 45.365732106000053, 38.956014537000044 ], [ 45.366110096000057, 38.956544723000036 ], [ 45.367598106000059, 38.957118200000025 ], [ 45.368906437000078, 38.957647688000066 ], [ 45.369586379000054, 38.958857091000027 ], [ 45.370209107000051, 38.959879139000066 ], [ 45.370477078000079, 38.960729336000043 ], [ 45.370326193000039, 38.961687802000029 ], [ 45.369853566000074, 38.962664654000037 ], [ 45.369433143000037, 38.96356875500004 ], [ 45.369502743000055, 38.964095780000036 ], [ 45.370015544000069, 38.96481321300007 ], [ 45.371527373000049, 38.965887924000072 ], [ 45.37263994500006, 38.966355031000035 ], [ 45.374401931000079, 38.967442242000061 ], [ 45.376479489000076, 38.968814355000063 ], [ 45.377514120000058, 38.969242451000071 ], [ 45.378658255000062, 38.96941341400003 ], [ 45.379681966000078, 38.969183605000069 ], [ 45.380071388000033, 38.968743339000071 ], [ 45.380099684000072, 38.968730786000037 ], [ 45.38075161900008, 38.968464 ], [ 45.381064378000076, 38.96856570500006 ], [ 45.381406519000052, 38.968760490000079 ], [ 45.381600653000078, 38.968960744000071 ], [ 45.381680012000061, 38.96918065300008 ], [ 45.381825733000028, 38.96945669400003 ], [ 45.382257199000037, 38.969614210000032 ], [ 45.382766071000049, 38.969558798000037 ], [ 45.382818612000051, 38.969545615000072 ], [ 45.383362073000058, 38.969461969000065 ], [ 45.383397117000072, 38.96945538500006 ], [ 45.384168319000025, 38.969532627000035 ], [ 45.384788180000044, 38.969745046000071 ], [ 45.385405671000058, 38.970127945000058 ], [ 45.385906200000079, 38.970696181000051 ], [ 45.386354081000036, 38.971244084000034 ], [ 45.387505926000074, 38.972309991000031 ], [ 45.387877822000064, 38.972819231000074 ], [ 45.388337504000049, 38.973327741000048 ], [ 45.388871365000057, 38.973658190000037 ], [ 45.389679211000043, 38.973957555000027 ], [ 45.390408293000064, 38.974152520000075 ], [ 45.390434859000038, 38.974152956000069 ], [ 45.391111769000076, 38.974661498000046 ], [ 45.392384960000072, 38.975544121000041 ], [ 45.39286975300007, 38.975722438000048 ], [ 45.393189809000035, 38.975692339000034 ], [ 45.39371292800007, 38.975540753000075 ], [ 45.396614427000031, 38.975027675000035 ], [ 45.39746862100003, 38.97499225100006 ], [ 45.400979276000044, 38.976374709000027 ], [ 45.403099045000033, 38.976308250000045 ], [ 45.404754781000065, 38.975929662000055 ], [ 45.40550143300004, 38.975816358000031 ], [ 45.406293474000051, 38.975867314000027 ], [ 45.407678536000049, 38.97621457300005 ], [ 45.409267641000042, 38.976569514000062 ], [ 45.410691138000061, 38.977088397000045 ], [ 45.412027703000035, 38.977643513000032 ], [ 45.412518761000058, 38.978027104000034 ], [ 45.413582096000027, 38.978654641000048 ], [ 45.415329326000062, 38.979249432000074 ], [ 45.415790640000068, 38.979122145000076 ], [ 45.415940091000039, 38.978768542000068 ], [ 45.416218970000045, 38.978414999000051 ], [ 45.417065085000047, 38.977801171000067 ], [ 45.417370951000066, 38.977659634000076 ], [ 45.418211131000078, 38.977719599000068 ], [ 45.418823896000049, 38.977622943000028 ], [ 45.418859425000051, 38.977623409000046 ], [ 45.419464710000057, 38.977462771000035 ], [ 45.419864864000033, 38.977153507000025 ], [ 45.420357082000066, 38.976838649000058 ], [ 45.420410823000054, 38.976832174000037 ], [ 45.421133100000077, 38.976549888000079 ], [ 45.42158310700006, 38.976575984000078 ], [ 45.422265404000029, 38.97679081900003 ], [ 45.423474242000054, 38.977456331000042 ], [ 45.42445874100008, 38.978050403000054 ], [ 45.424991084000055, 38.978184184000042 ], [ 45.425421028000073, 38.978243159000044 ], [ 45.425767202000031, 38.978329280000025 ], [ 45.426058286000057, 38.978523662000043 ], [ 45.426173119000055, 38.978781398000081 ], [ 45.426109255000028, 38.979036880000081 ], [ 45.425945766000041, 38.979243517000043 ], [ 45.425625314000058, 38.979505946000074 ], [ 45.425464888000079, 38.979848514000025 ], [ 45.42533889300006, 38.980325402000062 ], [ 45.425373343000047, 38.980960696000068 ], [ 45.425639784000055, 38.981471679000038 ], [ 45.427420940000047, 38.983088108000061 ], [ 45.428332070000067, 38.983759502000055 ], [ 45.428787607000061, 38.98390415800003 ], [ 45.428814202000069, 38.983911312000032 ], [ 45.429307143000074, 38.98390605700007 ], [ 45.429333978000045, 38.983906106000063 ], [ 45.429803975000027, 38.983798966000052 ], [ 45.430210861000035, 38.98377236500005 ], [ 45.430641229000059, 38.983879622000075 ], [ 45.431744105000064, 38.984946496000077 ], [ 45.432177024000055, 38.985388016000059 ], [ 45.432737006000025, 38.985887924000053 ], [ 45.433310422000034, 38.986152274000062 ], [ 45.433853941000052, 38.98654416200003 ], [ 45.434507921000034, 38.986821990000067 ], [ 45.435062329000061, 38.987013396000066 ], [ 45.435971261000077, 38.986877923000065 ], [ 45.437141108000048, 38.986591505000035 ], [ 45.437785319000056, 38.986499465000065 ], [ 45.438427356000034, 38.98647171500005 ], [ 45.438971040000069, 38.986684729000046 ], [ 45.439499782000041, 38.986805494000066 ], [ 45.440260611000042, 38.986802476000037 ], [ 45.441148372000043, 38.986691269000062 ], [ 45.442199483000081, 38.986525510000035 ], [ 45.442906084000072, 38.986463550000053 ], [ 45.443622623000067, 38.98655941800007 ], [ 45.444252100000028, 38.98699110900003 ], [ 45.444717218000051, 38.987279476000026 ], [ 45.446315409000078, 38.987796545000037 ], [ 45.446990123000035, 38.988094237000041 ], [ 45.447402082000053, 38.988669096000081 ], [ 45.44744066700008, 38.989407296000024 ], [ 45.446972169000048, 38.990045311000074 ], [ 45.446641149000072, 38.99099521800008 ], [ 45.44649434300004, 38.991872307000051 ], [ 45.446848934000059, 38.992434832000072 ], [ 45.447791578000079, 38.993256609000071 ], [ 45.448531385000081, 38.993725708000056 ], [ 45.448615338000081, 38.993662426000071 ], [ 45.44975343200008, 38.993085827000073 ], [ 45.45085017100007, 38.992477836000035 ], [ 45.452069141000038, 38.991914418000079 ], [ 45.453369151000061, 38.991274077000071 ], [ 45.45485295900005, 38.990601465000054 ], [ 45.456133928000042, 38.990150405000065 ], [ 45.457170038000072, 38.989668750000078 ], [ 45.458494290000033, 38.989555418000066 ], [ 45.460123764000059, 38.989436363000038 ], [ 45.461528177000048, 38.989110915000026 ], [ 45.46285124800005, 38.988929953000024 ], [ 45.464053209000042, 38.988880123000058 ], [ 45.465397935000055, 38.988811688000055 ], [ 45.466538830000047, 38.988694490000057 ], [ 45.468024763000074, 38.988481279000041 ], [ 45.469327718000045, 38.988318348000064 ], [ 45.470487433000073, 38.987993776000053 ], [ 45.471912512000074, 38.987749222000048 ], [ 45.473172814000066, 38.987253001000056 ], [ 45.474371641000062, 38.986738994000063 ], [ 45.475632541000039, 38.986337364000065 ], [ 45.47679159300003, 38.986030755000058 ], [ 45.478113894000046, 38.985642363000068 ], [ 45.479477259000078, 38.985352913000042 ], [ 45.480740147000063, 38.985253098000044 ], [ 45.482266544000026, 38.984958437000046 ], [ 45.483731501000079, 38.98465049400005 ], [ 45.484851663000029, 38.98447012400004 ], [ 45.48601240000005, 38.984420239000031 ], [ 45.487194370000054, 38.984415310000031 ], [ 45.488375008000048, 38.984216631000038 ], [ 45.489554802000043, 38.983896292000054 ], [ 45.490591370000061, 38.983526980000079 ], [ 45.49173113900008, 38.983265360000075 ], [ 45.493013957000073, 38.983133789000078 ], [ 45.494478828000069, 38.982825712000079 ], [ 45.496045804000062, 38.982467620000079 ], [ 45.497224465000045, 38.982097645000067 ], [ 45.498607818000039, 38.981695244000036 ], [ 45.499745919000077, 38.981307395000044 ], [ 45.501148555000043, 38.980778723000071 ], [ 45.502489839000077, 38.980250299000033 ], [ 45.503872372000046, 38.979843334000066 ], [ 45.505051222000077, 38.979410200000075 ], [ 45.506350649000069, 38.978787294000028 ], [ 45.507304813000076, 38.978319067000029 ], [ 45.50860537300008, 38.977759209000055 ], [ 45.509640814000079, 38.97725906900007 ], [ 45.510961992000034, 38.976762175000033 ], [ 45.512547905000076, 38.976358722000043 ], [ 45.513748577000058, 38.976065080000069 ], [ 45.515150413000072, 38.975554266000074 ], [ 45.516794951000065, 38.974686414000075 ], [ 45.51793260900007, 38.974266850000049 ], [ 45.518948356000067, 38.973852322000027 ], [ 45.520127113000058, 38.973432553000066 ], [ 45.521162442000048, 38.972936817000061 ], [ 45.52219831900004, 38.972517666000044 ], [ 45.523317260000056, 38.972210774000075 ], [ 45.524658989000045, 38.971884848000059 ], [ 45.525715520000062, 38.971434032000047 ], [ 45.52691322700008, 38.970856412000046 ], [ 45.527988657000037, 38.970234275000053 ], [ 45.529144366000025, 38.969544180000071 ], [ 45.530383505000032, 38.969015898000066 ], [ 45.531662049000033, 38.968356760000063 ], [ 45.53279858500008, 38.967716278000069 ], [ 45.534054279000031, 38.966710281000076 ], [ 45.535026059000074, 38.96594437300007 ], [ 45.535977586000058, 38.965174044000037 ], [ 45.536827751000033, 38.964453736000053 ], [ 45.537738875000059, 38.963688084000069 ], [ 45.53863036100006, 38.962999112000034 ], [ 45.539686324000058, 38.962597735000031 ], [ 45.541048750000073, 38.962276030000055 ], [ 45.542147489000058, 38.96209521000003 ], [ 45.54367605300007, 38.962182718000065 ], [ 45.545144510000057, 38.962333566000041 ], [ 45.546511163000048, 38.962565975000075 ], [ 45.547835353000039, 38.962622845000055 ], [ 45.550711225000043, 38.962861627000052 ], [ 45.553100184000073, 38.963287379000064 ], [ 45.554773408000074, 38.963788577000059 ], [ 45.556317509000053, 38.964195747000076 ], [ 45.557989425000073, 38.964800535000052 ], [ 45.559532961000059, 38.965405915000076 ], [ 45.56107658500008, 38.966110398000069 ], [ 45.562362634000067, 38.966716977000033 ], [ 45.565833911000027, 38.969133253000052 ], [ 45.566990440000041, 38.970042288000059 ], [ 45.570074867000073, 38.972762193000051 ], [ 45.570924160000061, 38.973672688000079 ], [ 45.571764844000029, 38.974317386000052 ], [ 45.572971842000072, 38.974933246000035 ], [ 45.574075965000077, 38.975405418000037 ], [ 45.574795421000033, 38.976131792000047 ], [ 45.575779109000052, 38.976874880000025 ], [ 45.577018606000081, 38.97739591800007 ], [ 45.578435091000074, 38.977497041000049 ], [ 45.579852004000031, 38.977296266000053 ], [ 45.581055025000069, 38.976704548000043 ], [ 45.581720979000067, 38.975908236000066 ], [ 45.582489275000057, 38.975188005000064 ], [ 45.583134073000053, 38.97427914900004 ], [ 45.583668013000079, 38.97356682800006 ], [ 45.583736639000051, 38.972574995000059 ], [ 45.584094914000048, 38.970122524000033 ], [ 45.584629453000048, 38.968377254000075 ], [ 45.586328687000048, 38.966172279000034 ], [ 45.586946426000054, 38.965935655000067 ], [ 45.587037594000037, 38.965820492000034 ], [ 45.587805058000072, 38.965019128000051 ], [ 45.588897821000046, 38.964126005000026 ], [ 45.590136329000075, 38.963673688000029 ], [ 45.591233498000065, 38.963316694000071 ], [ 45.592451449000066, 38.96273829900008 ], [ 45.593446392000033, 38.962323229000049 ], [ 45.594807732000049, 38.961901778000026 ], [ 45.596190311000043, 38.961606362000055 ], [ 45.597307124000054, 38.961190636000026 ], [ 45.59850433500003, 38.960643824000044 ], [ 45.60014966500006, 38.960031617000027 ], [ 45.601513054000065, 38.959862394000027 ], [ 45.60293603100007, 38.959490093000056 ], [ 45.603904556000032, 38.959029721000036 ], [ 45.604323426000065, 38.958626124000034 ], [ 45.605020670000044, 38.957898157000045 ], [ 45.606747570000039, 38.956167396000069 ], [ 45.607303776000037, 38.955945864000057 ], [ 45.608694015000026, 38.955801327000074 ], [ 45.60986661000004, 38.956021648000046 ], [ 45.611481110000057, 38.955656145000034 ], [ 45.61290086300005, 38.955020221000041 ], [ 45.613283134000028, 38.953827101000059 ], [ 45.613382706000039, 38.952593977000049 ], [ 45.613728932000072, 38.951849149000054 ], [ 45.614491066000028, 38.950914759000057 ], [ 45.615321824000034, 38.950338607000049 ], [ 45.615501986000027, 38.950101999000026 ], [ 45.61529824400003, 38.949765440000078 ], [ 45.614842655000075, 38.948875719000057 ], [ 45.614325231000066, 38.947923243000048 ], [ 45.613706443000069, 38.947007343000053 ], [ 45.613656983000055, 38.946038885000064 ], [ 45.613567255000078, 38.945084156000064 ], [ 45.614006501000063, 38.94400048600005 ], [ 45.614753662000055, 38.943248612000048 ], [ 45.614771917000041, 38.943239675000029 ], [ 45.614764261000062, 38.943220177000057 ], [ 45.614664936000054, 38.943052563000037 ], [ 45.614614065000069, 38.942922989000067 ], [ 45.614554362000035, 38.942785971000035 ], [ 45.614482531000078, 38.942603001000066 ], [ 45.61436963400007, 38.942429667000056 ], [ 45.614312822000045, 38.942325599000071 ], [ 45.614305226000056, 38.942264289000036 ], [ 45.614305749000039, 38.942178040000044 ], [ 45.614324076000059, 38.942108185000052 ], [ 45.614370588000043, 38.942018402000031 ], [ 45.614394454000035, 38.941985060000036 ], [ 45.614488970000025, 38.941927975000056 ], [ 45.614574975000039, 38.941870741000059 ], [ 45.614632572000062, 38.941850346000081 ], [ 45.614686272000029, 38.94184591800007 ], [ 45.614871866000044, 38.941856507000068 ], [ 45.615074911000079, 38.941868587000044 ], [ 45.61518725500008, 38.94188568900006 ], [ 45.615287852000051, 38.941916718000073 ], [ 45.61541704800004, 38.941978874000029 ], [ 45.615657611000074, 38.942079940000042 ], [ 45.615842146000034, 38.942151506000073 ], [ 45.616006465000055, 38.942228836000027 ], [ 45.616154352000081, 38.942306190000068 ], [ 45.616315500000042, 38.942404225000075 ], [ 45.616493583000079, 38.942511822000029 ], [ 45.616678572000069, 38.942623591000029 ], [ 45.617293301000075, 38.942536830000051 ], [ 45.618473398000049, 38.942481021000049 ], [ 45.619634178000069, 38.942443325000056 ], [ 45.621122175000039, 38.942548058000057 ], [ 45.622591075000059, 38.942860134000057 ], [ 45.623997278000047, 38.942929221000043 ], [ 45.626298763000079, 38.942948434000073 ], [ 45.62774777900006, 38.943292092000036 ], [ 45.628869570000063, 38.943493314000079 ], [ 45.629990490000068, 38.943595405000053 ], [ 45.631295347000048, 38.943782099000032 ], [ 45.632518399000048, 38.943852073000073 ], [ 45.634595512000033, 38.943858822000038 ], [ 45.635878180000077, 38.943820301000073 ], [ 45.637181761000079, 38.943781652000041 ], [ 45.63879051300006, 38.943754836000039 ], [ 45.640583614000036, 38.94385765100003 ], [ 45.641846817000044, 38.943900274000043 ], [ 45.643315099000063, 38.944130990000076 ], [ 45.644460116000062, 38.94466084700008 ], [ 45.644997525000065, 38.945468898000058 ], [ 45.645427150000046, 38.946399194000037 ], [ 45.646118560000048, 38.947643436000078 ], [ 45.646552530000065, 38.948731403000068 ], [ 45.647110941000051, 38.95009802800007 ], [ 45.648329806000049, 38.950803157000053 ], [ 45.649426210000058, 38.951364774000069 ], [ 45.651672992000044, 38.951681163000046 ], [ 45.653312093000068, 38.951955856000041 ], [ 45.654586264000045, 38.951998279000065 ], [ 45.65579821700004, 38.951941913000041 ], [ 45.657252395000057, 38.951794058000075 ], [ 45.659247399000037, 38.951165532000061 ], [ 45.660516864000044, 38.950779880000027 ], [ 45.661543984000048, 38.95039558700006 ], [ 45.66269225800005, 38.950010598000063 ], [ 45.664443530000028, 38.949243692000039 ], [ 45.665592491000041, 38.94885867000005 ], [ 45.667522784000028, 38.947806841000045 ], [ 45.668791720000058, 38.947376045000055 ], [ 45.670060599000067, 38.946940730000051 ], [ 45.672057901000073, 38.946505715000058 ], [ 45.673631431000047, 38.946257845000048 ], [ 45.675147826000057, 38.94629864500007 ], [ 45.676604500000053, 38.946429885000043 ], [ 45.677760306000039, 38.946851216000027 ], [ 45.678794493000055, 38.947223681000025 ], [ 45.679711144000066, 38.947975296000038 ], [ 45.680113409000057, 38.948175295000055 ], [ 45.680238038000027, 38.94817518800005 ], [ 45.680449973000066, 38.948175006000042 ], [ 45.680569074000061, 38.948182612000039 ], [ 45.680731983000044, 38.948236304000034 ], [ 45.680915582000068, 38.948284547000071 ], [ 45.681054845000062, 38.948324318000061 ], [ 45.681214182000076, 38.948407265000071 ], [ 45.681409808000069, 38.948475349000034 ], [ 45.681554250000033, 38.948538134000046 ], [ 45.681711550000045, 38.948611928000048 ], [ 45.681879828000035, 38.948713864000069 ], [ 45.682087541000044, 38.948819537000077 ], [ 45.68227319500005, 38.948931069000025 ], [ 45.68245661900005, 38.949018282000054 ], [ 45.682658323000055, 38.94912012900005 ], [ 45.68313061200007, 38.949311004000037 ], [ 45.684073079000029, 38.949463711000078 ], [ 45.685449235000078, 38.949239366000029 ], [ 45.68806304800006, 38.948791443000061 ], [ 45.689847230000055, 38.948028468000075 ], [ 45.691083534000029, 38.947593118000043 ], [ 45.692458579000061, 38.947260561000064 ], [ 45.693557439000074, 38.946934135000049 ], [ 45.694932459000029, 38.946601550000025 ], [ 45.696446269000035, 38.946376256000065 ], [ 45.696748981000042, 38.946310435000044 ], [ 45.696730321000075, 38.946236011000053 ], [ 45.696714599000074, 38.946125455000072 ], [ 45.696713153000076, 38.945981063000033 ], [ 45.696711687000061, 38.945834620000028 ], [ 45.696724558000028, 38.945717375000072 ], [ 45.696748690000049, 38.945631812000045 ], [ 45.696812094000052, 38.94548319300003 ], [ 45.696871176000059, 38.945367975000067 ], [ 45.697216448000063, 38.945135816000061 ], [ 45.697334119000061, 38.945074742000031 ], [ 45.697425100000032, 38.945021626000027 ], [ 45.697464819000061, 38.945006155000044 ], [ 45.697543365000058, 38.944992552000031 ], [ 45.697674179000046, 38.944964778000042 ], [ 45.697775334000028, 38.944956970000078 ], [ 45.697979504000045, 38.944941290000031 ], [ 45.698175313000036, 38.944895665000047 ], [ 45.69837758500006, 38.944852703000038 ], [ 45.698563733000071, 38.944786823000072 ], [ 45.698715819000029, 38.944743760000051 ], [ 45.698886327000025, 38.944690592000029 ], [ 45.69901519900003, 38.944644901000061 ], [ 45.699125185000071, 38.944623422000063 ], [ 45.699255248000043, 38.944605050000064 ], [ 45.699399665000044, 38.944591033000052 ], [ 45.699560578000046, 38.944556930000033 ], [ 45.699719311000081, 38.944543202000034 ], [ 45.699933097000041, 38.944482656000048 ], [ 45.700009365000028, 38.94446483300004 ], [ 45.700133763000053, 38.944456719000073 ], [ 45.70025954700003, 38.944446882000079 ], [ 45.700425359000064, 38.944446815000049 ], [ 45.700619839000069, 38.944446736000032 ], [ 45.700754478000079, 38.944446681000045 ], [ 45.700904080000043, 38.944446619000075 ], [ 45.701039981000065, 38.944446564000032 ], [ 45.701138291000063, 38.94445416800005 ], [ 45.701262235000058, 38.944471624000073 ], [ 45.701402757000039, 38.944498844000066 ], [ 45.701595847000078, 38.944548725000061 ], [ 45.701695375000043, 38.944564147000051 ], [ 45.701813899000058, 38.944614243000046 ], [ 45.701985294000053, 38.944667379000066 ], [ 45.702149299000041, 38.944724151000059 ], [ 45.70235570400007, 38.944767914000067 ], [ 45.702525544000025, 38.944803924000041 ], [ 45.702715346000048, 38.944840795000061 ], [ 45.702908983000043, 38.944875503000048 ], [ 45.703054500000064, 38.944903740000029 ], [ 45.703219885000067, 38.944950334000055 ], [ 45.703407695000067, 38.944986730000039 ], [ 45.703502281000056, 38.945011159000046 ], [ 45.703673026000047, 38.945066258000054 ], [ 45.70377490900006, 38.945095854000044 ], [ 45.703886139000076, 38.945138905000078 ], [ 45.704066835000049, 38.945197215000064 ], [ 45.70425122100005, 38.945268576000046 ], [ 45.70434812700006, 38.945298643000058 ], [ 45.704406341000038, 38.945333709000067 ], [ 45.704444479000074, 38.945359541000073 ], [ 45.704566535000026, 38.945358805000069 ], [ 45.705806945000063, 38.945351311000024 ], [ 45.707462733000057, 38.945557558000075 ], [ 45.709100308000075, 38.943934598000055 ], [ 45.709780429000034, 38.943069885000057 ], [ 45.71087338600006, 38.942094519000079 ], [ 45.711830019000047, 38.941336245000059 ], [ 45.713196266000068, 38.940147425000077 ], [ 45.714700153000081, 38.938953240000046 ], [ 45.715790129000027, 38.937766080000074 ], [ 45.716465391000042, 38.936360679000074 ], [ 45.71686886100008, 38.935393992000058 ], [ 45.717132374000073, 38.934207387000072 ], [ 45.717119397000033, 38.932918849000032 ], [ 45.717518435000045, 38.931515138000066 ], [ 45.718196922000061, 38.930438619000029 ], [ 45.719152230000077, 38.929572157000052 ], [ 45.720249181000042, 38.929024715000025 ], [ 45.72176148300008, 38.928695472000072 ], [ 45.723142556000028, 38.929006826000034 ], [ 45.724525166000035, 38.929538932000071 ], [ 45.725637407000079, 38.930496233000042 ], [ 45.726744635000045, 38.931030024000052 ], [ 45.72785144900007, 38.931451165000055 ], [ 45.729506972000081, 38.931657102000031 ], [ 45.731158064000056, 38.931430500000033 ], [ 45.732525976000034, 38.930453208000074 ], [ 45.73306801800004, 38.929593731000068 ], [ 45.733608888000049, 38.928621617000033 ], [ 45.734421420000047, 38.927215249000028 ], [ 45.735924003000036, 38.926025304000063 ], [ 45.737844797000037, 38.925260734000062 ], [ 45.740877960000034, 38.925457795000057 ], [ 45.742259051000076, 38.925768923000078 ], [ 45.743917821000025, 38.926294536000057 ], [ 45.745300119000035, 38.926718262000065 ], [ 45.747649738000064, 38.927455681000026 ], [ 45.749166376000062, 38.927554093000026 ], [ 45.750547960000063, 38.92797325500004 ], [ 45.753028148000055, 38.927957282000079 ], [ 45.754543658000046, 38.927947496000058 ], [ 45.756745456000033, 38.927721477000034 ], [ 45.757982522000077, 38.927497180000046 ], [ 45.759494561000054, 38.927162945000077 ], [ 45.762374042000033, 38.92585555800008 ], [ 45.763608738000073, 38.925414946000046 ], [ 45.765254971000047, 38.924759857000026 ], [ 45.766764637000051, 38.92421377800008 ], [ 45.768689662000043, 38.923876711000048 ], [ 45.770893577000038, 38.923862178000036 ], [ 45.772545520000051, 38.92374312100003 ], [ 45.774331679000056, 38.92330325000006 ], [ 45.775564671000041, 38.922650757000042 ], [ 45.777069493000056, 38.921672035000029 ], [ 45.778577819000077, 38.921017677000066 ], [ 45.780354396000064, 38.919712692000076 ], [ 45.781723052000075, 38.918951091000054 ], [ 45.782957088000046, 38.918406649000076 ], [ 45.784197007000046, 38.918398326000045 ], [ 45.785856376000027, 38.919031476000043 ], [ 45.786553852000054, 38.919779222000045 ], [ 45.787803309000026, 38.920631376000074 ], [ 45.789603574000068, 38.921479792000071 ], [ 45.791673314000036, 38.921790180000073 ], [ 45.792910161000066, 38.921565515000054 ], [ 45.79372987000005, 38.920915637000064 ], [ 45.794812214000046, 38.919187115000057 ], [ 45.795489361000079, 38.918105652000065 ], [ 45.796711722000055, 38.916592430000037 ], [ 45.797248714000034, 38.915295642000046 ], [ 45.798334523000051, 38.913891470000067 ], [ 45.799831613000038, 38.912268199000039 ], [ 45.801195825000036, 38.911078363000058 ], [ 45.802425921000065, 38.910209335000047 ], [ 45.803660093000076, 38.909768303000078 ], [ 45.805446925000069, 38.909436088000064 ], [ 45.806545339000081, 38.909104098000057 ], [ 45.807633271000043, 38.907911590000026 ], [ 45.808584273000065, 38.906724525000072 ], [ 45.809262829000033, 38.905859244000055 ], [ 45.810080979000077, 38.905101125000044 ], [ 45.810760732000062, 38.904343962000041 ], [ 45.812125790000039, 38.903257623000059 ], [ 45.814604361000079, 38.903240356000026 ], [ 45.816118084000038, 38.90312164900007 ], [ 45.81763180300004, 38.903002922000042 ], [ 45.818867047000026, 38.902674363000074 ], [ 45.820644913000081, 38.901585029000046 ], [ 45.821744380000041, 38.901361024000039 ], [ 45.823396953000042, 38.901349381000045 ], [ 45.82505823300005, 38.902090097000041 ], [ 45.826860967000073, 38.90315419500007 ], [ 45.826906915000052, 38.90317331500006 ], [ 45.827099277000059, 38.90313212500007 ], [ 45.827213103000076, 38.90310775100005 ], [ 45.827373100000045, 38.903097185000036 ], [ 45.827626535000036, 38.903057352000076 ], [ 45.827738172000068, 38.903041385000051 ], [ 45.827823619000071, 38.903041152000071 ], [ 45.82800607300004, 38.903040657000076 ], [ 45.828202371000032, 38.90304025100005 ], [ 45.828297048000081, 38.903040109000074 ], [ 45.828375784000059, 38.903062168000076 ], [ 45.828545016000078, 38.903105620000076 ], [ 45.828749875000028, 38.903141977000075 ], [ 45.828909151000062, 38.903178770000068 ], [ 45.829067289000079, 38.903203070000075 ], [ 45.829169842000056, 38.903224599000055 ], [ 45.829283393000026, 38.903264518000071 ], [ 45.829423528000063, 38.903319048000071 ], [ 45.829529885000056, 38.903360433000046 ], [ 45.829756381000038, 38.903460745000075 ], [ 45.829895214000032, 38.903506745000072 ], [ 45.830027685000061, 38.903549415000043 ], [ 45.830158100000062, 38.90361666900003 ], [ 45.830354392000061, 38.903684123000062 ], [ 45.830418623000071, 38.903702734000035 ], [ 45.83048599600005, 38.903740484000025 ], [ 45.830626203000065, 38.903848564000043 ], [ 45.830806539000037, 38.903962269000033 ], [ 45.830932522000069, 38.904048580000051 ], [ 45.830935876000069, 38.904048923000062 ], [ 45.832216107000079, 38.903873096000041 ], [ 45.834779732000072, 38.90385479400004 ], [ 45.836288209000031, 38.905010962000063 ], [ 45.837362938000069, 38.905503385000031 ], [ 45.837801426000055, 38.906504999000049 ], [ 45.838666046000071, 38.907332336000024 ], [ 45.839528723000058, 38.907992972000045 ], [ 45.840602798000077, 38.908485370000051 ], [ 45.842531730000076, 38.908971592000057 ], [ 45.844242666000071, 38.90912594100007 ], [ 45.845738280000035, 38.909115116000066 ], [ 45.847015860000056, 38.908772436000049 ], [ 45.848507497000071, 38.908428187000027 ], [ 45.85042255500008, 38.907747417000053 ], [ 45.85191216100003, 38.907236430000069 ], [ 45.85361109400003, 38.906390477000059 ], [ 45.85531065400005, 38.905539988000044 ], [ 45.856584116000079, 38.904863816000045 ], [ 45.858271615000035, 38.903017626000064 ], [ 45.859101554000063, 38.901011015000051 ], [ 45.858982985000068, 38.899664698000038 ], [ 45.858713296000076, 38.897918490000052 ], [ 45.858449479000058, 38.896658848000072 ], [ 45.858310814000049, 38.895497410000075 ], [ 45.858168158000069, 38.893944009000052 ], [ 45.85827572900007, 38.892582511000057 ], [ 45.859380771000076, 38.891407418000028 ], [ 45.860244241000032, 38.890819830000055 ], [ 45.861357440000063, 38.890325013000052 ], [ 45.863090140000054, 38.88963186400008 ], [ 45.86407749500006, 38.889043332000028 ], [ 45.86531885100004, 38.888840396000035 ], [ 45.86680571900007, 38.888441881000062 ], [ 45.869538132000059, 38.88812869800006 ], [ 45.870660738000026, 38.888413200000059 ], [ 45.871907235000037, 38.888692260000028 ], [ 45.873531797000055, 38.889360471000032 ], [ 45.875148042000035, 38.889348369000061 ], [ 45.877008839000041, 38.88894692100007 ], [ 45.878987554000048, 38.88805794600006 ], [ 45.88108776100006, 38.886974277000036 ], [ 45.882940491000056, 38.885987061000037 ], [ 45.885411403000035, 38.884706768000058 ], [ 45.886895149000054, 38.884015154000053 ], [ 45.888005641000063, 38.883326361000059 ], [ 45.888993936000077, 38.882836736000058 ], [ 45.890350544000057, 38.881952303000048 ], [ 45.891581955000049, 38.880969686000071 ], [ 45.891891997000073, 38.880388362000076 ], [ 45.892008555000075, 38.87971647300003 ], [ 45.892253796000034, 38.878905551000059 ], [ 45.892420553000079, 38.878656333000038 ], [ 45.892423164000036, 38.878633837000052 ], [ 45.893276446000073, 38.877266604000056 ], [ 45.894258466000053, 38.876285866000046 ], [ 45.895495889000074, 38.875794278000058 ], [ 45.89723448400008, 38.875681808000024 ], [ 45.898856010000031, 38.876056825000035 ], [ 45.899979730000041, 38.876435656000069 ], [ 45.900981328000057, 38.877013667000028 ], [ 45.902472111000066, 38.87690303100004 ], [ 45.903835856000057, 38.876604121000071 ], [ 45.905820009000081, 38.87619675500008 ], [ 45.906930195000029, 38.875507784000035 ], [ 45.908076866000044, 38.874958059000051 ], [ 45.908422107000035, 38.87466775300004 ], [ 45.909129484000061, 38.874450593000063 ], [ 45.909233325000059, 38.874440248000042 ], [ 45.910515430000032, 38.873929940000039 ], [ 45.912497538000025, 38.873427858000071 ], [ 45.91448657400008, 38.873412298000062 ], [ 45.916230828000039, 38.873691493000024 ], [ 45.917431792000059, 38.874084949000064 ], [ 45.917495133000045, 38.874062382000034 ], [ 45.917585983000038, 38.874033663000034 ], [ 45.917704935000074, 38.874014676000058 ], [ 45.917876938000063, 38.873977369000045 ], [ 45.917960996000033, 38.873962481000035 ], [ 45.918050348000065, 38.873956419000081 ], [ 45.918145695000078, 38.873963655000068 ], [ 45.918195985000068, 38.873967920000041 ], [ 45.91834807500004, 38.874017179000077 ], [ 45.918428562000031, 38.874031045000038 ], [ 45.918495464000046, 38.874065597000026 ], [ 45.918621808000069, 38.874120074000075 ], [ 45.918725477000066, 38.874178408000034 ], [ 45.918860799000072, 38.874282451000056 ], [ 45.919034327000077, 38.874383097000077 ], [ 45.919116884000061, 38.874423096000044 ], [ 45.91922401000005, 38.87444294200003 ], [ 45.921215571000062, 38.874620991000029 ], [ 45.922599228000081, 38.875871649000032 ], [ 45.922742097000025, 38.876427549000027 ], [ 45.923515154000029, 38.877071067000031 ], [ 45.925193275000026, 38.877690095000048 ], [ 45.92569426700004, 38.878158477000056 ], [ 45.92690452100004, 38.879454525000028 ], [ 45.927419127000064, 38.880739089000031 ], [ 45.927795794000076, 38.881955430000062 ], [ 45.92786164000006, 38.882554584000047 ], [ 45.928158432000032, 38.882725738000033 ], [ 45.928918768000074, 38.883787529000074 ], [ 45.929803056000026, 38.884848328000032 ], [ 45.930937246000042, 38.886006251000026 ], [ 45.932071415000053, 38.88715965800003 ], [ 45.93408429200008, 38.888990884000066 ], [ 45.935469176000026, 38.890241375000073 ], [ 45.936724881000032, 38.891200019000053 ], [ 45.938605095000071, 38.892351878000056 ], [ 45.939606641000069, 38.89283043100005 ], [ 45.941481770000053, 38.893590295000024 ], [ 45.94285721600005, 38.894164927000077 ], [ 45.944476104000046, 38.894345585000053 ], [ 45.946837664000043, 38.89422733400005 ], [ 45.94894215100004, 38.893529899000043 ], [ 45.950426767000067, 38.892936597000073 ], [ 45.951538093000067, 38.892346320000058 ], [ 45.953085930000043, 38.892015818000061 ], [ 45.953094990000068, 38.892009642000062 ], [ 45.953166873000043, 38.891962979000027 ], [ 45.953326106000077, 38.891873242000031 ], [ 45.95344439400003, 38.891803609000078 ], [ 45.95357361300006, 38.891733488000057 ], [ 45.953757440000061, 38.891647956000043 ], [ 45.953950409000072, 38.89151501300006 ], [ 45.954087085000026, 38.891408497000043 ], [ 45.954225357000041, 38.891299788000026 ], [ 45.954361207000034, 38.891192984000043 ], [ 45.954492788000039, 38.891054842000074 ], [ 45.954601884000056, 38.890915466000024 ], [ 45.954666491000069, 38.890858468000033 ], [ 45.954800406000061, 38.890766639000049 ], [ 45.954914665000047, 38.890654586000039 ], [ 45.955071074000045, 38.89055653500003 ], [ 45.955208193000033, 38.890418196000041 ], [ 45.955317957000034, 38.890321357000062 ], [ 45.955407775000026, 38.890242116000024 ], [ 45.955534457000056, 38.89016269800004 ], [ 45.955662407000034, 38.890073564000033 ], [ 45.955818959000055, 38.889984343000037 ], [ 45.955984799000078, 38.889880375000075 ], [ 45.956178502000057, 38.889756444000056 ], [ 45.956280972000059, 38.889676204000068 ], [ 45.956386727000051, 38.889611743000046 ], [ 45.956500766000033, 38.889544713000078 ], [ 45.956574654000065, 38.889522929000066 ], [ 45.956806911000058, 38.889431789000071 ], [ 45.956957702000068, 38.889377968000076 ], [ 45.957151722000049, 38.889314454000043 ], [ 45.957322786000077, 38.889247307000062 ], [ 45.957424939000077, 38.889207158000033 ], [ 45.95746433100004, 38.889198686000043 ], [ 45.957628670000076, 38.889198257000032 ], [ 45.957704378000074, 38.889186272000074 ], [ 45.958246107000036, 38.889300551000076 ], [ 45.958380534000071, 38.889352399000074 ], [ 45.958642415000043, 38.889398265000068 ], [ 45.95879278700005, 38.889426925000066 ], [ 45.958967017000077, 38.889475484000059 ], [ 45.959174648000044, 38.889511961000039 ], [ 45.959333488000027, 38.889552498000057 ], [ 45.959502253000039, 38.889595567000072 ], [ 45.959683773000052, 38.889651266000044 ], [ 45.959801568000046, 38.889701591000062 ], [ 45.959911630000079, 38.88974388400004 ], [ 45.960004620000063, 38.889788604000046 ], [ 45.96020224800003, 38.889890007000076 ], [ 45.960341153000059, 38.889949352000031 ], [ 45.96043501500003, 38.889997511000047 ], [ 45.960620531000075, 38.890116555000077 ], [ 45.960714205000045, 38.890164619000075 ], [ 45.961206340000047, 38.890032336000047 ], [ 45.963436553000065, 38.889432729000077 ], [ 45.965293422000059, 38.888831660000051 ], [ 45.966529213000058, 38.888240211000038 ], [ 45.967887571000063, 38.887548610000067 ], [ 45.968996035000032, 38.886764448000065 ], [ 45.969855833000054, 38.885977836000052 ], [ 45.971086830000047, 38.885093512000026 ], [ 45.97194928600004, 38.884505110000077 ], [ 45.972999670000036, 38.884220455000047 ], [ 45.97307672800008, 38.884151521000035 ], [ 45.973175002000062, 38.884041651000075 ], [ 45.973259191000068, 38.883947526000043 ], [ 45.973307834000082, 38.88389042600005 ], [ 45.973408656000061, 38.883803603000047 ], [ 45.973491145000025, 38.883720594000067 ], [ 45.973580685000059, 38.883641723000039 ], [ 45.973673939000037, 38.883550328000069 ], [ 45.973760171000038, 38.883473068000058 ], [ 45.973848531000044, 38.883380686000066 ], [ 45.973944740000036, 38.88327169300004 ], [ 45.974024738000026, 38.88319503200006 ], [ 45.974081384000044, 38.883145691000038 ], [ 45.974135559000047, 38.88311383000007 ], [ 45.974297362000073, 38.883012338000071 ], [ 45.97440772200008, 38.882913458000075 ], [ 45.974543432000075, 38.882796429000052 ], [ 45.974653267000065, 38.882673367000052 ], [ 45.974700752000047, 38.882613760000027 ], [ 45.974765472000058, 38.882550328000036 ], [ 45.974824570000067, 38.882496272000026 ], [ 45.974901662000036, 38.882428278000077 ], [ 45.975017177000041, 38.882337720000066 ], [ 45.975126293000073, 38.882215464000069 ], [ 45.975177616000053, 38.88215795900004 ], [ 45.975256726000055, 38.882095940000056 ], [ 45.975360023000064, 38.88201495900006 ], [ 45.975440359000061, 38.881951979000064 ], [ 45.975530023000033, 38.881881667000073 ], [ 45.97558387600003, 38.881844719000071 ], [ 45.975673078000057, 38.881795753000063 ], [ 45.975792063000029, 38.88173043900008 ], [ 45.975896900000066, 38.881670651000036 ], [ 45.975952025000026, 38.881645940000055 ], [ 45.976086733000045, 38.881584301000032 ], [ 45.976182883000035, 38.881542396000043 ], [ 45.976392622000049, 38.88145256100006 ], [ 45.977239220000058, 38.880721938000079 ], [ 45.977331960000072, 38.880657585000051 ], [ 45.977429051000058, 38.880581810000081 ], [ 45.977577190000034, 38.880485424000028 ], [ 45.977749506000066, 38.880338345000041 ], [ 45.977829624000037, 38.880254524000065 ], [ 45.977947658000062, 38.880177463000052 ], [ 45.978058388000079, 38.880081039000061 ], [ 45.978182428000025, 38.879993652000053 ], [ 45.978307353000048, 38.87987533200004 ], [ 45.978416185000071, 38.879789320000043 ], [ 45.978498824000042, 38.879715204000036 ], [ 45.978598853000051, 38.879642612000055 ], [ 45.978697376000071, 38.879572642000028 ], [ 45.978801, 38.879507831000069 ], [ 45.978932069000052, 38.879423853000048 ], [ 45.979043672000046, 38.879351023000027 ], [ 45.979152103000047, 38.87929696100008 ], [ 45.979304091000074, 38.879211927000028 ], [ 45.979412184000068, 38.879162508000036 ], [ 45.979553963000058, 38.879101881000054 ], [ 45.979667375000076, 38.879042650000031 ], [ 45.979762574000063, 38.878997886000036 ], [ 45.979811246000054, 38.878976689000069 ], [ 45.979892966000079, 38.87895525700003 ], [ 45.980026796000061, 38.878907519000052 ], [ 45.980163623000067, 38.87886840300007 ], [ 45.98032448400005, 38.878805321000073 ], [ 45.980470143000048, 38.878751984000075 ], [ 45.980617790000053, 38.878708464000056 ], [ 45.980795869000076, 38.878665201000047 ], [ 45.981012795000026, 38.87858009100006 ], [ 45.981085251000081, 38.878547891000039 ], [ 45.981180671000061, 38.878513802000043 ], [ 45.981328088000055, 38.878465333000065 ], [ 45.981438712000056, 38.878421735000074 ], [ 45.981602017000057, 38.878370220000079 ], [ 45.981735258000072, 38.878321740000047 ], [ 45.981862291000027, 38.878288319000035 ], [ 45.982018618000041, 38.878236955000034 ], [ 45.982174708000059, 38.878185859000041 ], [ 45.982278651000058, 38.878145111000038 ], [ 45.982411226000067, 38.878117173000078 ], [ 45.982587704000025, 38.878070749000074 ], [ 45.98270367300006, 38.878044560000035 ], [ 45.982830368000066, 38.878027847000055 ], [ 45.982929998000031, 38.87800813900003 ], [ 45.983029688000045, 38.877992366000058 ], [ 45.983133723000037, 38.877975903000049 ], [ 45.983319338000058, 38.877951421000034 ], [ 45.983476139000061, 38.877934722000077 ], [ 45.983612002000029, 38.87792255200003 ], [ 45.983768815000076, 38.877891557000055 ], [ 45.983872675000043, 38.877876552000032 ], [ 45.984023937000075, 38.877856481000038 ], [ 45.984172856000043, 38.877829284000029 ], [ 45.984343273000036, 38.877806773000032 ], [ 45.985235777000071, 38.877552525000056 ], [ 45.985330758000032, 38.87755248600007 ], [ 45.985570258000052, 38.877489890000049 ], [ 45.985763251000037, 38.877431050000041 ], [ 45.985942488000035, 38.877391613000043 ], [ 45.986165764000077, 38.877309736000029 ], [ 45.986322830000063, 38.877260516000035 ], [ 45.986495301000048, 38.877206325000031 ], [ 45.986650548000057, 38.877157752000073 ], [ 45.986890849000076, 38.877047280000056 ], [ 45.986991914000043, 38.876997808000056 ], [ 45.987139152000054, 38.876924275000079 ], [ 45.987207179000052, 38.876884240000038 ], [ 45.987295496000058, 38.876849560000039 ], [ 45.987387471000034, 38.876806246000058 ], [ 45.987573943000029, 38.87674921200005 ], [ 45.987607626000056, 38.876735986000028 ], [ 45.987791743000059, 38.876672681000059 ], [ 45.987904838000077, 38.876628270000026 ], [ 45.988004515000057, 38.876594694000062 ], [ 45.988142465000067, 38.876569019000044 ], [ 45.988325401000054, 38.876539996000076 ], [ 45.988439895000056, 38.876515350000034 ], [ 45.988550233000069, 38.87650179700006 ], [ 45.988762293000036, 38.876480473000072 ], [ 45.98892881200004, 38.876447562000067 ], [ 45.989073939000036, 38.876440269000057 ], [ 45.989253175000044, 38.876423312000043 ], [ 45.989345601000025, 38.876422972000057 ], [ 45.99023081100006, 38.875804329000061 ], [ 45.991218220000064, 38.875309343000026 ], [ 45.992205021000075, 38.874719737000078 ], [ 45.993814102000044, 38.874219445000051 ], [ 45.995671695000055, 38.873717013000032 ], [ 45.998149629000068, 38.873114632000068 ], [ 46.000878768000064, 38.87270378900007 ], [ 46.002244653000048, 38.872592950000069 ], [ 46.003861178000079, 38.872579064000035 ], [ 46.005599554000071, 38.872469489000025 ], [ 46.007464604000063, 38.872453413000073 ], [ 46.009577461000049, 38.872435166000059 ], [ 46.012188093000077, 38.872412566000037 ], [ 46.014057923000053, 38.872783828000024 ], [ 46.016174956000043, 38.873058290000074 ], [ 46.018288545000075, 38.873039878000043 ], [ 46.020526038000071, 38.873020345000043 ], [ 46.021768688000066, 38.873009479000075 ], [ 46.023757648000071, 38.872992058000079 ], [ 46.024488546000043, 38.873047388000032 ], [ 46.02541242500007, 38.872883781000041 ], [ 46.026182943000038, 38.872918664000053 ], [ 46.026629686000035, 38.873061458000052 ], [ 46.027115239000068, 38.873057192000033 ], [ 46.029228101000058, 38.873038589000032 ], [ 46.030470103000027, 38.872933017000037 ], [ 46.032459054000071, 38.872915449000061 ], [ 46.03382208000005, 38.872610524000038 ], [ 46.035802586000045, 38.87201174900008 ], [ 46.037411287000054, 38.871510861000047 ], [ 46.03877426400004, 38.871205880000048 ], [ 46.04088706400006, 38.871187066000061 ], [ 46.044004621000056, 38.871839584000043 ], [ 46.045756431000029, 38.872603381000033 ], [ 46.046883687000047, 38.873174505000065 ], [ 46.047889180000027, 38.873940452000056 ], [ 46.048895481000045, 38.874710888000038 ], [ 46.050652331000038, 38.875857542000062 ], [ 46.051779744000044, 38.876433122000037 ], [ 46.053301762000046, 38.878455939000048 ], [ 46.053816090000055, 38.879618251000068 ], [ 46.054210778000026, 38.88107 ], [ 46.054605550000076, 38.882526251000058 ], [ 46.054621335000036, 38.883593937000057 ], [ 46.055013944000052, 38.884951083000033 ], [ 46.055351236000035, 38.886033875000066 ], [ 46.055418736000036, 38.886105242000042 ], [ 46.055470111000034, 38.886167277000027 ], [ 46.055550081000035, 38.886269647000063 ], [ 46.055715563000035, 38.886413065000056 ], [ 46.055857781000043, 38.886481633000074 ], [ 46.055993842000078, 38.886548385000026 ], [ 46.056065334000039, 38.886572833000059 ], [ 46.056104506000054, 38.88659397400005 ], [ 46.056194846000039, 38.886646215000042 ], [ 46.056265137000025, 38.886678719000031 ], [ 46.05629248300005, 38.886697693000031 ], [ 46.056390491000059, 38.886782621000066 ], [ 46.056512914000052, 38.886848690000079 ], [ 46.056549102000076, 38.886873101000049 ], [ 46.056632415000081, 38.886937307000039 ], [ 46.056699989000037, 38.886978987000077 ], [ 46.056703838000033, 38.886982690000025 ], [ 46.056731593000052, 38.887020992000032 ], [ 46.056803209000066, 38.88711259300004 ], [ 46.056890880000026, 38.88720888000006 ], [ 46.056968242000039, 38.887283312000079 ], [ 46.05702675100008, 38.887345497000069 ], [ 46.057084430000032, 38.887412642000072 ], [ 46.058409543000039, 38.887538107000069 ], [ 46.059897445000047, 38.887236252000037 ], [ 46.061013517000049, 38.887032374000057 ], [ 46.062616598000034, 38.886143710000056 ], [ 46.063602155000069, 38.885549008000055 ], [ 46.064584112000034, 38.88466597200005 ], [ 46.065319721000037, 38.883983423000075 ], [ 46.06629943400003, 38.883001270000079 ], [ 46.067402343000026, 38.88192336600008 ], [ 46.068011012000056, 38.881043713000054 ], [ 46.068985563000069, 38.87967410300007 ], [ 46.069833305000031, 38.878211029000056 ], [ 46.070684640000081, 38.876941656000042 ], [ 46.071543185000053, 38.87615431100005 ], [ 46.072524915000031, 38.87527121100004 ], [ 46.073754432000044, 38.874385824000058 ], [ 46.074614405000034, 38.873697566000033 ], [ 46.075475855000036, 38.873108412000079 ], [ 46.076584319000062, 38.872417852000069 ], [ 46.077815233000081, 38.871631532000038 ], [ 46.079290929000081, 38.87055007400005 ], [ 46.080277631000058, 38.870054344000039 ], [ 46.081387435000067, 38.869458343000076 ], [ 46.084228754000037, 38.868269550000036 ], [ 46.085341510000035, 38.867871731000037 ], [ 46.087319922000063, 38.867172980000078 ], [ 46.089051237000035, 38.866571118000024 ], [ 46.090410994000081, 38.866076329000066 ], [ 46.091525127000068, 38.86577305600008 ], [ 46.092760174000034, 38.865274900000031 ], [ 46.09387283500007, 38.864877001000025 ], [ 46.095608531000039, 38.864567866000073 ], [ 46.096969657000045, 38.86416760600008 ], [ 46.098580716000072, 38.863859597000044 ], [ 46.100190302000044, 38.863456962000043 ], [ 46.101675984000053, 38.863055473000031 ], [ 46.102916156000049, 38.862850026000046 ], [ 46.104151070000057, 38.862351751000062 ], [ 46.105388222000045, 38.86195256600007 ], [ 46.106994651000036, 38.86135162000005 ], [ 46.108849602000078, 38.860752799000068 ], [ 46.110204553000074, 38.859964962000049 ], [ 46.111306442000057, 38.85888665300007 ], [ 46.112406753000073, 38.857709226000054 ], [ 46.112890069000059, 38.85683053300005 ], [ 46.113488902000029, 38.855369514000074 ], [ 46.114217625000038, 38.854294735000053 ], [ 46.11507239000008, 38.853313366000066 ], [ 46.11592565400008, 38.852237387000059 ], [ 46.117400367000073, 38.851155457000061 ], [ 46.118505047000042, 38.850270795000029 ], [ 46.119491192000055, 38.849774740000043 ], [ 46.120721958000047, 38.848987972000032 ], [ 46.12195650600006, 38.848489513000061 ], [ 46.123193315000037, 38.848090142000046 ], [ 46.124302414000056, 38.84749374200004 ], [ 46.125530805000039, 38.846607822000067 ], [ 46.126759886000059, 38.845721883000067 ], [ 46.128109729000073, 38.844641023000065 ], [ 46.129088109000065, 38.843662863000077 ], [ 46.130065615000035, 38.842585579000058 ], [ 46.131177637000064, 38.842182826000055 ], [ 46.133034955000028, 38.841777341000068 ], [ 46.134277735000069, 38.841765278000025 ], [ 46.135768207000069, 38.841750794000063 ], [ 46.136881760000051, 38.841447096000024 ], [ 46.13824069900005, 38.840951760000053 ], [ 46.139844862000075, 38.840255769000066 ], [ 46.140828345000045, 38.839565820000075 ], [ 46.141937233000078, 38.838973760000044 ], [ 46.144914079000046, 38.838651753000079 ], [ 46.146280640000043, 38.838638350000053 ], [ 46.147521769000036, 38.838527040000031 ], [ 46.149260565000077, 38.838509944000066 ], [ 46.150624002000029, 38.83830277900006 ], [ 46.15186671500004, 38.838290530000052 ], [ 46.153976933000081, 38.838175083000067 ], [ 46.156086259000062, 38.837960483000074 ], [ 46.157451196000068, 38.837847842000031 ], [ 46.159062990000052, 38.83763811700004 ], [ 46.160554083000079, 38.837623311000073 ], [ 46.162294388000078, 38.837700624000036 ], [ 46.163917964000063, 38.838171061000025 ], [ 46.165906756000027, 38.838250349000077 ], [ 46.16715417100005, 38.83852624900004 ], [ 46.168892128000039, 38.838414252000064 ], [ 46.17013249200005, 38.838302709000061 ], [ 46.171495858000071, 38.838095302000056 ], [ 46.173348736000037, 38.837396357000046 ], [ 46.175202487000035, 38.836796498000069 ], [ 46.176690364000081, 38.836587777000034 ], [ 46.178056870000034, 38.836574002000077 ], [ 46.179547211000056, 38.836558961000037 ], [ 46.18167085500005, 38.83721784100004 ], [ 46.18267247600005, 38.837694308000039 ], [ 46.18367403600007, 38.838166261000026 ], [ 46.184805099000073, 38.838934261000077 ], [ 46.186186876000079, 38.839794322000046 ], [ 46.187320416000034, 38.84075150700005 ], [ 46.188449909000042, 38.841420364000044 ], [ 46.189716967000038, 38.84286727600005 ], [ 46.190473462000057, 38.843535406000058 ], [ 46.190990462000059, 38.844697083000028 ], [ 46.191635420000068, 38.846145809000063 ], [ 46.192647656000076, 38.847203301000036 ], [ 46.193782196000029, 38.84816491600003 ], [ 46.195411973000034, 38.849022330000025 ], [ 46.197158209000065, 38.849391923000042 ], [ 46.198511758000052, 38.849450130000037 ], [ 46.199768779000067, 38.849464257000079 ], [ 46.20250552300007, 38.849629851000032 ], [ 46.20374840900007, 38.849617047000038 ], [ 46.206985306000036, 38.849971119000031 ], [ 46.208355331000064, 38.850150692000057 ], [ 46.209982761000049, 38.850814185000047 ], [ 46.21123319600008, 38.851287825000043 ], [ 46.21199166100007, 38.852054916000043 ], [ 46.213262675000067, 38.853695264000066 ], [ 46.213777717000028, 38.854757734000032 ], [ 46.214669110000045, 38.856010026000035 ], [ 46.215807383000026, 38.857165124000062 ], [ 46.216453680000029, 38.858613693000052 ], [ 46.217340253000032, 38.859577658000035 ], [ 46.217852095000069, 38.860446401000047 ], [ 46.218987106000043, 38.861403256000074 ], [ 46.220864340000048, 38.862163108000061 ], [ 46.221866492000061, 38.862634722000053 ], [ 46.222986695000031, 38.862722118000079 ], [ 46.224861324000074, 38.863283688000024 ], [ 46.227232300000026, 38.863844518000064 ], [ 46.229602247000059, 38.864301683000065 ], [ 46.231348381000032, 38.864675267000052 ], [ 46.233590430000049, 38.864939960000072 ], [ 46.234845336000035, 38.865607036000029 ], [ 46.235970592000058, 38.865982609000071 ], [ 46.237349423000069, 38.866648346000034 ], [ 46.239728976000038, 38.867690925000034 ], [ 46.241734567000037, 38.868642814000054 ], [ 46.243493360000059, 38.869691914000043 ], [ 46.244998593000048, 38.870450830000038 ], [ 46.246501486000057, 38.871115134000036 ], [ 46.248136515000056, 38.87216548400005 ], [ 46.249518969000064, 38.873024775000033 ], [ 46.250780235000036, 38.874079086000052 ], [ 46.251662327000076, 38.874749971000028 ], [ 46.252671734000046, 38.875613222000027 ], [ 46.253436768000029, 38.87667282600006 ], [ 46.254826266000066, 38.877923959000043 ], [ 46.255592301000036, 38.879078154000069 ], [ 46.256474500000081, 38.879749 ], [ 46.257356715000071, 38.880419840000059 ], [ 46.258242363000079, 38.881284373000028 ], [ 46.259378324000068, 38.882245322000074 ], [ 46.260761109000043, 38.88310447300006 ], [ 46.261907334000057, 38.884641994000049 ], [ 46.263041643000065, 38.885503803000063 ], [ 46.263121685000044, 38.885584904000041 ], [ 46.263751051000042, 38.885881160000054 ], [ 46.265487920000055, 38.886810624000077 ], [ 46.266308012000081, 38.887308979000068 ], [ 46.266469535000056, 38.887609860000055 ], [ 46.266475656000068, 38.888074001000064 ], [ 46.266368833000058, 38.889286180000056 ], [ 46.267734146000066, 38.890697382000042 ], [ 46.269364085000063, 38.891459128000065 ], [ 46.270864911000047, 38.891929397000069 ], [ 46.272866367000063, 38.892587928000069 ], [ 46.274739666000073, 38.893049580000024 ], [ 46.276732475000074, 38.893221542000049 ], [ 46.277982390000034, 38.893599847000075 ], [ 46.27911178200003, 38.894168691000061 ], [ 46.280371101000071, 38.895028958000069 ], [ 46.28163393300008, 38.896082909000029 ], [ 46.282644005000066, 38.896945887000072 ], [ 46.283904480000047, 38.897905223000066 ], [ 46.285535392000043, 38.898662224000077 ], [ 46.287531158000036, 38.899027705000037 ], [ 46.289023462000046, 38.899011237000025 ], [ 46.291386214000056, 38.898985125000024 ], [ 46.293247535000035, 38.898770784000078 ], [ 46.295482098000036, 38.898552271000028 ], [ 46.298101561000067, 38.899009770000077 ], [ 46.299607984000033, 38.899767957000051 ], [ 46.300871180000058, 38.900821693000069 ], [ 46.302247740000041, 38.901292941000065 ], [ 46.303739362000044, 38.901276292000034 ], [ 46.305103496000072, 38.901067313000055 ], [ 46.307704243000046, 38.900456999000028 ], [ 46.309434408000072, 38.899851890000036 ], [ 46.310548159000064, 38.899551040000063 ], [ 46.311783932000026, 38.899145182000041 ], [ 46.313272656000038, 38.89893470800007 ], [ 46.314764942000068, 38.898917911000069 ], [ 46.316006167000069, 38.898809310000047 ], [ 46.317249856000046, 38.898795284000073 ], [ 46.318376052000076, 38.899170044000073 ], [ 46.319138007000049, 38.900035504000073 ], [ 46.320521843000051, 38.900893926000037 ], [ 46.322157908000065, 38.901943211000059 ], [ 46.323664724000025, 38.902705587000071 ], [ 46.324675391000028, 38.903568189000055 ], [ 46.326178580000033, 38.904132331000028 ], [ 46.328056199000059, 38.904791316000058 ], [ 46.329433007000034, 38.905262238000034 ], [ 46.330800749000048, 38.905246653000063 ], [ 46.332055403000027, 38.905813552000041 ], [ 46.333185408000077, 38.906381861000057 ], [ 46.33494759000007, 38.907528644000024 ], [ 46.335962812000048, 38.908584831000042 ], [ 46.336602902000038, 38.909546183000032 ], [ 46.337992628000052, 38.910697183000025 ], [ 46.339623753000069, 38.911457925000036 ], [ 46.341256693000048, 38.912313237000035 ], [ 46.342390522000073, 38.913075147000029 ], [ 46.344140905000074, 38.913541596000073 ], [ 46.349993132000066, 38.913861532000055 ], [ 46.351361027000053, 38.913845704000039 ], [ 46.353840812000044, 38.913429499000074 ], [ 46.355206812000063, 38.913314527000068 ], [ 46.35681964500003, 38.913102056000071 ], [ 46.35805987100008, 38.91289389800005 ], [ 46.359798449000039, 38.912774537000075 ], [ 46.361413870000035, 38.912661093000054 ], [ 46.363024772000074, 38.912349438000035 ], [ 46.364260535000028, 38.911947531000067 ], [ 46.366231676000041, 38.910951295000075 ], [ 46.367089282000052, 38.910265433000063 ], [ 46.368440317000079, 38.909375541000031 ], [ 46.369789413000035, 38.908386535000034 ], [ 46.370645048000029, 38.907601550000038 ], [ 46.371504304000041, 38.907005746000038 ], [ 46.373344984000028, 38.905722572000059 ], [ 46.37470150200005, 38.905125399000042 ], [ 46.375685358000055, 38.904528097000025 ], [ 46.377422588000059, 38.90431387600006 ], [ 46.379281918000061, 38.904003572000079 ], [ 46.381144898000059, 38.903882425000063 ], [ 46.382633489000057, 38.903671068000051 ], [ 46.384492690000059, 38.903356177000035 ], [ 46.385985026000071, 38.903338469000062 ], [ 46.387345159000063, 38.902934842000036 ], [ 46.389077814000075, 38.90252676700004 ], [ 46.390436700000066, 38.90202399900005 ], [ 46.39191693600003, 38.901425153000048 ], [ 46.393024530000048, 38.900826230000064 ], [ 46.394993101000068, 38.899734926000065 ], [ 46.395976077000057, 38.899141970000073 ], [ 46.397445447000052, 38.897957473000076 ], [ 46.398551084000076, 38.897263907000024 ], [ 46.400146246000077, 38.896176990000072 ], [ 46.401866006000034, 38.895088555000029 ], [ 46.403459207000026, 38.893907001000059 ], [ 46.405176907000055, 38.892719421000038 ], [ 46.406153927000048, 38.891833596000026 ], [ 46.407010826000032, 38.891142946000059 ], [ 46.407994303000066, 38.890549883000062 ], [ 46.409105508000039, 38.890149006000058 ], [ 46.410338656000079, 38.889647525000044 ], [ 46.412687505000065, 38.888938800000062 ], [ 46.413920606000033, 38.888437282000041 ], [ 46.415876973000081, 38.886764570000025 ], [ 46.416731748000075, 38.885974754000074 ], [ 46.417953216000058, 38.884892129000036 ], [ 46.418933167000034, 38.884245708000037 ], [ 46.419054581000069, 38.884113180000043 ], [ 46.419919403000051, 38.88345643200006 ], [ 46.420137847000035, 38.883426031000056 ], [ 46.420575061000079, 38.883440904000054 ], [ 46.42065883500004, 38.883403970000074 ], [ 46.422393421000038, 38.883089995000034 ], [ 46.424129968000045, 38.882875091000074 ], [ 46.425378454000054, 38.883152711000037 ], [ 46.426895572000035, 38.884395711000025 ], [ 46.42766253700006, 38.885454131000074 ], [ 46.428439989000026, 38.886999007000043 ], [ 46.429453564000028, 38.88795527700006 ], [ 46.43021870900003, 38.888919086000044 ], [ 46.43123115800006, 38.889780739000059 ], [ 46.432868545000076, 38.890828449000026 ], [ 46.434119825000039, 38.891200554000079 ], [ 46.435240677000081, 38.891285900000071 ], [ 46.436357538000038, 38.891173045000073 ], [ 46.438093513000069, 38.890957939000032 ], [ 46.439214364000065, 38.891043247000027 ], [ 46.44123883900005, 38.89276638900003 ], [ 46.442134668000051, 38.894016854000029 ], [ 46.443515899000033, 38.894680107000056 ], [ 46.445141799000055, 38.895146581000063 ], [ 46.446389285000066, 38.895324866000067 ], [ 46.448257839000064, 38.895495435000043 ], [ 46.450376893000055, 38.895757476000028 ], [ 46.452246278000075, 38.895932476000041 ], [ 46.454608046000033, 38.895903072000067 ], [ 46.456102112000053, 38.895979060000059 ], [ 46.459065840000051, 38.894973385000071 ], [ 46.460042927000075, 38.894087112000079 ], [ 46.461011238000026, 38.892808967000065 ], [ 46.461738996000065, 38.891925800000024 ], [ 46.462577514000031, 38.890365424000038 ], [ 46.463181316000032, 38.88948380100004 ], [ 46.464021624000054, 38.888013501000046 ], [ 46.465252387000078, 38.887416857000062 ], [ 46.466736370000035, 38.887010754000073 ], [ 46.468101641000032, 38.88689447400003 ], [ 46.469715536000081, 38.886779554000043 ], [ 46.47145600500005, 38.88675763100008 ], [ 46.473322333000056, 38.886828708000053 ], [ 46.475555863000068, 38.886606766000057 ], [ 46.477037713000072, 38.886101439000072 ], [ 46.478148440000041, 38.885699913000053 ], [ 46.480004742000062, 38.88528892800008 ], [ 46.481113381000057, 38.884788280000066 ], [ 46.482969641000068, 38.884377249000067 ], [ 46.484208959000057, 38.884167766000076 ], [ 46.485449519000042, 38.884052869000072 ], [ 46.487440500000048, 38.884126640000034 ], [ 46.48969214400006, 38.884778253000036 ], [ 46.490945571000054, 38.885244335000039 ], [ 46.492074483000067, 38.885716500000058 ], [ 46.493571790000033, 38.885990208000067 ], [ 46.494947186000047, 38.886360072000059 ], [ 46.496818395000048, 38.886628950000045 ], [ 46.49831365600005, 38.886803503000067 ], [ 46.500036666000028, 38.886294791000068 ], [ 46.503697954000074, 38.886893888000031 ], [ 46.503732565000064, 38.886862020000081 ], [ 46.504203282000049, 38.886164464000046 ], [ 46.504548430000057, 38.88589470900007 ], [ 46.50500396700005, 38.885754039000062 ], [ 46.505652854000061, 38.885707702000047 ], [ 46.506024680000053, 38.885795306000034 ], [ 46.506410302000063, 38.885961923000025 ], [ 46.507410380000067, 38.886753913000064 ], [ 46.508432360000029, 38.887360550000039 ], [ 46.509850460000052, 38.887789016000056 ], [ 46.511129092000033, 38.888108395000074 ], [ 46.511135890000048, 38.888110958000027 ], [ 46.517006848000051, 38.889071624000053 ], [ 46.518555755000079, 38.88908753100003 ], [ 46.521397538000031, 38.888906358000042 ], [ 46.522819549000076, 38.888716612000053 ], [ 46.52437561000005, 38.887921371000061 ], [ 46.525672217000078, 38.887327740000046 ], [ 46.526219218000051, 38.886492206000071 ], [ 46.526274452000052, 38.886122746000069 ], [ 46.526129535000052, 38.885526006000077 ], [ 46.525884154000039, 38.884937560000026 ], [ 46.52557648700008, 38.88424387200007 ], [ 46.525087211000027, 38.883012571000052 ], [ 46.524597983000035, 38.881561840000074 ], [ 46.524438395000061, 38.88020055100003 ], [ 46.524208970000075, 38.878911406000043 ], [ 46.524171146000072, 38.878300426000067 ], [ 46.524429171000065, 38.877759243000071 ], [ 46.524808576000055, 38.876752276000047 ], [ 46.525424930000042, 38.875747786000034 ], [ 46.52608672100007, 38.874991330000057 ], [ 46.526545015000067, 38.87450971700008 ], [ 46.527008142000057, 38.874274316000026 ], [ 46.527476850000028, 38.873523714000044 ], [ 46.527688416000046, 38.872516100000041 ], [ 46.527995893000082, 38.871966347000068 ], [ 46.529175613000064, 38.87091872700006 ], [ 46.532463811000071, 38.868402084000024 ], [ 46.533339534000049, 38.867945582000061 ], [ 46.533403687000032, 38.867917156000033 ], [ 46.533525309000026, 38.867884539000045 ], [ 46.533682415000044, 38.867842406000079 ], [ 46.533750913000063, 38.867827294000051 ], [ 46.53386117000008, 38.86782647900003 ], [ 46.534005333000039, 38.867825412000059 ], [ 46.53412565800005, 38.867833890000043 ], [ 46.53417995500007, 38.867837016000067 ], [ 46.534272649000059, 38.867876233000061 ], [ 46.534462675000043, 38.86790908100005 ], [ 46.534523188000037, 38.867934037000055 ], [ 46.534572565000076, 38.867960862000075 ], [ 46.534580772000027, 38.86796634500007 ], [ 46.534594273000039, 38.86798686800006 ], [ 46.534635715000036, 38.868090765000034 ], [ 46.534754759000066, 38.868289551000032 ], [ 46.534896371000059, 38.86842848100008 ], [ 46.535006166000073, 38.868539937000037 ], [ 46.535196871000039, 38.868685457000026 ], [ 46.535298702000034, 38.868752043000029 ], [ 46.535407675000044, 38.868835217000026 ], [ 46.535618200000044, 38.868963654000027 ], [ 46.535669373000076, 38.868984864000026 ], [ 46.535774391000075, 38.868970836000074 ], [ 46.537192354000069, 38.869181954000055 ], [ 46.538477089000025, 38.869795793000037 ], [ 46.539632165000057, 38.870609567000031 ], [ 46.540915562000066, 38.871426141000029 ], [ 46.541810672000054, 38.872342443000036 ], [ 46.542576767000071, 38.873355055000047 ], [ 46.54526364700007, 38.876099373000045 ], [ 46.546545021000043, 38.877114148000032 ], [ 46.547440996000034, 38.878030393000074 ], [ 46.548466655000027, 38.87884579200005 ], [ 46.551298900000063, 38.879673234000052 ], [ 46.552584664000051, 38.880286901000034 ], [ 46.553609691000077, 38.881201382000029 ], [ 46.554635466000036, 38.882016723000049 ], [ 46.555659104000028, 38.883030322000025 ], [ 46.556555271000036, 38.883946493000053 ], [ 46.55771006100008, 38.884760086000028 ], [ 46.558996686000057, 38.885274551000066 ], [ 46.560542027000054, 38.885690929000077 ], [ 46.562090861000058, 38.885805378000043 ], [ 46.563509937000049, 38.885917038000059 ], [ 46.564927589000035, 38.88612782000007 ], [ 46.566214289000072, 38.886642203000065 ], [ 46.567369230000054, 38.887455697000064 ], [ 46.568395251000027, 38.888270912000053 ], [ 46.56968061300006, 38.888983512000038 ], [ 46.571228809000047, 38.889097848000063 ], [ 46.572903249000035, 38.889512323000076 ], [ 46.574188776000028, 38.890229376000036 ], [ 46.575475614000027, 38.890743654000062 ], [ 46.576628725000035, 38.891759823000029 ], [ 46.577394215000027, 38.892875831000026 ], [ 46.578031982000027, 38.893885431000058 ], [ 46.578619441000058, 38.894665060000079 ], [ 46.579598285000031, 38.895263725000063 ], [ 46.581442458000026, 38.896212350000042 ], [ 46.582823709000081, 38.897140198000045 ], [ 46.582873501000051, 38.897183521000045 ], [ 46.583554305000064, 38.897455513000068 ], [ 46.586388394000039, 38.898282068000071 ], [ 46.590247022000028, 38.900126334000049 ], [ 46.59153415000003, 38.900640427000042 ], [ 46.592948979000028, 38.901256388000036 ], [ 46.594236047000038, 38.901765947000058 ], [ 46.595652304000055, 38.902282736000075 ], [ 46.597069864000048, 38.902695867000034 ], [ 46.598354487000051, 38.903511779000041 ], [ 46.600925754000059, 38.904940790000069 ], [ 46.601692322000076, 38.905952995000064 ], [ 46.602328725000064, 38.907169722000049 ], [ 46.602836621000051, 38.908280082000033 ], [ 46.603343261000077, 38.909494080000059 ], [ 46.603851190000057, 38.910604434000049 ], [ 46.604488875000072, 38.911618389000068 ], [ 46.60576300300005, 38.91384454100006 ], [ 46.607556601000056, 38.915671558000042 ], [ 46.608582298000044, 38.916689155000029 ], [ 46.609607846000074, 38.91760312200006 ], [ 46.610505040000078, 38.918514345000062 ], [ 46.611531360000072, 38.919428283000059 ], [ 46.612558346000071, 38.920243085000038 ], [ 46.613714359000028, 38.921056093000061 ], [ 46.615000777000034, 38.921673555000041 ], [ 46.617835017000061, 38.92270207200005 ], [ 46.619121397000072, 38.923314983000068 ], [ 46.620537631000047, 38.923930582000025 ], [ 46.621564681000052, 38.924740797000027 ], [ 46.622073111000077, 38.925855564000074 ], [ 46.622969848000025, 38.926766694000037 ], [ 46.623478315000057, 38.927881455000033 ], [ 46.624373954000077, 38.928995329000031 ], [ 46.624870090000059, 38.929556577000028 ], [ 46.625724886000057, 38.929981146000046 ], [ 46.626221014000066, 38.93046150300006 ], [ 46.626397733000033, 38.930903546000025 ], [ 46.62642676300004, 38.93092656500005 ], [ 46.627452746000074, 38.931840363000049 ], [ 46.628610454000068, 38.932554079000056 ], [ 46.63118449600006, 38.933779625000057 ], [ 46.632341552000071, 38.934493312000029 ], [ 46.634655340000052, 38.936123396000028 ], [ 46.635682831000054, 38.936937981000028 ], [ 46.636839983000073, 38.937651621000043 ], [ 46.63799655400004, 38.938464374000034 ], [ 46.638894376000053, 38.939375362000078 ], [ 46.639661967000052, 38.940391796000029 ], [ 46.640300333000027, 38.941401030000065 ], [ 46.640549676000035, 38.942613964000032 ], [ 46.640671098000041, 38.94372056800006 ], [ 46.641050822000068, 38.944832551000047 ], [ 46.641689353000061, 38.945846279000079 ], [ 46.642196940000076, 38.947060080000028 ], [ 46.643224082000074, 38.947973718000071 ], [ 46.645797852000044, 38.949401676000036 ], [ 46.647086264000052, 38.949915125000075 ], [ 46.648374106000063, 38.950527684000065 ], [ 46.650950304000048, 38.951554519000069 ], [ 46.652238208000028, 38.95216703400007 ], [ 46.653525657000046, 38.95288316400007 ], [ 46.654553502000056, 38.953693067000074 ], [ 46.655579703000058, 38.954710228000067 ], [ 46.656477958000039, 38.955621069000074 ], [ 46.657633855000029, 38.956537254000068 ], [ 46.658791692000079, 38.957349777000047 ], [ 46.659818579000046, 38.958267773000046 ], [ 46.660846574000061, 38.959077616000059 ], [ 46.661745057000076, 38.959992917000079 ], [ 46.662513097000044, 38.961004681000077 ], [ 46.663280697000062, 38.962120068000047 ], [ 46.663789957000063, 38.963230123000073 ], [ 46.664542406000066, 38.96656232600003 ], [ 46.665051720000065, 38.967672373000028 ], [ 46.665819893000048, 38.968684111000073 ], [ 46.667098124000063, 38.970711259000041 ], [ 46.667996733000052, 38.971622002000061 ], [ 46.668635897000058, 38.972635564000029 ], [ 46.66927452300007, 38.97374824700006 ], [ 46.670811146000062, 38.975771654000027 ], [ 46.673368848000052, 38.979821294000033 ], [ 46.674397420000048, 38.980635509000081 ], [ 46.675555124000027, 38.98144786000006 ], [ 46.678130754000051, 38.982875055000079 ], [ 46.67955020200003, 38.983188019000067 ], [ 46.680709269000033, 38.983901182000068 ], [ 46.681348189000062, 38.985013790000039 ], [ 46.68185718400008, 38.986123762000034 ], [ 46.682755747000044, 38.987138008000045 ], [ 46.684174762000055, 38.987550036000073 ], [ 46.685724704000052, 38.987761923000051 ], [ 46.687145001000033, 38.98807478100008 ], [ 46.688433154000052, 38.988686882000025 ], [ 46.689462026000058, 38.989500956000029 ], [ 46.69036126900005, 38.990416015000051 ], [ 46.690871166000079, 38.991525933000048 ], [ 46.691250704000026, 38.992736854000043 ], [ 46.69137313400006, 38.993847881000079 ], [ 46.690720043000056, 38.994848508000075 ], [ 46.690194505000079, 38.99605452600008 ], [ 46.689541485000063, 38.997059651000029 ], [ 46.688356382000052, 38.998231375000046 ], [ 46.688390084000048, 38.999233015000073 ], [ 46.688109399000041, 39.001178003000064 ], [ 46.68661591700004, 39.001964052000062 ], [ 46.684975464000047, 39.002783267000041 ], [ 46.683645867000052, 39.003765181000063 ], [ 46.683565616000067, 39.003833705000034 ], [ 46.683082047000028, 39.005084322000073 ], [ 46.68331243800003, 39.006642310000075 ], [ 46.684815989000072, 39.00788916700003 ], [ 46.684996477000027, 39.007932563000054 ], [ 46.686216386000069, 39.008180277000065 ], [ 46.686489610000081, 39.008283437000046 ], [ 46.687339499000075, 39.009012202000065 ], [ 46.688951241000041, 39.010747312000035 ], [ 46.690463889000057, 39.012007345000029 ], [ 46.69135721300006, 39.013980442000047 ], [ 46.692658129000051, 39.015533054000059 ], [ 46.693879529000071, 39.016479917000026 ], [ 46.694582794000041, 39.017471116000024 ], [ 46.69511297400004, 39.01775093100008 ], [ 46.696525442000052, 39.017430177000051 ], [ 46.698289073000069, 39.016859374000035 ], [ 46.699751245000073, 39.016392053000061 ], [ 46.70151538600004, 39.016055467000058 ], [ 46.702977719000046, 39.015957534000052 ], [ 46.704612305000069, 39.015487635000056 ], [ 46.706203355000071, 39.014919235000036 ], [ 46.707536877000052, 39.014449194000065 ], [ 46.709171542000036, 39.014015273000041 ], [ 46.710633801000029, 39.01364693000005 ], [ 46.712096208000048, 39.013075832000027 ], [ 46.713558472000045, 39.012738990000059 ], [ 46.716483634000042, 39.012272483000061 ], [ 46.718418396000061, 39.012640454000064 ], [ 46.719880289000059, 39.01321359800005 ], [ 46.721040599000048, 39.013881279000032 ], [ 46.722072504000039, 39.014789621000034 ], [ 46.723010591000047, 39.015947684000025 ], [ 46.724823119000064, 39.016544529000043 ], [ 46.72675745500004, 39.017128283000034 ], [ 46.727000359000044, 39.017173100000036 ], [ 46.728791095000076, 39.017397740000035 ], [ 46.729262462000065, 39.01739341900003 ], [ 46.731093722000026, 39.017216321000035 ], [ 46.731305469000063, 39.017214381000031 ], [ 46.732517195000071, 39.017078667000078 ], [ 46.73272243100007, 39.017076787000065 ], [ 46.733548170000063, 39.017245027000058 ], [ 46.734448908000047, 39.017480384000066 ], [ 46.736049435000041, 39.018283404000044 ], [ 46.737022207000052, 39.018940787000076 ], [ 46.738317822000056, 39.020173412000076 ], [ 46.739398870000059, 39.021577026000045 ], [ 46.741580672000055, 39.023535632000062 ], [ 46.743060674000048, 39.024782333000076 ], [ 46.744129787000077, 39.025611050000066 ], [ 46.744691580000051, 39.025698489000035 ], [ 46.746283041000027, 39.025796310000032 ], [ 46.747917634000032, 39.026267396000037 ], [ 46.748458995000078, 39.026381926000056 ], [ 46.748594056000059, 39.026369780000039 ], [ 46.74974857400008, 39.02596365200003 ], [ 46.750471284000071, 39.025876321000055 ], [ 46.751012008000032, 39.026054114000033 ], [ 46.751768542000036, 39.026436567000076 ], [ 46.752389213000072, 39.027158131000078 ], [ 46.752433390000078, 39.027219530000025 ], [ 46.752734358000055, 39.027307890000031 ], [ 46.753939337000077, 39.027979071000061 ], [ 46.754971143000034, 39.028887117000068 ], [ 46.755401451000068, 39.030024964000063 ], [ 46.756132703000048, 39.031302445000051 ], [ 46.757164934000059, 39.032341115000065 ], [ 46.758326734000036, 39.033012900000074 ], [ 46.759358988000031, 39.033817278000072 ], [ 46.760391302000073, 39.034855918000062 ], [ 46.761122657000044, 39.035899093000069 ], [ 46.761725308000052, 39.037137931000075 ], [ 46.761983262000058, 39.038278356000035 ], [ 46.762714974000062, 39.039420629000062 ], [ 46.76271489100003, 39.040695603000074 ], [ 46.762457244000075, 39.041834808000033 ], [ 46.761854849000031, 39.042875603000027 ], [ 46.761424693000038, 39.044251682000038 ], [ 46.760693592000052, 39.04525837400007 ], [ 46.759962276000067, 39.046431756000061 ], [ 46.759231133000071, 39.047438438000029 ], [ 46.759058709000044, 39.048580855000068 ], [ 46.758757722000041, 39.049752242000068 ], [ 46.75875751500007, 39.050995679000039 ], [ 46.75905926400003, 39.052270603000068 ], [ 46.75966134500004, 39.05374372700004 ], [ 46.760694036000075, 39.054552587000046 ], [ 46.761855877000073, 39.05535498100005 ], [ 46.762716715000067, 39.05639618500004 ], [ 46.76319004100003, 39.057537851000063 ], [ 46.763190161000068, 39.058268072000033 ], [ 46.763382847000059, 39.058272883000029 ], [ 46.764743510000073, 39.058042475000036 ], [ 46.765327029000048, 39.05801501600007 ], [ 46.765781466000078, 39.058220962000064 ], [ 46.76604233200004, 39.058474528000033 ], [ 46.766264998000054, 39.058839403000036 ], [ 46.766301822000059, 39.059452696000051 ], [ 46.766093763000072, 39.060419504000038 ], [ 46.765575608000063, 39.061597654000025 ], [ 46.765520425000034, 39.061670951000053 ], [ 46.764841895000075, 39.063366271000064 ], [ 46.764843717000076, 39.063482369000042 ], [ 46.764063375000035, 39.065296777000071 ], [ 46.764300605000074, 39.066762169000071 ], [ 46.764655097000059, 39.067264908000027 ], [ 46.765214467000078, 39.068405261000066 ], [ 46.765721110000072, 39.069363286000055 ], [ 46.765746339000032, 39.069389098000045 ], [ 46.767450239000027, 39.070575719000033 ], [ 46.76935256400003, 39.070929155000044 ], [ 46.772557670000026, 39.070982983000079 ], [ 46.774039755000047, 39.070994211000027 ], [ 46.775249904000077, 39.071472472000039 ], [ 46.77771339700007, 39.073688945000072 ], [ 46.782676283000058, 39.07662769500007 ], [ 46.785333876000038, 39.077310658000044 ], [ 46.787618995000059, 39.077692403000071 ], [ 46.789427930000045, 39.078883081000072 ], [ 46.790481230000069, 39.080765198000051 ], [ 46.791520433000073, 39.083595281000044 ], [ 46.791934839000078, 39.086365246000071 ], [ 46.792266200000029, 39.088468013000067 ], [ 46.793188581000038, 39.089777124000079 ], [ 46.794513127000073, 39.091707790000044 ], [ 46.795778420000033, 39.092621154000028 ], [ 46.797376296000039, 39.093232527000055 ], [ 46.799616506000064, 39.09427876500007 ], [ 46.802003121000041, 39.094870449000041 ], [ 46.803735518000053, 39.09505721000005 ], [ 46.806236667000064, 39.095610005000026 ], [ 46.807435628000064, 39.096136251000075 ], [ 46.808512672000063, 39.096859962000053 ], [ 46.809503434000078, 39.098514034000061 ], [ 46.809956730000067, 39.100210867000044 ], [ 46.810116050000033, 39.10170546300003 ], [ 46.810826864000035, 39.102796448000049 ], [ 46.812473615000044, 39.103632771000036 ], [ 46.814198999000041, 39.104024355000035 ], [ 46.815593801000034, 39.10393117700005 ], [ 46.816423278000059, 39.103742258000068 ], [ 46.816893051000079, 39.103577207000058 ], [ 46.81738991800006, 39.103550247000044 ], [ 46.817834785000059, 39.103664765000076 ], [ 46.81797363000004, 39.103830352000045 ], [ 46.817974382000045, 39.104332283000076 ], [ 46.817714141000067, 39.104993866000029 ], [ 46.817295879000028, 39.105548123000062 ], [ 46.816339976000052, 39.105982452000035 ], [ 46.81510275200003, 39.106807479000054 ], [ 46.814200720000031, 39.10809121300008 ], [ 46.814054362000036, 39.109045496000078 ], [ 46.814840789000073, 39.10984645700006 ], [ 46.815866902000039, 39.110531146000028 ], [ 46.817795322000052, 39.111015354000074 ], [ 46.819646997000063, 39.111070407000057 ], [ 46.820794977000048, 39.111120800000037 ], [ 46.820948070000043, 39.111119385000052 ], [ 46.822192070000028, 39.111229727000079 ], [ 46.822829913000078, 39.111593551000055 ], [ 46.823793945000034, 39.112784734000059 ], [ 46.824574814000073, 39.113963236000075 ], [ 46.826284546000068, 39.115369152000028 ], [ 46.828317325000057, 39.117972805000079 ], [ 46.830186875000038, 39.120321834000038 ], [ 46.832857646000036, 39.121143466000035 ], [ 46.834780633000037, 39.121576 ], [ 46.836612265000042, 39.122704201000033 ], [ 46.838140918000079, 39.123781161000068 ], [ 46.838938746000053, 39.125078411000061 ], [ 46.839801114000068, 39.127113785000063 ], [ 46.840659346000052, 39.129766381000024 ], [ 46.840763234000065, 39.131237584000075 ], [ 46.839435991000073, 39.134874878000062 ], [ 46.838320752000072, 39.136420823000037 ], [ 46.838939416000073, 39.136833699000078 ], [ 46.84023269000005, 39.137736826000037 ], [ 46.841268261000039, 39.138544898000077 ], [ 46.842432401000053, 39.139346423000063 ], [ 46.844795936000025, 39.139831617000027 ], [ 46.84626142500008, 39.140263419000064 ], [ 46.847597763000067, 39.14073329200005 ], [ 46.848933740000064, 39.141437419000056 ], [ 46.850227172000075, 39.142007053000043 ], [ 46.851563347000081, 39.142440841000052 ], [ 46.853028004000066, 39.142340971000067 ], [ 46.854794999000035, 39.142574151000076 ], [ 46.856431772000064, 39.142804873000046 ], [ 46.857896864000054, 39.142804046000037 ], [ 46.85949030200004, 39.142431736000049 ], [ 46.860997873000031, 39.142231969000079 ], [ 46.862462282000081, 39.142095943000072 ], [ 46.864056299000026, 39.141993866000064 ], [ 46.865822191000063, 39.141992631000051 ], [ 46.867287394000073, 39.142325060000076 ], [ 46.86862476400006, 39.14312804900004 ], [ 46.869789131000061, 39.144032910000078 ], [ 46.870695344000069, 39.144937398000025 ], [ 46.871558895000078, 39.145977717000051 ], [ 46.872292955000034, 39.147015605000036 ], [ 46.872637773000065, 39.147607924000056 ], [ 46.872693163000065, 39.147591429000045 ], [ 46.877352686000052, 39.146643446000041 ], [ 46.879552817000047, 39.147622054000067 ], [ 46.879789032000076, 39.147687966000035 ], [ 46.882009983000046, 39.148856915000067 ], [ 46.882185978000052, 39.149027467000053 ], [ 46.885315538000043, 39.151959348000048 ], [ 46.885751762000041, 39.152222551000079 ], [ 46.88889015400008, 39.153209878000041 ], [ 46.895000218000064, 39.155001349000031 ], [ 46.899267364000082, 39.15544810800003 ], [ 46.89959704000006, 39.155444345000035 ], [ 46.899947711000038, 39.155440509000073 ], [ 46.900623116000077, 39.155433497000047 ], [ 46.900948217000064, 39.15539835900006 ], [ 46.901343955000073, 39.155317060000073 ], [ 46.901902138000025, 39.155234688000064 ], [ 46.902492575000053, 39.155085597000038 ], [ 46.903096813000047, 39.154843365000033 ], [ 46.903286047000051, 39.154722642000024 ], [ 46.903704370000071, 39.154493023000043 ], [ 46.904068556000027, 39.154400505000069 ], [ 46.904396932000054, 39.154377467000074 ], [ 46.904646619000061, 39.154374855000071 ], [ 46.904977676000044, 39.15444431800006 ], [ 46.905312484000035, 39.154557896000028 ], [ 46.905615108000063, 39.154640506000078 ], [ 46.905855695000071, 39.15476181400004 ], [ 46.906319179000036, 39.154974809000066 ], [ 46.90667428200004, 39.155095128000028 ], [ 46.907102440000074, 39.155291873000067 ], [ 46.907614283000044, 39.155455336000045 ], [ 46.907918691000077, 39.155530425000052 ], [ 46.908287459000064, 39.155629943000065 ], [ 46.908605686000044, 39.15569363000003 ], [ 46.909084331000031, 39.155876227000078 ], [ 46.909533, 39.15610207800006 ], [ 46.909885240000051, 39.15636119100003 ], [ 46.910019006000027, 39.156510681000043 ], [ 46.910263761000067, 39.156823358000054 ], [ 46.910431749000054, 39.157103531000075 ], [ 46.910529089000079, 39.157440708000024 ], [ 46.910673598000074, 39.157833065000034 ], [ 46.91087342000003, 39.158304076000036 ], [ 46.911006801000042, 39.15865292400008 ], [ 46.911185131000082, 39.159051094000063 ], [ 46.911384928000075, 39.15939803200007 ], [ 46.912044199000036, 39.15954729300006 ], [ 46.913510854000037, 39.160018767000054 ], [ 46.915148348000059, 39.160014384000078 ], [ 46.916613247000043, 39.159913707000044 ], [ 46.91807788400007, 39.159776976000046 ], [ 46.91954264900005, 39.159671760000037 ], [ 46.921179667000047, 39.15943754400007 ], [ 46.922774356000048, 39.159668022000062 ], [ 46.924412895000046, 39.16010048000004 ], [ 46.925878793000038, 39.160567305000029 ], [ 46.927216013000077, 39.161036239000055 ], [ 46.928511018000052, 39.161839230000055 ], [ 46.928769074000058, 39.161948858000073 ], [ 46.929170183000053, 39.161675753000054 ], [ 46.930222860000072, 39.161420333000081 ], [ 46.932310834000077, 39.160979857000029 ], [ 46.93249068800003, 39.160943257000042 ], [ 46.934784144000048, 39.160070424000025 ], [ 46.935268777000033, 39.15907820700005 ], [ 46.935567266000078, 39.157802830000037 ], [ 46.935737023000058, 39.15666023700004 ], [ 46.935862799000063, 39.155522879000046 ], [ 46.936161354000035, 39.154382650000059 ], [ 46.936589215000026, 39.153105119000031 ], [ 46.937620948000074, 39.152195968000058 ], [ 46.93878195700006, 39.151491888000066 ], [ 46.939987183000028, 39.150818596000079 ], [ 46.941580178000038, 39.149755902000038 ], [ 46.942914019000057, 39.149080436000077 ], [ 46.944204318000061, 39.148374146000037 ], [ 46.945105826000031, 39.147232841000061 ], [ 46.945705754000073, 39.146092060000058 ], [ 46.946263015000056, 39.144951990000038 ], [ 46.947164287000078, 39.143909783000026 ], [ 46.948022887000036, 39.142868283000041 ], [ 46.948677150000037, 39.14247258000006 ], [ 46.94876187300008, 39.141850624000028 ], [ 46.948791200000073, 39.141762915000072 ], [ 46.949096041000075, 39.140767124000035 ], [ 46.949498199000061, 39.140308374000028 ], [ 46.949519438000038, 39.140294618000041 ], [ 46.950077883000063, 39.140065008000079 ], [ 46.950650060000044, 39.139946541000029 ], [ 46.951127506000034, 39.139947125000049 ], [ 46.951526108000053, 39.140030460000048 ], [ 46.951905956000076, 39.140105107000068 ], [ 46.952308340000059, 39.140281608000066 ], [ 46.952849856000057, 39.140617457000076 ], [ 46.953665298000033, 39.14087793200008 ], [ 46.954219726000076, 39.140809326000067 ], [ 46.955814079000049, 39.14090871500008 ], [ 46.957754168000065, 39.141376190000074 ], [ 46.959219742000073, 39.141707452000048 ], [ 46.959898716000055, 39.141969304000042 ], [ 46.961370153000075, 39.141768654000032 ], [ 46.962364880000052, 39.141195841000069 ], [ 46.962551443000052, 39.141076287000033 ], [ 46.962658766000061, 39.140976120000062 ], [ 46.962747979000028, 39.140940512000043 ], [ 46.962768647000075, 39.14092961700004 ], [ 46.962799462000078, 39.140935705000061 ], [ 46.962830734000079, 39.140944349000051 ], [ 46.962847379000038, 39.141004912000028 ], [ 46.96291799200003, 39.141150295000045 ], [ 46.962992334000035, 39.141306044000032 ], [ 46.963065943000061, 39.141438852000078 ], [ 46.963115951000077, 39.141532727000026 ], [ 46.963172290000045, 39.141650141000071 ], [ 46.963241923000055, 39.141776317000051 ], [ 46.963339675000043, 39.141976681000074 ], [ 46.963463144000059, 39.142100054000025 ], [ 46.965768677000028, 39.14376997100004 ], [ 46.968310889000065, 39.145082265000042 ], [ 46.97097965200004, 39.146081398000035 ], [ 46.973578931000077, 39.146614570000054 ], [ 46.975636731000066, 39.147166845000072 ], [ 46.977051301000074, 39.147661559000028 ], [ 46.977517086000034, 39.148048188000075 ], [ 46.977940950000061, 39.14867977800003 ], [ 46.978759381000032, 39.149147231000029 ], [ 46.97923813400007, 39.14938576000003 ], [ 46.98223848400005, 39.150396131000036 ], [ 46.984047779000036, 39.150813218000053 ], [ 46.985792122000078, 39.151459207000073 ], [ 46.98853848400006, 39.15312222600005 ], [ 46.989112234000061, 39.153454574000079 ], [ 46.990407705000052, 39.154126219000034 ], [ 46.990785738000056, 39.154376196000044 ], [ 46.991827409000052, 39.154732347000049 ], [ 46.992642371000045, 39.155042987000058 ], [ 46.992841818000045, 39.155326408000064 ], [ 46.99301145000004, 39.155688783000073 ], [ 46.992921176000038, 39.15604197600004 ], [ 46.992526027000054, 39.156582091000075 ], [ 46.992501975000039, 39.156615513000077 ], [ 46.992615297000043, 39.157106831000078 ], [ 46.99279206600005, 39.158347187000061 ], [ 46.992796188000057, 39.159518416000026 ], [ 46.992929685000036, 39.16066040100003 ], [ 46.993407362000028, 39.161900112000069 ], [ 46.993412053000043, 39.163039796000078 ], [ 46.993674559000056, 39.164215612000078 ], [ 46.994281791000049, 39.165353991000075 ], [ 46.99488367400005, 39.166176424000071 ], [ 46.995191465000062, 39.166355410000051 ], [ 46.995997716000034, 39.166919737000057 ], [ 46.996849499000064, 39.167790333000028 ], [ 46.997868059000041, 39.16817689700008 ], [ 46.999041138000052, 39.168486641000072 ], [ 47.000859716000036, 39.168245701000046 ], [ 47.002055015000053, 39.167785099000071 ], [ 47.002832373000047, 39.167305799000076 ], [ 47.003254525000045, 39.16723317800006 ], [ 47.003914268000074, 39.167320698000026 ], [ 47.004592261000028, 39.167473923000045 ], [ 47.005489659000034, 39.16767634100006 ], [ 47.006554588000029, 39.167765755000062 ], [ 47.009430310000027, 39.167562266000061 ], [ 47.012105101000031, 39.167097195000053 ], [ 47.01240875700006, 39.167057364000073 ], [ 47.012515713000028, 39.167022596000038 ], [ 47.013849157000038, 39.16654905300004 ], [ 47.015313096000057, 39.166212892000033 ], [ 47.01695236200004, 39.166544918000056 ], [ 47.018246815000055, 39.167112650000036 ], [ 47.018854395000062, 39.16814727700006 ], [ 47.018926994000026, 39.168283773000041 ], [ 47.019199288000038, 39.168618734000063 ], [ 47.019610870000065, 39.169258232000061 ], [ 47.019932658000073, 39.169963114000041 ], [ 47.02046633100008, 39.170863153000028 ], [ 47.020635904000073, 39.17147372900007 ], [ 47.020616016000076, 39.17153584700003 ], [ 47.020634931000075, 39.171567215000039 ], [ 47.021242117000043, 39.17273698300005 ], [ 47.021979430000044, 39.173877460000028 ], [ 47.022544485000026, 39.17511552700006 ], [ 47.023582641000075, 39.175921905000052 ], [ 47.025457245000041, 39.177469589000054 ], [ 47.02588288100003, 39.177607873000056 ], [ 47.02699449000005, 39.177858282000045 ], [ 47.028590827000073, 39.178321532000041 ], [ 47.02871543100008, 39.178358379000031 ], [ 47.030622880000067, 39.178664833000028 ], [ 47.031958847000055, 39.178969423000069 ], [ 47.032740447000037, 39.179300475000048 ], [ 47.03341178900007, 39.180019406000042 ], [ 47.033948860000066, 39.180963576000067 ], [ 47.034347807000074, 39.181824342000027 ], [ 47.034510733000047, 39.181966407000061 ], [ 47.035549242000059, 39.183002422000072 ], [ 47.037914618000059, 39.184830655000042 ], [ 47.03802461600003, 39.18485589200003 ], [ 47.038383451000072, 39.184832115000063 ], [ 47.03888965200008, 39.184968139000034 ], [ 47.039244609000036, 39.185207401000071 ], [ 47.040598245000069, 39.185960299000044 ], [ 47.042196940000053, 39.186800613000059 ], [ 47.043509400000062, 39.18728969600005 ], [ 47.044733385000029, 39.188255178000077 ], [ 47.046759313000052, 39.190130365000073 ], [ 47.047908592000056, 39.19041715000003 ], [ 47.049247122000054, 39.190983754000058 ], [ 47.05058753600008, 39.191888180000035 ], [ 47.051925994000044, 39.192351140000028 ], [ 47.053222041000026, 39.193022059000043 ], [ 47.054259953000042, 39.193823656000063 ], [ 47.054696148000062, 39.194960216000027 ], [ 47.055304958000079, 39.196233380000081 ], [ 47.055742035000037, 39.19747353300005 ], [ 47.05622108700004, 39.19861383500006 ], [ 47.05648446500004, 39.199753438000073 ], [ 47.056792302000076, 39.201027402000079 ], [ 47.057701613000063, 39.201930345000051 ], [ 47.058266814000035, 39.202970006000044 ], [ 47.058874712000033, 39.204008909000038 ], [ 47.059784813000078, 39.204911821000053 ], [ 47.060651732000053, 39.205946133000054 ], [ 47.061561491000077, 39.206984184000078 ], [ 47.062298770000041, 39.207989242000053 ], [ 47.062864090000062, 39.209028877000037 ], [ 47.063602333000063, 39.210065444000065 ], [ 47.06421004300006, 39.211068281000053 ], [ 47.064819166000063, 39.21224227600004 ], [ 47.064522501000056, 39.21338277600006 ], [ 47.063188557000046, 39.213956019000079 ], [ 47.061724751000042, 39.214396398000076 ], [ 47.060087149000026, 39.214637112000048 ], [ 47.05879688300007, 39.215344679000054 ], [ 47.057462130000033, 39.215917871000045 ], [ 47.056128930000057, 39.216594633000057 ], [ 47.054967376000036, 39.217299886000035 ], [ 47.054368495000062, 39.218310546000055 ], [ 47.054372306000062, 39.219170215000076 ], [ 47.055233116000068, 39.219988430000058 ], [ 47.056160200000079, 39.221281903000033 ], [ 47.05639457500007, 39.222234468000067 ], [ 47.056888814000047, 39.222662855000067 ], [ 47.057927218000032, 39.223464403000037 ], [ 47.058966502000033, 39.224369538000076 ], [ 47.059704135000061, 39.22540613700005 ], [ 47.060140766000075, 39.226547166000046 ], [ 47.060448807000057, 39.227821110000036 ], [ 47.06045391300006, 39.229059871000061 ], [ 47.060158175000026, 39.230335489000026 ], [ 47.059126969000033, 39.23124570300007 ], [ 47.058747164000067, 39.231957080000029 ], [ 47.058837353000058, 39.232135149000044 ], [ 47.05923920500004, 39.233529254000075 ], [ 47.058678281000027, 39.234694447000038 ], [ 47.058003754000026, 39.236236855000072 ], [ 47.057812733000048, 39.236680982000053 ], [ 47.057857840000054, 39.236750616000052 ], [ 47.058595595000043, 39.237787218000051 ], [ 47.05963603400005, 39.238922073000026 ], [ 47.060502466000059, 39.23982574300004 ], [ 47.061113388000081, 39.241202439000062 ], [ 47.061851239000077, 39.242239017000031 ], [ 47.062589976000027, 39.243379186000027 ], [ 47.063456502000065, 39.244282831000078 ], [ 47.064496243000065, 39.245214932000067 ], [ 47.065836827000055, 39.245884906000072 ], [ 47.066843301000063, 39.246111003000067 ], [ 47.066936352000027, 39.246063560000039 ], [ 47.067010737000032, 39.24602188700004 ], [ 47.067123593000076, 39.245969074000072 ], [ 47.067221436000068, 39.245908224000061 ], [ 47.067296378000037, 39.245864623000045 ], [ 47.067382398000063, 39.245818702000065 ], [ 47.067417509000052, 39.245804573000044 ], [ 47.067525716000034, 39.245761007000056 ], [ 47.067635945000063, 39.245720556000038 ], [ 47.067828201000054, 39.245629829000052 ], [ 47.067877343000077, 39.245601237000074 ], [ 47.067932862000077, 39.245584842000028 ], [ 47.068096860000026, 39.245513887000072 ], [ 47.068158992000065, 39.245482206000077 ], [ 47.068282349000071, 39.245443336000051 ], [ 47.068479610000054, 39.245363972000064 ], [ 47.068585330000076, 39.245319003000077 ], [ 47.06869454100007, 39.245289397000079 ], [ 47.068793945000039, 39.245252955000069 ], [ 47.068887842000038, 39.245225230000074 ], [ 47.068976441000075, 39.245192261000057 ], [ 47.069096973000057, 39.245164768000052 ], [ 47.069210889000033, 39.245133835000047 ], [ 47.069304665000061, 39.245115888000043 ], [ 47.069384100000036, 39.245098082000027 ], [ 47.06947509500003, 39.245084138000038 ], [ 47.069570768000062, 39.245063145000074 ], [ 47.069628585000032, 39.245059271000059 ], [ 47.06976809400004, 39.245051963000037 ], [ 47.069896222000068, 39.245050485000036 ], [ 47.070056385000044, 39.245048638000071 ], [ 47.070157532000053, 39.245047471000078 ], [ 47.070292385000073, 39.245045916000038 ], [ 47.070367717000067, 39.245045047000076 ], [ 47.070443365000074, 39.245061701000054 ], [ 47.070593479000081, 39.245100284000046 ], [ 47.070736630000056, 39.245140645000049 ], [ 47.07089638900004, 39.245165917000065 ], [ 47.070927958000027, 39.245174159000044 ], [ 47.070971289000056, 39.24519342800005 ], [ 47.071163557000034, 39.245273502000032 ], [ 47.072088334000057, 39.245718836000037 ], [ 47.072787444000028, 39.246252328000025 ], [ 47.073188515000027, 39.246842881000077 ], [ 47.073894866000046, 39.247776653000074 ], [ 47.074559387000079, 39.248634206000077 ], [ 47.074695366000071, 39.24903082000003 ], [ 47.075431853000055, 39.249746128000027 ], [ 47.076300828000058, 39.251019031000055 ], [ 47.076909228000034, 39.252026283000077 ], [ 47.077346526000042, 39.253198761000078 ], [ 47.077961329000061, 39.255476270000031 ], [ 47.077973032000045, 39.257859145000054 ], [ 47.077849062000041, 39.259032627000067 ], [ 47.077901947000043, 39.259479493000072 ], [ 47.078256022000062, 39.25991842600007 ], [ 47.078892357000029, 39.261350313000037 ], [ 47.079632896000078, 39.262113644000067 ], [ 47.080629471000066, 39.263014831000078 ], [ 47.081539916000054, 39.263917549000041 ], [ 47.082882122000058, 39.264722438000035 ], [ 47.08418103300005, 39.26565422200008 ], [ 47.085521294000046, 39.26622035500003 ], [ 47.087192547000029, 39.266534759000081 ], [ 47.087837942000078, 39.26625810400003 ], [ 47.089476937000029, 39.265471012000035 ], [ 47.090704685000048, 39.265127540000037 ], [ 47.092353512000045, 39.265313555000034 ], [ 47.092859550000071, 39.265558957000053 ], [ 47.093921525000042, 39.266475365000076 ], [ 47.094379512000046, 39.267228504000059 ], [ 47.094691659000034, 39.268502740000031 ], [ 47.094690734000039, 39.268767099000058 ], [ 47.094984852000039, 39.268942542000048 ], [ 47.096454592000043, 39.269375577000062 ], [ 47.097752299000035, 39.269942334000064 ], [ 47.099094353000055, 39.270877675000065 ], [ 47.100005859000078, 39.271780226000033 ], [ 47.101304117000041, 39.272581185000035 ], [ 47.102774253000064, 39.27314477200008 ], [ 47.103563188000066, 39.273579270000027 ], [ 47.104020530000071, 39.273385391000033 ], [ 47.105633871000066, 39.273133527000027 ], [ 47.106768721000037, 39.273126415000036 ], [ 47.107512999000051, 39.273363 ], [ 47.109562081000036, 39.274256692000051 ], [ 47.110839885000075, 39.275574683000059 ], [ 47.111962976000029, 39.278174011000033 ], [ 47.112720277000051, 39.279423418000079 ], [ 47.11381334400005, 39.280268491000072 ], [ 47.115639990000034, 39.280925952000075 ], [ 47.117391614000041, 39.281252154000072 ], [ 47.119188873000041, 39.281053206000024 ], [ 47.120544153000026, 39.280635717000052 ], [ 47.121853777000069, 39.279801545000055 ], [ 47.122494090000032, 39.279079817000024 ], [ 47.122991465000041, 39.278732340000033 ], [ 47.12358121300008, 39.278573812000047 ], [ 47.123967480000033, 39.278585738000061 ], [ 47.124535647000073, 39.278679417000035 ], [ 47.125380492000033, 39.279238898000074 ], [ 47.125744552000072, 39.279789645000051 ], [ 47.125984643000038, 39.280861 ], [ 47.126360731000034, 39.281767735000074 ], [ 47.128135056000076, 39.285137100000043 ], [ 47.128672592000044, 39.286159614000042 ], [ 47.129108501000076, 39.287100921000047 ], [ 47.129243633000044, 39.288036227000077 ], [ 47.129171976000066, 39.289167770000063 ], [ 47.130079207000051, 39.290527381000061 ], [ 47.131385151000075, 39.291566402000058 ], [ 47.132415501000025, 39.29236966700006 ], [ 47.133742864000055, 39.292803505000052 ], [ 47.134803673000079, 39.292906071000061 ], [ 47.135877018000031, 39.29281945200006 ], [ 47.137037641000063, 39.292731271000036 ], [ 47.137866074000044, 39.292858036000041 ], [ 47.138476196000056, 39.293114249000041 ], [ 47.138979108000058, 39.293350897000039 ], [ 47.139171273000045, 39.293745207000029 ], [ 47.139300798000079, 39.294243073000075 ], [ 47.139801338000041, 39.29515155100006 ], [ 47.140479236000033, 39.295949182000072 ], [ 47.141782736000039, 39.296624125000051 ], [ 47.142957305000039, 39.296876614000041 ], [ 47.144234330000074, 39.296822160000033 ], [ 47.144758829000068, 39.296446293000031 ], [ 47.145412457000077, 39.296302980000064 ], [ 47.145704794000039, 39.296368528000073 ], [ 47.14641428200008, 39.296626167000056 ], [ 47.146754367000028, 39.296940256000028 ], [ 47.147119947000078, 39.297349002000033 ], [ 47.147333782000032, 39.298028835000025 ], [ 47.14782335700005, 39.299499102000027 ], [ 47.14919713900008, 39.300864266000076 ], [ 47.150605295000048, 39.301727491000065 ], [ 47.152008720000026, 39.301593807000074 ], [ 47.153477606000081, 39.301823408000075 ], [ 47.155119759000058, 39.302054287000033 ], [ 47.156589387000054, 39.302283835000026 ], [ 47.15793037800006, 39.302713962000041 ], [ 47.159228454000072, 39.303280013000062 ], [ 47.160571418000075, 39.304079465000029 ], [ 47.161614631000077, 39.305217826000046 ], [ 47.162354651000044, 39.306253696000056 ], [ 47.16322537800005, 39.307390742000052 ], [ 47.163835775000052, 39.308429011000044 ], [ 47.164275782000061, 39.309700191000047 ], [ 47.164326772000038, 39.309820856000044 ], [ 47.164878863000069, 39.308801825000046 ], [ 47.165393531000063, 39.308275577000074 ], [ 47.16592324100003, 39.308014904000061 ], [ 47.166203922000079, 39.308030081000027 ], [ 47.167667484000049, 39.30860554700007 ], [ 47.169476299000053, 39.309039723000069 ], [ 47.170963543000028, 39.309515169000065 ], [ 47.172558587000026, 39.310237089000054 ], [ 47.177655380000033, 39.313449256000069 ], [ 47.178711921000058, 39.314412283000024 ], [ 47.179438361000052, 39.314787597000077 ], [ 47.17980710900008, 39.314676380000037 ], [ 47.180968778000079, 39.31396538000007 ], [ 47.182304860000045, 39.313525890000051 ], [ 47.183639804000052, 39.313050367000073 ], [ 47.185236438000061, 39.312808669000049 ], [ 47.18670473800006, 39.312938753000026 ], [ 47.18817578200003, 39.313366082000073 ], [ 47.189519068000038, 39.314066083000057 ], [ 47.190690149000034, 39.314868415000035 ], [ 47.191731176000076, 39.315637147000075 ], [ 47.192945637000037, 39.316434134000076 ], [ 47.194115734000036, 39.317132840000056 ], [ 47.19545736300006, 39.317567021000059 ], [ 47.196926360000077, 39.317692456000032 ], [ 47.198392635000062, 39.317453038000053 ], [ 47.199861164000026, 39.317447806000075 ], [ 47.201501188000066, 39.317340207000029 ], [ 47.203228497000055, 39.317334541000037 ], [ 47.20500125600006, 39.317760447000069 ], [ 47.206343225000069, 39.318226028000026 ], [ 47.207686995000074, 39.319024911000042 ], [ 47.20820715800005, 39.319243610000058 ], [ 47.208576667000045, 39.319089398000074 ], [ 47.209453263000057, 39.319085796000024 ], [ 47.210163822000027, 39.319206304000033 ], [ 47.21112297500008, 39.319329978000042 ], [ 47.212988243000041, 39.31973920400003 ], [ 47.214267982000081, 39.319897553000033 ], [ 47.21505889000008, 39.32030521400003 ], [ 47.215779094000027, 39.32079212900004 ], [ 47.216404466000029, 39.321533410000029 ], [ 47.217100585000026, 39.32233836000006 ], [ 47.219028859000048, 39.323497080000038 ], [ 47.220484508000027, 39.32429982900004 ], [ 47.220939161000047, 39.324656742000059 ], [ 47.221588892000057, 39.324904795000066 ], [ 47.222760272000073, 39.325607687000058 ], [ 47.223802075000037, 39.326407644000028 ], [ 47.224728551000055, 39.327205292000031 ], [ 47.227385869000045, 39.329105006000077 ], [ 47.228101314000071, 39.329807561000052 ], [ 47.228972421000037, 39.330844986000045 ], [ 47.230016016000036, 39.331879098000059 ], [ 47.230930379000029, 39.332884144000047 ], [ 47.232231225000078, 39.333683560000054 ], [ 47.233061027000076, 39.334115387000054 ], [ 47.233545589000073, 39.333911417000024 ], [ 47.234074318000069, 39.333739212000069 ], [ 47.234287123000058, 39.333774922000032 ], [ 47.234532217000037, 39.334065183000064 ], [ 47.235433329000045, 39.335163692000037 ], [ 47.236261517000059, 39.335511666000059 ], [ 47.237192225000058, 39.336405823000064 ], [ 47.238695871000061, 39.336987303000058 ], [ 47.240859645000057, 39.337273438000068 ], [ 47.242490789000044, 39.337307813000052 ], [ 47.243636177000042, 39.337420092000059 ], [ 47.245189999000047, 39.338026228000047 ], [ 47.246203323000032, 39.338828522000028 ], [ 47.246929991000059, 39.33989428700005 ], [ 47.247726613000054, 39.341530011000032 ], [ 47.248551948000056, 39.34316179700005 ], [ 47.250245730000074, 39.343260436000037 ], [ 47.251973760000055, 39.34350629000005 ], [ 47.253128056000037, 39.344357855000055 ], [ 47.254170482000063, 39.345157520000043 ], [ 47.255214805000037, 39.346195888000068 ], [ 47.255956351000066, 39.347199576000037 ], [ 47.256172575000051, 39.347338493000052 ], [ 47.256327807000048, 39.347311479000041 ], [ 47.257281642000066, 39.347445536000066 ], [ 47.258324652000056, 39.34800836800008 ], [ 47.259704388000046, 39.348808740000038 ], [ 47.260778093000056, 39.349514753000051 ], [ 47.261753168000041, 39.350057435000053 ], [ 47.262681292000082, 39.350276824000048 ], [ 47.264335864000032, 39.35073949100007 ], [ 47.265648089000081, 39.35095408400008 ], [ 47.266848705000029, 39.351091113000052 ], [ 47.267745146000038, 39.35141185100008 ], [ 47.268390956000076, 39.351791094000077 ], [ 47.269143236000048, 39.352413927000043 ], [ 47.269934928000055, 39.353425731000073 ], [ 47.27013091200007, 39.353541242000063 ], [ 47.271173666000038, 39.35434074300008 ], [ 47.272088027000052, 39.355273379000039 ], [ 47.273132323000027, 39.356275544000027 ], [ 47.274134180000033, 39.357310061000078 ], [ 47.275048322000032, 39.358211144000052 ], [ 47.276221102000079, 39.359012560000053 ], [ 47.277437402000032, 39.359813111000051 ], [ 47.278609045000053, 39.360510917000056 ], [ 47.279781135000064, 39.36117716800004 ], [ 47.280952824000053, 39.361874948000036 ], [ 47.282296439000049, 39.362438707000081 ], [ 47.283639300000061, 39.362867324000035 ], [ 47.284016847000032, 39.363012259000072 ], [ 47.284431521000045, 39.36312033300004 ], [ 47.285518535000051, 39.363229829000034 ], [ 47.286891652000065, 39.363303439000049 ], [ 47.288347218000069, 39.363457910000079 ], [ 47.289652233000027, 39.363889825000058 ], [ 47.290773878000039, 39.364432771000054 ], [ 47.291602328000067, 39.364889613000059 ], [ 47.293916103000072, 39.36631798600007 ], [ 47.295225311000081, 39.367353882000032 ], [ 47.295617439000068, 39.367787642000053 ], [ 47.296947291000038, 39.368204602000048 ], [ 47.298291150000068, 39.368768168000031 ], [ 47.299765299000057, 39.369432749000055 ], [ 47.30111073900008, 39.370131391000029 ], [ 47.30137843600005, 39.370252002000029 ], [ 47.302021126000056, 39.37021009700004 ], [ 47.303475393000042, 39.36982120600004 ], [ 47.304425485000081, 39.369649014000061 ], [ 47.305746013000032, 39.369354352000073 ], [ 47.306919017000041, 39.369238289000066 ], [ 47.307675265000057, 39.369349858000078 ], [ 47.308669820000034, 39.36965133700005 ], [ 47.309323519000031, 39.369995733000053 ], [ 47.309576158000027, 39.370298658000024 ], [ 47.30972345400005, 39.370610246000069 ], [ 47.309706085000073, 39.371044058000052 ], [ 47.309529517000044, 39.371560012000032 ], [ 47.308890905000055, 39.372400636000066 ], [ 47.30860954700006, 39.372828457000026 ], [ 47.309522881000078, 39.373644971000033 ], [ 47.310569388000033, 39.374777380000069 ], [ 47.311312863000069, 39.375915801000076 ], [ 47.311926786000072, 39.376953186000037 ], [ 47.312973532000058, 39.378090071000031 ], [ 47.313077741000029, 39.378225601000054 ], [ 47.313910934000035, 39.378459444000043 ], [ 47.314761453000074, 39.378764151000041 ], [ 47.315656729000068, 39.378938110000036 ], [ 47.31652383900007, 39.379059326000061 ], [ 47.317597805000048, 39.379048404000059 ], [ 47.318430736000039, 39.379164851000041 ], [ 47.319188280000049, 39.379538001000071 ], [ 47.31954720300007, 39.379860360000066 ], [ 47.319737714000041, 39.380357404000051 ], [ 47.319646166000041, 39.380899285000055 ], [ 47.319194123000045, 39.383255876000078 ], [ 47.321408632000043, 39.384219518000066 ], [ 47.323191206000047, 39.385481262000042 ], [ 47.324661997000078, 39.385677104000024 ], [ 47.325377017000051, 39.386100357000032 ], [ 47.325813951000043, 39.386035504000063 ], [ 47.326292962000025, 39.386022680000053 ], [ 47.326449729000046, 39.386327197000071 ], [ 47.329800472000045, 39.391598133000059 ], [ 47.329941004000034, 39.391776576000041 ], [ 47.33003099900003, 39.391853636000064 ], [ 47.33138122500003, 39.393087874000059 ], [ 47.332557223000038, 39.394122882000033 ], [ 47.333601288000068, 39.394921779000072 ], [ 47.334818859000052, 39.395721687000048 ], [ 47.335822194000059, 39.396755623000047 ], [ 47.336566172000062, 39.397889358000043 ], [ 47.337051980000069, 39.39902827700007 ], [ 47.337494694000043, 39.400267162000034 ], [ 47.338109230000043, 39.401304386000049 ], [ 47.339282162000075, 39.402001537000046 ], [ 47.340457540000045, 39.402901334000035 ], [ 47.34137402600004, 39.40393696700005 ], [ 47.342247265000026, 39.40493742600006 ], [ 47.342863949000048, 39.406208820000074 ], [ 47.34373813600007, 39.40734438700008 ], [ 47.345207305000031, 39.407238186000029 ], [ 47.34697860600005, 39.407094336000057 ], [ 47.348491284000033, 39.406987215000072 ], [ 47.35156027000005, 39.406970235000074 ], [ 47.353158381000071, 39.408000994000076 ], [ 47.354523438000058, 39.409567994000042 ], [ 47.355439786000034, 39.410504413000069 ], [ 47.356053468000027, 39.41150551800007 ], [ 47.356063531000075, 39.412644981000028 ], [ 47.355902593000053, 39.413923048000072 ], [ 47.356085457000063, 39.415063513000064 ], [ 47.356528956000034, 39.416333835000046 ], [ 47.356972862000077, 39.417572614000051 ], [ 47.357156528000075, 39.418843695000078 ], [ 47.357175722000079, 39.418931831000066 ], [ 47.35819893300004, 39.419388367000067 ], [ 47.360495978000074, 39.420207030000029 ], [ 47.361962420000054, 39.421699779000051 ], [ 47.363882832000058, 39.424029631000053 ], [ 47.367674954000051, 39.422382303000063 ], [ 47.37336854800003, 39.41972111900003 ], [ 47.379931999000064, 39.416028322000045 ], [ 47.385890259000064, 39.410960164000073 ] ] ] ] } }
]
}
